"id","ID","start","end"
1,"PARMJA",479,479
2,"PAVYDR",423,423
3,"PAUXAB",268,268
4,"PAVXTB",505,505
5,"PAUHTB",465,465
6,"PARGFL",465,465
7,"PARHBI",505,505
8,"PARHES",425,425
9,"PARHLS",465,465
10,"PARIZN",689,689
11,"PARJAY",479,479
12,"PARJNX",465,465
13,"PARJSM",465,465
14,"PARJXW",689,689
15,"PARJXW",465,465
16,"PARKLK",479,479
17,"PARLGK",465,465
18,"PARLIB",423,423
19,"PARMFF",479,479
20,"PARMFF",222,222
21,"PARMIA",479,479
22,"PARMIA",465,465
23,"PARMMV",505,505
24,"PARMMV",479,479
25,"PARMRF",441,441
26,"PARPUL",505,505
27,"PARPUL",465,465
28,"PARSNX",505,505
29,"PARVMR",505,505
30,"PARVSC",505,505
31,"PARWMF",505,505
32,"PARWMF",465,465
33,"PARWTI",689,689
34,"PARXFY",465,465
35,"PARXVS",465,465
36,"PARYHC",505,505
37,"PASFKA",479,479
38,"PASGKL",437,437
39,"PASGUH",689,689
40,"PASGUH",465,465
41,"PASGUX",505,505
42,"PASHNK",423,423
43,"PASHXL",465,465
44,"PASIIY",689,689
45,"PASJFJ",465,465
46,"PASJLN",689,689
47,"PASKIC",479,479
48,"PASKRN",465,465
49,"PASKVH",465,465
50,"PASKVH",465,465
51,"PASKWG",564,564
52,"PASKWG",505,505
53,"PASKXA",479,479
54,"PASLPH",465,465
55,"PASNNM",465,465
56,"PASPBU",465,465
57,"PASPBU",465,465
58,"PASPNW",479,479
59,"PASPPN",479,479
60,"PASRTM",385,385
61,"PASRUK",465,465
62,"PASSEF",465,465
63,"PASSEF",48,48
64,"PASTLI",465,465
65,"PASTPT",465,465
66,"PASTPT",465,465
67,"PASUSV",479,479
68,"PASVIN",465,465
69,"PASVRC",465,465
70,"PASVYP",465,465
71,"PASVZJ",465,465
72,"PASWBJ",611,611
73,"PASWNU",670,670
74,"PASWNU",505,505
75,"PASWNU",278,278
76,"PASWSR",479,479
77,"PASXIL",479,479
78,"PASXSI",465,465
79,"PASYHN",479,479
80,"PASZAY",479,479
81,"PATADU",479,479
82,"PATALJ",423,423
83,"PATAUC",465,465
84,"PATAUZ",465,465
85,"PATBPY",465,465
86,"PATCDZ",479,479
87,"PATCTL",505,505
88,"PATCZN",423,423
89,"PATDBC",479,479
90,"PATDBC",393,393
91,"PATDBU",465,465
92,"PATDBU",465,465
93,"PATDDZ",505,505
94,"PATDFE",505,505
95,"PATEAK",689,689
96,"PATEAK",689,689
97,"PATEAK",465,465
98,"PATEBX",465,465
99,"PATFVG",465,465
100,"PATGMP",479,479
101,"PATGVX",479,479
102,"PATHFE",479,479
103,"PATHSL",278,278
104,"PATIHV",479,479
105,"PATISS",441,441
106,"PATITY",479,479
107,"PATJBC",465,465
108,"PATJRX",479,479
109,"PATJRX",465,465
110,"PATJZK",465,465
111,"PATKGP",480,480
112,"PATKGP",465,465
113,"PATKHZ",689,689
114,"PATKHZ",479,479
115,"PATKNX",505,505
116,"PATKRF",465,465
117,"PATLGU",465,465
118,"PATLNS",465,465
119,"PATMPM",465,465
120,"PATMVH",465,465
121,"PATRFD",465,465
122,"PATRGV",526,526
123,"PATRGV",505,505
124,"PATRNH",465,465
125,"PATSEZ",465,465
126,"PATTHM",564,564
127,"PATUDM",479,479
128,"PATUDM",465,465
129,"PATUDM",465,465
130,"PATVTZ",503,503
131,"PATWIJ",479,479
132,"PATXAL",479,479
133,"PATXTC",505,505
134,"PATYMP",479,479
135,"PATYMP",465,465
136,"PATZSL",465,465
137,"PATZYE",689,689
138,"PATZYE",465,465
139,"PAUAMR",465,465
140,"PAUAVW",465,465
141,"PAUBGT",505,505
142,"PAUBGT",505,505
143,"PAUBLL",465,465
144,"PAUCWP",465,465
145,"PAUEFT",479,479
146,"PAUEUC",465,465
147,"PAUEZV",423,423
148,"PAUGAP",465,465
149,"PAUGDZ",673,673
150,"PAUGEJ",689,689
151,"PAUGLK",465,465
152,"PAUHDN",465,465
153,"PAUHHF",465,465
154,"PAUIGD",465,465
155,"PAUIMK",465,465
156,"PAUIXW",465,465
157,"PAUIXW",423,423
158,"PAUJRU",479,479
159,"PAUJVL",465,465
160,"PAUKIF",689,689
161,"PAUKMA",385,385
162,"PAUKTD",689,689
163,"PAULGR",465,465
164,"PAULGX",465,465
165,"PAULIU",465,465
166,"PAUMKW",321,321
167,"PAUMNE",479,479
168,"PAUMNE",220,220
169,"PAUMVW",479,479
170,"PAUPFF",689,689
171,"PAURCM",689,689
172,"PAURGS",505,505
173,"PAURGS",479,479
174,"PAURSX",544,544
175,"PAURSX",505,505
176,"PAURTD",465,465
177,"PAUSIS",479,479
178,"PAUSIS",465,465
179,"PAUTBM",465,465
180,"PAUTLJ",465,465
181,"PAUTRX",505,505
182,"PAUTRX",422,422
183,"PAUTSB",611,611
184,"PAUTSB",423,423
185,"PAUTSB",13,13
186,"PAUTWN",564,564
187,"PAUTWN",465,465
188,"PAUVTP",689,689
189,"PAUVTP",465,465
190,"PAUVZI",465,465
191,"PAUXKE",465,465
192,"PAUXRV",465,465
193,"PAUXSD",479,479
194,"PAUYFW",224,224
195,"PAUYJF",479,479
196,"PAUYMH",465,465
197,"PAUZHK",465,465
198,"PAUZZA",465,465
199,"PAVAWP",689,689
200,"PAVBAW",465,465
201,"PAVBPR",465,465
202,"PAVCRK",505,505
203,"PAVCRK",465,465
204,"PAVCYV",479,479
205,"PAVCYV",465,465
206,"PAVCYV",13,13
207,"PAVEUZ",689,689
208,"PAVEUZ",505,505
209,"PAVFHF",505,505
210,"PAVFWF",479,479
211,"PAVFXU",465,465
212,"PAVJBF",505,505
213,"PAVJHG",465,465
214,"PAVJJK",465,465
215,"PAVJJU",465,465
216,"PAVJLJ",658,658
217,"PAVJLJ",505,505
218,"PAVJLJ",437,437
219,"PAVJLJ",242,242
220,"PAVJNX",505,505
221,"PAVKWV",465,465
222,"PAVLCX",479,479
223,"PAVLMX",465,465
224,"PAVLMY",505,505
225,"PAVLMY",317,317
226,"PAVMPB",465,465
227,"PAVMZJ",425,425
228,"PAVNDL",465,465
229,"PAVNWE",479,479
230,"PAVPCZ",465,465
231,"PAVPLD",479,479
232,"PAVPLN",505,505
233,"PAVRAP",479,479
234,"PAVRDC",479,479
235,"PAVRLH",479,479
236,"PAVRLN",463,463
237,"PAVRLN",441,441
238,"PAVRTX",505,505
239,"PAVRWC",479,479
240,"PAVSHE",465,465
241,"PAVUFK",423,423
242,"PAVUTN",689,689
243,"PAVUVZ",465,465
244,"PAVVDS",689,689
245,"PAVVEI",465,465
246,"PAVVHL",465,465
247,"PAVVVF",505,505
248,"PAVWDF",465,465
249,"PAVWWF",479,479
250,"PAVXBS",465,465
251,"PAVXPD",465,465
252,"PAVXYS",465,465
253,"PAVXYS",465,465
254,"PAVYTZ",465,465
255,"PAVZJI",465,465
256,"PAVZKL",689,689
257,"PAVZLS",689,689
258,"PAWAIH",465,465
259,"PAWAMR",465,465
260,"PAWAMT",465,465
261,"PAWAMT",423,423
262,"PAWAMT",422,422
263,"PAWDMI",465,465
264,"PAWETD",505,505
265,"PAWFRE",556,556
266,"PAWFYE",441,441
267,"PAWGHS",465,465
268,"PAWGPI",465,465
269,"PAWGWC",479,479
270,"PAWGXI",423,423
271,"PAWGXW",465,465
272,"PAWGYU",465,465
273,"PAWHGU",465,465
274,"PAWHIG",477,477
275,"PAWHIG",465,465
276,"PAWHRW",505,505
277,"PAWIPA",465,465
278,"PAWIWN",505,505
279,"PAWIWN",465,465
280,"PAWIXS",505,505
281,"PAWJJC",479,479
282,"PAWJKL",477,477
283,"PAWJKX",479,479
284,"PAWJVB",465,465
285,"PAWKAN",465,465
286,"PAWKKF",425,425
287,"PAWKSC",465,465
288,"PAWKYL",479,479
289,"PAWKZX",505,505
290,"PAWKZZ",465,465
291,"PAWLFC",465,465
292,"PAWLYX",423,423
293,"PAREDN",465,465
294,"PARMED",479,479
295,"PARMED",444,444
296,"PARPYK",465,465
297,"PARRJR",479,479
298,"PARTFR",689,689
299,"PASGMR",426,426
300,"PASHYJ",465,465
301,"PASVVA",505,505
302,"PASXFB",465,465
303,"PATDTL",505,505
304,"PATJCZ",479,479
305,"PATXTA",419,419
306,"PATXTY",505,505
307,"PAUBBJ",505,505
308,"PAUBGA",465,465
309,"PAUCIB",689,689
310,"PAUCIB",505,505
311,"PAUCIB",479,479
312,"PAUFGV",670,670
313,"PAUIEM",479,479
314,"PAUISV",465,465
315,"PAVNSM",465,465
316,"PAWEUB",278,278
317,"PAWKXN",505,505
318,"PAWLSM",479,479
319,"PAUAZV",505,505
320,"PAUWNU",465,465
321,"PAUIFC",465,465
322,"PAWIGC",479,479
323,"PAUAZV",479,479
324,"PARTUK",689,689
325,"PATHAA",479,479
326,"PASKMG",479,479
