"event_id","subject_id","cna_type","chrom","genomic_start","genomic_end","input_row","width_bp","coding_overlap_bp","coding_fraction","n_affected_exons","affected_exon_orders","affected_transcript_exon_ranks","affected_exon_ids","exon_start","exon_end","n_coding_residues","residue_fraction_exon_proxy","complete_structural_mapping","structurally_localizable","localization_class","covers_ge_50pct","covers_ge_75pct","covers_ge_90pct","covers_100pct"
"CNA_event_000002","PAVZXK","HOMDEL","9",21975801,22008600,2,32800,0,0,0,"","","",,,0,0,FALSE,FALSE,"no_coding_overlap",FALSE,FALSE,FALSE,FALSE
"CNA_event_000009","PAWJIN","HOMDEL","9",21978201,22110000,9,131800,0,0,0,"","","",,,0,0,FALSE,FALSE,"no_coding_overlap",FALSE,FALSE,FALSE,FALSE
"CNA_event_000067","PAURVF","HOMDEL","9",21979401,22496500,67,517100,0,0,0,"","","",,,0,0,FALSE,FALSE,"no_coding_overlap",FALSE,FALSE,FALSE,FALSE
"CNA_event_000073","PAUJNY","HOMDEL","9",21989001,22497800,73,508800,0,0,0,"","","",,,0,0,FALSE,FALSE,"no_coding_overlap",FALSE,FALSE,FALSE,FALSE
"CNA_event_000090","PATSCP","HOMDEL","9",21985001,22472200,90,487200,0,0,0,"","","",,,0,0,FALSE,FALSE,"no_coding_overlap",FALSE,FALSE,FALSE,FALSE
"CNA_event_000120","PASXLT","HOMDEL","9",21984901,22163300,120,178400,0,0,0,"","","",,,0,0,FALSE,FALSE,"no_coding_overlap",FALSE,FALSE,FALSE,FALSE
"CNA_event_000134","PASKVH","HOMDEL","9",21975801,22009500,134,33700,0,0,0,"","","",,,0,0,FALSE,FALSE,"no_coding_overlap",FALSE,FALSE,FALSE,FALSE
"CNA_event_000184","PAUPHP","HOMDEL","9",21973601,21974200,184,600,0,0,0,"","","",,,0,0,FALSE,FALSE,"no_coding_overlap",FALSE,FALSE,FALSE,FALSE
"CNA_event_000237","PAVFDF","HOMDEL","9",21994901,22170000,237,175100,0,0,0,"","","",,,0,0,FALSE,FALSE,"no_coding_overlap",FALSE,FALSE,FALSE,FALSE
"CNA_event_000247","PATJRX","HOMDEL","9",21981201,21998900,247,17700,0,0,0,"","","",,,0,0,FALSE,FALSE,"no_coding_overlap",FALSE,FALSE,FALSE,FALSE
"CNA_event_000259","PAWJKL","HOMDEL","9",21984701,22005800,259,21100,0,0,0,"","","",,,0,0,FALSE,FALSE,"no_coding_overlap",FALSE,FALSE,FALSE,FALSE
"CNA_event_000269","PAWGIT","HOMDEL","9",21993501,22372700,269,379200,0,0,0,"","","",,,0,0,FALSE,FALSE,"no_coding_overlap",FALSE,FALSE,FALSE,FALSE
"CNA_event_000285","PAVXBS","HOMDEL","9",21975801,22003700,285,27900,0,0,0,"","","",,,0,0,FALSE,FALSE,"no_coding_overlap",FALSE,FALSE,FALSE,FALSE
"CNA_event_000287","PAVWWF","HOMDEL","9",21993601,22164600,287,171000,0,0,0,"","","",,,0,0,FALSE,FALSE,"no_coding_overlap",FALSE,FALSE,FALSE,FALSE
"CNA_event_000302","PAVLCX","HOMDEL","9",21975801,22009600,302,33800,0,0,0,"","","",,,0,0,FALSE,FALSE,"no_coding_overlap",FALSE,FALSE,FALSE,FALSE
"CNA_event_000318","PAUZZA","HOMDEL","9",21975701,22009700,318,34000,0,0,0,"","","",,,0,0,FALSE,FALSE,"no_coding_overlap",FALSE,FALSE,FALSE,FALSE
"CNA_event_000332","PAUTIV","HOMDEL","9",21975801,22009500,332,33700,0,0,0,"","","",,,0,0,FALSE,FALSE,"no_coding_overlap",FALSE,FALSE,FALSE,FALSE
"CNA_event_000341","PAULGX","HOMDEL","9",21990201,21996000,341,5800,0,0,0,"","","",,,0,0,FALSE,FALSE,"no_coding_overlap",FALSE,FALSE,FALSE,FALSE
"CNA_event_000349","PAUHDN","HOMDEL","9",21975801,22008300,349,32500,0,0,0,"","","",,,0,0,FALSE,FALSE,"no_coding_overlap",FALSE,FALSE,FALSE,FALSE
"CNA_event_000362","PAUBDM","HOMDEL","9",21975801,22009700,362,33900,0,0,0,"","","",,,0,0,FALSE,FALSE,"no_coding_overlap",FALSE,FALSE,FALSE,FALSE
"CNA_event_000368","PATZXK","HOMDEL","9",21976201,22009700,368,33500,0,0,0,"","","",,,0,0,FALSE,FALSE,"no_coding_overlap",FALSE,FALSE,FALSE,FALSE
"CNA_event_000397","PATDDZ","HOMDEL","9",21989401,21996000,397,6600,0,0,0,"","","",,,0,0,FALSE,FALSE,"no_coding_overlap",FALSE,FALSE,FALSE,FALSE
"CNA_event_000409","PASYSJ","HOMDEL","9",21981101,22008100,409,27000,0,0,0,"","","",,,0,0,FALSE,FALSE,"no_coding_overlap",FALSE,FALSE,FALSE,FALSE
"CNA_event_000423","PASTJN","HOMDEL","9",21993101,22098100,423,105000,0,0,0,"","","",,,0,0,FALSE,FALSE,"no_coding_overlap",FALSE,FALSE,FALSE,FALSE
"CNA_event_000424","PASTCH","HOMDEL","9",21982601,22015300,424,32700,0,0,0,"","","",,,0,0,FALSE,FALSE,"no_coding_overlap",FALSE,FALSE,FALSE,FALSE
"CNA_event_000437","PASIWE","HOMDEL","9",21980201,21996500,437,16300,0,0,0,"","","",,,0,0,FALSE,FALSE,"no_coding_overlap",FALSE,FALSE,FALSE,FALSE
"CNA_event_000452","PARMIH","HOMDEL","9",21975801,22009700,452,33900,0,0,0,"","","",,,0,0,FALSE,FALSE,"no_coding_overlap",FALSE,FALSE,FALSE,FALSE
"CNA_event_000454","PARMIA","HOMDEL","9",21985501,22496500,454,511000,0,0,0,"","","",,,0,0,FALSE,FALSE,"no_coding_overlap",FALSE,FALSE,FALSE,FALSE
"CNA_event_000455","PARLST","HOMDEL","9",21985301,22258700,455,273400,0,0,0,"","","",,,0,0,FALSE,FALSE,"no_coding_overlap",FALSE,FALSE,FALSE,FALSE
"CNA_event_000487","PAVYTZ","HOMDEL","9",21975801,22008300,487,32500,0,0,0,"","","",,,0,0,FALSE,FALSE,"no_coding_overlap",FALSE,FALSE,FALSE,FALSE
"CNA_event_000498","PAVUCS","HOMDEL","9",21994501,22166400,498,171900,0,0,0,"","","",,,0,0,FALSE,FALSE,"no_coding_overlap",FALSE,FALSE,FALSE,FALSE
"CNA_event_000521","PAUZKE","HOMDEL","9",21975801,22008300,521,32500,0,0,0,"","","",,,0,0,FALSE,FALSE,"no_coding_overlap",FALSE,FALSE,FALSE,FALSE
"CNA_event_000560","PATJXW","HOMDEL","9",21977101,22028700,560,51600,0,0,0,"","","",,,0,0,FALSE,FALSE,"no_coding_overlap",FALSE,FALSE,FALSE,FALSE
"CNA_event_000563","PATHSL","HOMDEL","9",21826801,21967800,563,141000,0,0,0,"","","",,,0,0,FALSE,FALSE,"no_coding_overlap",FALSE,FALSE,FALSE,FALSE
"CNA_event_000570","PATENL","HOMDEL","9",21991501,21993800,570,2300,0,0,0,"","","",,,0,0,FALSE,FALSE,"no_coding_overlap",FALSE,FALSE,FALSE,FALSE
"CNA_event_000583","PASVJM","HOMDEL","9",21975301,22037300,583,62000,0,0,0,"","","",,,0,0,FALSE,FALSE,"no_coding_overlap",FALSE,FALSE,FALSE,FALSE
"CNA_event_000615","PAVMYX","HOMDEL","9",21990801,22008300,615,17500,0,0,0,"","","",,,0,0,FALSE,FALSE,"no_coding_overlap",FALSE,FALSE,FALSE,FALSE
"CNA_event_000620","PAUGVW","HOMDEL","9",21980101,23180000,620,1199900,0,0,0,"","","",,,0,0,FALSE,FALSE,"no_coding_overlap",FALSE,FALSE,FALSE,FALSE
"CNA_event_000632","PAWBPD","HOMDEL","9",21983901,21984000,632,100,0,0,0,"","","",,,0,0,FALSE,FALSE,"no_coding_overlap",FALSE,FALSE,FALSE,FALSE
"CNA_event_000633","PAWBPD","HOMDEL","9",21984001,22137900,633,153900,0,0,0,"","","",,,0,0,FALSE,FALSE,"no_coding_overlap",FALSE,FALSE,FALSE,FALSE
"CNA_event_000646","PAULCK","HOMDEL","9",21987301,21996700,646,9400,0,0,0,"","","",,,0,0,FALSE,FALSE,"no_coding_overlap",FALSE,FALSE,FALSE,FALSE
"CNA_event_000739","PAWDHX","HOMDEL","9",21975801,22009600,739,33800,0,0,0,"","","",,,0,0,FALSE,FALSE,"no_coding_overlap",FALSE,FALSE,FALSE,FALSE
"CNA_event_000742","PAVMBP","HOMDEL","9",21975801,22009700,742,33900,0,0,0,"","","",,,0,0,FALSE,FALSE,"no_coding_overlap",FALSE,FALSE,FALSE,FALSE
"CNA_event_000766","PATDTL","HETDEL","9",21979701,21994400,766,14700,0,0,0,"","","",,,0,0,FALSE,FALSE,"no_coding_overlap",FALSE,FALSE,FALSE,FALSE
"CNA_event_000767","PASRSP","HETDEL","9",21981701,21993800,767,12100,0,0,0,"","","",,,0,0,FALSE,FALSE,"no_coding_overlap",FALSE,FALSE,FALSE,FALSE
"CNA_event_000769","PAWJVB","HETDEL","9",21994001,23170600,769,1176600,0,0,0,"","","",,,0,0,FALSE,FALSE,"no_coding_overlap",FALSE,FALSE,FALSE,FALSE
"CNA_event_000770","PAWIEX","HETDEL","9",21976101,22009200,770,33100,0,0,0,"","","",,,0,0,FALSE,FALSE,"no_coding_overlap",FALSE,FALSE,FALSE,FALSE
"CNA_event_000771","PAWHHV","HETDEL","9",21993801,22496400,771,502600,0,0,0,"","","",,,0,0,FALSE,FALSE,"no_coding_overlap",FALSE,FALSE,FALSE,FALSE
"CNA_event_000777","PAVXHH","HETDEL","9",21987101,22496500,777,509400,0,0,0,"","","",,,0,0,FALSE,FALSE,"no_coding_overlap",FALSE,FALSE,FALSE,FALSE
"CNA_event_000786","PAUIXW","HETDEL","9",21994401,22200100,786,205700,0,0,0,"","","",,,0,0,FALSE,FALSE,"no_coding_overlap",FALSE,FALSE,FALSE,FALSE
"CNA_event_000794","PATKTY","HETDEL","9",21519401,21967400,794,448000,0,0,0,"","","",,,0,0,FALSE,FALSE,"no_coding_overlap",FALSE,FALSE,FALSE,FALSE
"CNA_event_000798","PATGVX","HETDEL","9",21982901,22118600,798,135700,0,0,0,"","","",,,0,0,FALSE,FALSE,"no_coding_overlap",FALSE,FALSE,FALSE,FALSE
"CNA_event_000801","PASXFB","HETDEL","9",21993101,22313300,801,320200,0,0,0,"","","",,,0,0,FALSE,FALSE,"no_coding_overlap",FALSE,FALSE,FALSE,FALSE
"CNA_event_000802","PASTZP","HETDEL","9",21982101,22303700,802,321600,0,0,0,"","","",,,0,0,FALSE,FALSE,"no_coding_overlap",FALSE,FALSE,FALSE,FALSE
"CNA_event_000805","PASJLN","HETDEL","9",21993801,22304600,805,310800,0,0,0,"","","",,,0,0,FALSE,FALSE,"no_coding_overlap",FALSE,FALSE,FALSE,FALSE
"CNA_event_000808","PARMNL","HETDEL","9",21933801,21967900,808,34100,0,0,0,"","","",,,0,0,FALSE,FALSE,"no_coding_overlap",FALSE,FALSE,FALSE,FALSE
"CNA_event_000813","PAWLPU","HETDEL","9",21993901,21995700,813,1800,0,0,0,"","","",,,0,0,FALSE,FALSE,"no_coding_overlap",FALSE,FALSE,FALSE,FALSE
"CNA_event_000814","PAWEND","HETDEL","9",21993801,22496300,814,502500,0,0,0,"","","",,,0,0,FALSE,FALSE,"no_coding_overlap",FALSE,FALSE,FALSE,FALSE
"CNA_event_000821","PATRXL","HETDEL","9",21994401,29092500,821,7098100,0,0,0,"","","",,,0,0,FALSE,FALSE,"no_coding_overlap",FALSE,FALSE,FALSE,FALSE
"CNA_event_000822","PATFJD","HETDEL","9",21990601,22496500,822,505900,0,0,0,"","","",,,0,0,FALSE,FALSE,"no_coding_overlap",FALSE,FALSE,FALSE,FALSE
"CNA_event_000823","PARXMV","HETDEL","9",21993801,22325200,823,331400,0,0,0,"","","",,,0,0,FALSE,FALSE,"no_coding_overlap",FALSE,FALSE,FALSE,FALSE
"CNA_event_000825","PAWKYL","HETDEL","9",21993801,22495800,825,502000,0,0,0,"","","",,,0,0,FALSE,FALSE,"no_coding_overlap",FALSE,FALSE,FALSE,FALSE
"CNA_event_000826","PAWKLD","HETDEL","9",21983901,22089800,826,105900,0,0,0,"","","",,,0,0,FALSE,FALSE,"no_coding_overlap",FALSE,FALSE,FALSE,FALSE
"CNA_event_000829","PAWEYS","HETDEL","9",21993801,22497500,829,503700,0,0,0,"","","",,,0,0,FALSE,FALSE,"no_coding_overlap",FALSE,FALSE,FALSE,FALSE
"CNA_event_000831","PAVPCZ","HETDEL","9",21993801,65052000,831,43058200,0,0,0,"","","",,,0,0,FALSE,FALSE,"no_coding_overlap",FALSE,FALSE,FALSE,FALSE
"CNA_event_000832","PAVHAA","HETDEL","9",21993601,22618600,832,625000,0,0,0,"","","",,,0,0,FALSE,FALSE,"no_coding_overlap",FALSE,FALSE,FALSE,FALSE
"CNA_event_000835","PATYCH","HETDEL","9",21993401,22496600,835,503200,0,0,0,"","","",,,0,0,FALSE,FALSE,"no_coding_overlap",FALSE,FALSE,FALSE,FALSE
"CNA_event_000850","PAWDMI","HETDEL","9",21993801,23362800,850,1369000,0,0,0,"","","",,,0,0,FALSE,FALSE,"no_coding_overlap",FALSE,FALSE,FALSE,FALSE
"CNA_event_000851","PAWBTV","HETDEL","9",21993801,22497000,851,503200,0,0,0,"","","",,,0,0,FALSE,FALSE,"no_coding_overlap",FALSE,FALSE,FALSE,FALSE
"CNA_event_000856","PAVYGR","HETDEL","9",21995001,22008300,856,13300,0,0,0,"","","",,,0,0,FALSE,FALSE,"no_coding_overlap",FALSE,FALSE,FALSE,FALSE
"CNA_event_000861","PAVMZJ","HETDEL","9",21975301,22855400,861,880100,0,0,0,"","","",,,0,0,FALSE,FALSE,"no_coding_overlap",FALSE,FALSE,FALSE,FALSE
"CNA_event_000866","PAVESF","HETDEL","9",21991501,22496400,866,504900,0,0,0,"","","",,,0,0,FALSE,FALSE,"no_coding_overlap",FALSE,FALSE,FALSE,FALSE
"CNA_event_000874","PAUVTP","HETDEL","9",21979201,23362800,874,1383600,0,0,0,"","","",,,0,0,FALSE,FALSE,"no_coding_overlap",FALSE,FALSE,FALSE,FALSE
"CNA_event_000878","PAUPLV","HETDEL","9",21985701,22008200,878,22500,0,0,0,"","","",,,0,0,FALSE,FALSE,"no_coding_overlap",FALSE,FALSE,FALSE,FALSE
"CNA_event_000882","PAUJXZ","HETDEL","9",21993801,22360300,882,366500,0,0,0,"","","",,,0,0,FALSE,FALSE,"no_coding_overlap",FALSE,FALSE,FALSE,FALSE
"CNA_event_000883","PAUIFA","HETDEL","9",21988001,22089800,883,101800,0,0,0,"","","",,,0,0,FALSE,FALSE,"no_coding_overlap",FALSE,FALSE,FALSE,FALSE
"CNA_event_000884","PAUFFN","HETDEL","9",21993001,40846200,884,18853200,0,0,0,"","","",,,0,0,FALSE,FALSE,"no_coding_overlap",FALSE,FALSE,FALSE,FALSE
"CNA_event_000885","PAUCFC","HETDEL","9",21975801,22009700,885,33900,0,0,0,"","","",,,0,0,FALSE,FALSE,"no_coding_overlap",FALSE,FALSE,FALSE,FALSE
"CNA_event_000890","PATZSL","HETDEL","9",21994401,23362700,890,1368300,0,0,0,"","","",,,0,0,FALSE,FALSE,"no_coding_overlap",FALSE,FALSE,FALSE,FALSE
"CNA_event_000893","PATVTZ","HETDEL","9",21980101,22011900,893,31800,0,0,0,"","","",,,0,0,FALSE,FALSE,"no_coding_overlap",FALSE,FALSE,FALSE,FALSE
"CNA_event_000894","PATVDU","HETDEL","9",21993801,27229200,894,5235400,0,0,0,"","","",,,0,0,FALSE,FALSE,"no_coding_overlap",FALSE,FALSE,FALSE,FALSE
"CNA_event_000896","PATSDS","HETDEL","9",21993801,23362800,896,1369000,0,0,0,"","","",,,0,0,FALSE,FALSE,"no_coding_overlap",FALSE,FALSE,FALSE,FALSE
"CNA_event_000899","PATLPN","HETDEL","9",21992801,22110800,899,118000,0,0,0,"","","",,,0,0,FALSE,FALSE,"no_coding_overlap",FALSE,FALSE,FALSE,FALSE
"CNA_event_000905","PASWED","HETDEL","9",21993801,37335200,905,15341400,0,0,0,"","","",,,0,0,FALSE,FALSE,"no_coding_overlap",FALSE,FALSE,FALSE,FALSE
"CNA_event_000913","PASPBU","HETDEL","9",21982001,34231800,913,12249800,0,0,0,"","","",,,0,0,FALSE,FALSE,"no_coding_overlap",FALSE,FALSE,FALSE,FALSE
"CNA_event_000917","PASFKA","HETDEL","9",21993801,21994200,917,400,0,0,0,"","","",,,0,0,FALSE,FALSE,"no_coding_overlap",FALSE,FALSE,FALSE,FALSE
"CNA_event_000918","PASFKA","HETDEL","9",21994201,28175100,918,6180900,0,0,0,"","","",,,0,0,FALSE,FALSE,"no_coding_overlap",FALSE,FALSE,FALSE,FALSE
"CNA_event_000922","PARLHD","HETDEL","9",21995101,39588800,922,17593700,0,0,0,"","","",,,0,0,FALSE,FALSE,"no_coding_overlap",FALSE,FALSE,FALSE,FALSE
"CNA_event_000925","PAWIRN","HETDEL","9",21993801,28440500,925,6446700,0,0,0,"","","",,,0,0,FALSE,FALSE,"no_coding_overlap",FALSE,FALSE,FALSE,FALSE
"CNA_event_000926","PAWAYT","HETDEL","9",21975101,29896800,926,7921700,0,0,0,"","","",,,0,0,FALSE,FALSE,"no_coding_overlap",FALSE,FALSE,FALSE,FALSE
"CNA_event_000930","PAVFIF","HETDEL","9",21979601,22496600,930,517000,0,0,0,"","","",,,0,0,FALSE,FALSE,"no_coding_overlap",FALSE,FALSE,FALSE,FALSE
"CNA_event_000931","PAVDHU","HETDEL","9",21993801,22279500,931,285700,0,0,0,"","","",,,0,0,FALSE,FALSE,"no_coding_overlap",FALSE,FALSE,FALSE,FALSE
"CNA_event_000932","PAUXYI","HETDEL","9",21981101,21993900,932,12800,0,0,0,"","","",,,0,0,FALSE,FALSE,"no_coding_overlap",FALSE,FALSE,FALSE,FALSE
"CNA_event_000934","PAUWLB","HETDEL","9",21984801,23388200,934,1403400,0,0,0,"","","",,,0,0,FALSE,FALSE,"no_coding_overlap",FALSE,FALSE,FALSE,FALSE
"CNA_event_000938","PAUIRF","HETDEL","9",21991701,23132500,938,1140800,0,0,0,"","","",,,0,0,FALSE,FALSE,"no_coding_overlap",FALSE,FALSE,FALSE,FALSE
"CNA_event_000940","PATPWF","HETDEL","9",21992901,23362600,940,1369700,0,0,0,"","","",,,0,0,FALSE,FALSE,"no_coding_overlap",FALSE,FALSE,FALSE,FALSE
"CNA_event_000941","PATKKV","HETDEL","9",21978401,22496500,941,518100,0,0,0,"","","",,,0,0,FALSE,FALSE,"no_coding_overlap",FALSE,FALSE,FALSE,FALSE
"CNA_event_000942","PATHSL","HETDEL","9",21993401,22061100,942,67700,0,0,0,"","","",,,0,0,FALSE,FALSE,"no_coding_overlap",FALSE,FALSE,FALSE,FALSE
"CNA_event_000947","PASMIC","HETDEL","9",21993801,22496500,947,502700,0,0,0,"","","",,,0,0,FALSE,FALSE,"no_coding_overlap",FALSE,FALSE,FALSE,FALSE
"CNA_event_000948","PASKIC","HETDEL","9",21994201,25117500,948,3123300,0,0,0,"","","",,,0,0,FALSE,FALSE,"no_coding_overlap",FALSE,FALSE,FALSE,FALSE
"CNA_event_000949","PASHZK","HETDEL","9",21993801,22153700,949,159900,0,0,0,"","","",,,0,0,FALSE,FALSE,"no_coding_overlap",FALSE,FALSE,FALSE,FALSE
"CNA_event_000953","PARMKM","HETDEL","9",21993601,22296800,953,303200,0,0,0,"","","",,,0,0,FALSE,FALSE,"no_coding_overlap",FALSE,FALSE,FALSE,FALSE
"CNA_event_000962","PAUPVR","HETDEL","9",21993801,22003400,962,9600,0,0,0,"","","",,,0,0,FALSE,FALSE,"no_coding_overlap",FALSE,FALSE,FALSE,FALSE
"CNA_event_000963","PAUEGE","HETDEL","9",21992801,22006300,963,13500,0,0,0,"","","",,,0,0,FALSE,FALSE,"no_coding_overlap",FALSE,FALSE,FALSE,FALSE
"CNA_event_000965","PAWFWF","HETDEL","9",21993701,22496500,965,502800,0,0,0,"","","",,,0,0,FALSE,FALSE,"no_coding_overlap",FALSE,FALSE,FALSE,FALSE
"CNA_event_000967","PAVVDS","HETDEL","9",21978401,22496500,967,518100,0,0,0,"","","",,,0,0,FALSE,FALSE,"no_coding_overlap",FALSE,FALSE,FALSE,FALSE
"CNA_event_000970","PAVMKN","HETDEL","9",21993801,31882500,970,9888700,0,0,0,"","","",,,0,0,FALSE,FALSE,"no_coding_overlap",FALSE,FALSE,FALSE,FALSE
"CNA_event_000971","PAUUIK","HETDEL","9",21993801,22496300,971,502500,0,0,0,"","","",,,0,0,FALSE,FALSE,"no_coding_overlap",FALSE,FALSE,FALSE,FALSE
"CNA_event_000972","PAUUBG","HETDEL","9",21993801,27656000,972,5662200,0,0,0,"","","",,,0,0,FALSE,FALSE,"no_coding_overlap",FALSE,FALSE,FALSE,FALSE
"CNA_event_000975","PATWYZ","HETDEL","9",21981101,29092500,975,7111400,0,0,0,"","","",,,0,0,FALSE,FALSE,"no_coding_overlap",FALSE,FALSE,FALSE,FALSE
"CNA_event_000976","PATHSV","HETDEL","9",21993801,29092000,976,7098200,0,0,0,"","","",,,0,0,FALSE,FALSE,"no_coding_overlap",FALSE,FALSE,FALSE,FALSE
"CNA_event_000979","PASRMM","HETDEL","9",21993801,22496300,979,502500,0,0,0,"","","",,,0,0,FALSE,FALSE,"no_coding_overlap",FALSE,FALSE,FALSE,FALSE
"CNA_event_000984","PAVBAW","HETDEL","9",21981410,25406781,984,3425372,0,0,0,"","","",,,0,0,FALSE,FALSE,"no_coding_overlap",FALSE,FALSE,FALSE,FALSE
"CNA_event_000987","PAULIU","HETDEL","9",21978401,39589000,987,17610600,0,0,0,"","","",,,0,0,FALSE,FALSE,"no_coding_overlap",FALSE,FALSE,FALSE,FALSE
"CNA_event_000989","PATCGT","HETDEL","9",21983801,29092500,989,7108700,0,0,0,"","","",,,0,0,FALSE,FALSE,"no_coding_overlap",FALSE,FALSE,FALSE,FALSE
"CNA_event_000994","PASRNF","HETDEL","9",21995301,22035200,994,39900,0,0,0,"","","",,,0,0,FALSE,FALSE,"no_coding_overlap",FALSE,FALSE,FALSE,FALSE
"CNA_event_000997","PAWJJL","HETDEL","9",21979201,22018000,997,38800,0,0,0,"","","",,,0,0,FALSE,FALSE,"no_coding_overlap",FALSE,FALSE,FALSE,FALSE
"CNA_event_001000","PATZXL","HETDEL","9",21976801,21983200,1000,6400,0,0,0,"","","",,,0,0,FALSE,FALSE,"no_coding_overlap",FALSE,FALSE,FALSE,FALSE
"CNA_event_001001","PATYYJ","HETDEL","9",21975401,21986700,1001,11300,0,0,0,"","","",,,0,0,FALSE,FALSE,"no_coding_overlap",FALSE,FALSE,FALSE,FALSE
"CNA_event_001006","PATDKT","HETDEL","9",21989601,22041900,1006,52300,0,0,0,"","","",,,0,0,FALSE,FALSE,"no_coding_overlap",FALSE,FALSE,FALSE,FALSE
"CNA_event_001010","PAVCRF","HETDEL","9",21993701,22496500,1010,502800,0,0,0,"","","",,,0,0,FALSE,FALSE,"no_coding_overlap",FALSE,FALSE,FALSE,FALSE
"CNA_event_001013","PAUEYF","HETDEL","9",21988201,22217400,1013,229200,0,0,0,"","","",,,0,0,FALSE,FALSE,"no_coding_overlap",FALSE,FALSE,FALSE,FALSE
"CNA_event_001017","PASRSE","HETDEL","9",21994301,22318000,1017,323700,0,0,0,"","","",,,0,0,FALSE,FALSE,"no_coding_overlap",FALSE,FALSE,FALSE,FALSE
"CNA_event_001021","PAVCMP","HETDEL","9",21978501,36267400,1021,14288900,0,0,0,"","","",,,0,0,FALSE,FALSE,"no_coding_overlap",FALSE,FALSE,FALSE,FALSE
"CNA_event_001029","PAVHAV","HETDEL","9",21994201,22496200,1029,502000,0,0,0,"","","",,,0,0,FALSE,FALSE,"no_coding_overlap",FALSE,FALSE,FALSE,FALSE
