"cluster_id","alteration_type","event_id","subject_id","event_type","detail","coding_fraction"
"SNV_cluster_0001","SNV","5","PARFXJ","SNV","residue 511",NA
"SNV_cluster_0001","SNV","7","PARJSM","SNV","residue 511",NA
"SNV_cluster_0001","SNV","8","PARNPX","SNV","residue 511",NA
"SNV_cluster_0001","SNV","11","PARULB","SNV","residue 511",NA
"SNV_cluster_0001","SNV","13","PARWKM","SNV","residue 511",NA
"SNV_cluster_0001","SNV","15","PARXAH","SNV","residue 511",NA
"SNV_cluster_0001","SNV","3","PARXBR","SNV","residue 511",NA
"SNV_cluster_0001","SNV","16","PASGFH","SNV","residue 511",NA
"SNV_cluster_0001","SNV","18","PASNTZ","SNV","residue 511",NA
"SNV_cluster_0001","SNV","121","PASRLP","SNV","residue 511",NA
"SNV_cluster_0001","SNV","22","PATCGT","SNV","residue 511",NA
"SNV_cluster_0001","SNV","25","PATGLD","SNV","residue 511",NA
"SNV_cluster_0001","SNV","26","PATGXS","SNV","residue 511",NA
"SNV_cluster_0001","SNV","118","PATHNI","SNV","residue 511",NA
"SNV_cluster_0001","SNV","30","PATLHS","SNV","residue 511",NA
"SNV_cluster_0001","SNV","114","PATMXN","SNV","residue 511",NA
"SNV_cluster_0001","SNV","37","PATTXC","SNV","residue 511",NA
"SNV_cluster_0001","SNV","40","PATXSK","SNV","residue 511",NA
"SNV_cluster_0001","SNV","42","PATZYC","SNV","residue 511",NA
"SNV_cluster_0001","SNV","43","PAUBPY","SNV","residue 511",NA
"SNV_cluster_0001","SNV","119","PAUEZX","SNV","residue 511",NA
"SNV_cluster_0001","SNV","46","PAUFZC","SNV","residue 511",NA
"SNV_cluster_0001","SNV","120","PAUIGB","SNV","residue 511",NA
"SNV_cluster_0001","SNV","109","PAUJTE","SNV","residue 511",NA
"SNV_cluster_0001","SNV","49","PAULIU","SNV","residue 511",NA
"SNV_cluster_0001","SNV","51","PAUNVM","SNV","residue 511",NA
"SNV_cluster_0001","SNV","115","PAURIX","SNV","residue 511",NA
"SNV_cluster_0001","SNV","122","PAUSGB","SNV","residue 511",NA
"SNV_cluster_0001","SNV","54","PAUSNZ","SNV","residue 511",NA
"SNV_cluster_0001","SNV","56","PAUUTU","SNV","residue 511",NA
"SNV_cluster_0001","SNV","58","PAUVLV","SNV","residue 511",NA
"SNV_cluster_0001","SNV","59","PAUWNK","SNV","residue 511",NA
"SNV_cluster_0001","SNV","60","PAUXRV","SNV","residue 511",NA
"SNV_cluster_0001","SNV","65","PAVBEJ","SNV","residue 511",NA
"SNV_cluster_0001","SNV","68","PAVFDX","SNV","residue 511",NA
"SNV_cluster_0001","SNV","71","PAVFSN","SNV","residue 511",NA
"SNV_cluster_0001","SNV","73","PAVFWF","SNV","residue 511",NA
"SNV_cluster_0001","SNV","78","PAVKJM","SNV","residue 511",NA
"SNV_cluster_0001","SNV","80","PAVLYI","SNV","residue 511",NA
"SNV_cluster_0001","SNV","82","PAVMKN","SNV","residue 511",NA
"SNV_cluster_0001","SNV","83","PAVRLJ","SNV","residue 511",NA
"SNV_cluster_0001","SNV","85","PAVSEI","SNV","residue 511",NA
"SNV_cluster_0001","SNV","86","PAVTXY","SNV","residue 511",NA
"SNV_cluster_0001","SNV","88","PAVVVF","SNV","residue 511",NA
"SNV_cluster_0001","SNV","2","PAVWMM","SNV","residue 511",NA
"SNV_cluster_0001","SNV","90","PAWAMV","SNV","residue 511",NA
"SNV_cluster_0001","SNV","91","PAWANS","SNV","residue 511",NA
"SNV_cluster_0001","SNV","92","PAWDHX","SNV","residue 511",NA
"SNV_cluster_0001","SNV","102","PAWLGM","SNV","residue 511",NA
"SNV_cluster_0002","SNV","6","PARHES","SNV","residue 573",NA
"SNV_cluster_0002","SNV","14","PARWLB","SNV","residue 573",NA
"SNV_cluster_0002","SNV","21","PATCGT","SNV","residue 573",NA
"SNV_cluster_0002","SNV","23","PATEUW","SNV","residue 573",NA
"SNV_cluster_0002","SNV","106","PATLIL","SNV","residue 573",NA
"SNV_cluster_0002","SNV","39","PATXKY","SNV","residue 573",NA
"SNV_cluster_0002","SNV","103","PAUCVB","SNV","residue 573",NA
"SNV_cluster_0002","SNV","45","PAUEWR","SNV","residue 573",NA
"SNV_cluster_0002","SNV","104","PAUFBJ","SNV","residue 573",NA
"SNV_cluster_0002","SNV","48","PAUIDF","SNV","residue 573",NA
"SNV_cluster_0002","SNV","110","PAURIX","SNV","residue 573",NA
"SNV_cluster_0002","SNV","55","PAUUAV","SNV","residue 573",NA
"SNV_cluster_0002","SNV","57","PAUVLV","SNV","residue 573",NA
"SNV_cluster_0002","SNV","62","PAUYNP","SNV","residue 573",NA
"SNV_cluster_0002","SNV","75","PAVHUL","SNV","residue 573",NA
"SNV_cluster_0002","SNV","111","PAVINC","SNV","residue 573",NA
"SNV_cluster_0002","SNV","79","PAVLGT","SNV","residue 573",NA
"SNV_cluster_0002","SNV","84","PAVRYM","SNV","residue 573",NA
"SNV_cluster_0002","SNV","101","PAWKXT","SNV","residue 573",NA
"SNV_cluster_0003","SNV","9","PARTLX","SNV","residue 657",NA
"SNV_cluster_0003","SNV","10","PARULB","SNV","residue 657",NA
"SNV_cluster_0003","SNV","20","PASWFN","SNV","residue 657",NA
"SNV_cluster_0003","SNV","116","PATCTD","SNV","residue 657",NA
"SNV_cluster_0003","SNV","117","PATHAA","SNV","residue 657",NA
"SNV_cluster_0003","SNV","105","PATLAC","SNV","residue 657",NA
"SNV_cluster_0003","SNV","33","PATMXN","SNV","residue 657",NA
"SNV_cluster_0003","SNV","38","PATUZU","SNV","residue 657",NA
"SNV_cluster_0003","SNV","41","PATZWA","SNV","residue 657",NA
"SNV_cluster_0003","SNV","107","PAUISV","SNV","residue 657",NA
"SNV_cluster_0003","SNV","123","PAUWKJ","SNV","residue 657",NA
"SNV_cluster_0003","SNV","63","PAUYPM","SNV","residue 657",NA
"SNV_cluster_0003","SNV","67","PAVFDX","SNV","residue 657",NA
"SNV_cluster_0003","SNV","70","PAVFIC","SNV","residue 657",NA
"SNV_cluster_0003","SNV","72","PAVFWD","SNV","residue 657",NA
"SNV_cluster_0003","SNV","74","PAVHNX","SNV","residue 657",NA
"SNV_cluster_0003","SNV","112","PAVJFH","SNV","residue 657",NA
"SNV_cluster_0003","SNV","96","PAWGGE","SNV","residue 657",NA
"SNV_cluster_0003","SNV","100","PAWHJR","SNV","residue 657",NA
"SNV_cluster_0004","SNV","4","PARCWP","SNV","residue 674",NA
"SNV_cluster_0004","SNV","19","PASSFA","SNV","residue 674",NA
"SNV_cluster_0004","SNV","27","PATITB","SNV","residue 674",NA
"SNV_cluster_0004","SNV","32","PATMRE","SNV","residue 674",NA
"SNV_cluster_0004","SNV","35","PATTHR","SNV","residue 674",NA
"SNV_cluster_0004","SNV","69","PAVFHW","SNV","residue 674",NA
"SNV_cluster_0005","SNV","12","PARWKM","SNV","residue 857",NA
"SNV_cluster_0005","SNV","113","PASHGM","SNV","residue 857",NA
"SNV_cluster_0005","SNV","34","PATNNF","SNV","residue 857",NA
"SNV_cluster_0005","SNV","76","PAVHUT","SNV","residue 857",NA
"SNV_cluster_0005","SNV","124","PAVPHP","SNV","residue 857",NA
"SNV_cluster_0005","SNV","97","PAWGPI","SNV","residue 857",NA
"SNV_cluster_0005","SNV","99","PAWHHA","SNV","residue 857",NA
"SNV_cluster_0006","SNV","6","PARHES","SNV","residue 573",NA
"SNV_cluster_0006","SNV","14","PARWLB","SNV","residue 573",NA
"SNV_cluster_0006","SNV","21","PATCGT","SNV","residue 573",NA
"SNV_cluster_0006","SNV","23","PATEUW","SNV","residue 573",NA
"SNV_cluster_0006","SNV","106","PATLIL","SNV","residue 573",NA
"SNV_cluster_0006","SNV","39","PATXKY","SNV","residue 573",NA
"SNV_cluster_0006","SNV","103","PAUCVB","SNV","residue 573",NA
"SNV_cluster_0006","SNV","45","PAUEWR","SNV","residue 573",NA
"SNV_cluster_0006","SNV","104","PAUFBJ","SNV","residue 573",NA
"SNV_cluster_0006","SNV","48","PAUIDF","SNV","residue 573",NA
"SNV_cluster_0006","SNV","110","PAURIX","SNV","residue 573",NA
"SNV_cluster_0006","SNV","55","PAUUAV","SNV","residue 573",NA
"SNV_cluster_0006","SNV","57","PAUVLV","SNV","residue 573",NA
"SNV_cluster_0006","SNV","62","PAUYNP","SNV","residue 573",NA
"SNV_cluster_0006","SNV","75","PAVHUL","SNV","residue 573",NA
"SNV_cluster_0006","SNV","111","PAVINC","SNV","residue 573",NA
"SNV_cluster_0006","SNV","79","PAVLGT","SNV","residue 573",NA
"SNV_cluster_0006","SNV","84","PAVRYM","SNV","residue 573",NA
"SNV_cluster_0006","SNV","1","PAVWMM","SNV","residue 572",NA
"SNV_cluster_0006","SNV","101","PAWKXT","SNV","residue 573",NA
"SNV_cluster_0007","SNV","9","PARTLX","SNV","residue 657",NA
"SNV_cluster_0007","SNV","10","PARULB","SNV","residue 657",NA
"SNV_cluster_0007","SNV","17","PASJHT","SNV","residue 666",NA
"SNV_cluster_0007","SNV","20","PASWFN","SNV","residue 657",NA
"SNV_cluster_0007","SNV","116","PATCTD","SNV","residue 657",NA
"SNV_cluster_0007","SNV","117","PATHAA","SNV","residue 657",NA
"SNV_cluster_0007","SNV","105","PATLAC","SNV","residue 657",NA
"SNV_cluster_0007","SNV","33","PATMXN","SNV","residue 657",NA
"SNV_cluster_0007","SNV","38","PATUZU","SNV","residue 657",NA
"SNV_cluster_0007","SNV","41","PATZWA","SNV","residue 657",NA
"SNV_cluster_0007","SNV","107","PAUISV","SNV","residue 657",NA
"SNV_cluster_0007","SNV","123","PAUWKJ","SNV","residue 657",NA
"SNV_cluster_0007","SNV","63","PAUYPM","SNV","residue 657",NA
"SNV_cluster_0007","SNV","67","PAVFDX","SNV","residue 657",NA
"SNV_cluster_0007","SNV","70","PAVFIC","SNV","residue 657",NA
"SNV_cluster_0007","SNV","72","PAVFWD","SNV","residue 657",NA
"SNV_cluster_0007","SNV","74","PAVHNX","SNV","residue 657",NA
"SNV_cluster_0007","SNV","112","PAVJFH","SNV","residue 657",NA
"SNV_cluster_0007","SNV","96","PAWGGE","SNV","residue 657",NA
"SNV_cluster_0007","SNV","100","PAWHJR","SNV","residue 657",NA
"SNV_cluster_0008","SNV","4","PARCWP","SNV","residue 674",NA
"SNV_cluster_0008","SNV","19","PASSFA","SNV","residue 674",NA
"SNV_cluster_0008","SNV","27","PATITB","SNV","residue 674",NA
"SNV_cluster_0008","SNV","29","PATLHS","SNV","residue 678",NA
"SNV_cluster_0008","SNV","32","PATMRE","SNV","residue 674",NA
"SNV_cluster_0008","SNV","35","PATTHR","SNV","residue 674",NA
"SNV_cluster_0008","SNV","69","PAVFHW","SNV","residue 674",NA
"SNV_cluster_0008","SNV","77","PAVKJM","SNV","residue 678",NA
"SNV_cluster_0008","SNV","81","PAVMKN","SNV","residue 678",NA
"SNV_cluster_0009","SNV","5","PARFXJ","SNV","residue 511",NA
"SNV_cluster_0009","SNV","6","PARHES","SNV","residue 573",NA
"SNV_cluster_0009","SNV","7","PARJSM","SNV","residue 511",NA
"SNV_cluster_0009","SNV","8","PARNPX","SNV","residue 511",NA
"SNV_cluster_0009","SNV","11","PARULB","SNV","residue 511",NA
"SNV_cluster_0009","SNV","13","PARWKM","SNV","residue 511",NA
"SNV_cluster_0009","SNV","14","PARWLB","SNV","residue 573",NA
"SNV_cluster_0009","SNV","15","PARXAH","SNV","residue 511",NA
"SNV_cluster_0009","SNV","3","PARXBR","SNV","residue 511",NA
"SNV_cluster_0009","SNV","16","PASGFH","SNV","residue 511",NA
"SNV_cluster_0009","SNV","18","PASNTZ","SNV","residue 511",NA
"SNV_cluster_0009","SNV","121","PASRLP","SNV","residue 511",NA
"SNV_cluster_0009","SNV","21","PATCGT","SNV","residue 573",NA
"SNV_cluster_0009","SNV","22","PATCGT","SNV","residue 511",NA
"SNV_cluster_0009","SNV","23","PATEUW","SNV","residue 573",NA
"SNV_cluster_0009","SNV","25","PATGLD","SNV","residue 511",NA
"SNV_cluster_0009","SNV","26","PATGXS","SNV","residue 511",NA
"SNV_cluster_0009","SNV","118","PATHNI","SNV","residue 511",NA
"SNV_cluster_0009","SNV","30","PATLHS","SNV","residue 511",NA
"SNV_cluster_0009","SNV","106","PATLIL","SNV","residue 573",NA
"SNV_cluster_0009","SNV","114","PATMXN","SNV","residue 511",NA
"SNV_cluster_0009","SNV","37","PATTXC","SNV","residue 511",NA
"SNV_cluster_0009","SNV","39","PATXKY","SNV","residue 573",NA
"SNV_cluster_0009","SNV","40","PATXSK","SNV","residue 511",NA
"SNV_cluster_0009","SNV","42","PATZYC","SNV","residue 511",NA
"SNV_cluster_0009","SNV","43","PAUBPY","SNV","residue 511",NA
"SNV_cluster_0009","SNV","103","PAUCVB","SNV","residue 573",NA
"SNV_cluster_0009","SNV","45","PAUEWR","SNV","residue 573",NA
"SNV_cluster_0009","SNV","119","PAUEZX","SNV","residue 511",NA
"SNV_cluster_0009","SNV","104","PAUFBJ","SNV","residue 573",NA
"SNV_cluster_0009","SNV","46","PAUFZC","SNV","residue 511",NA
"SNV_cluster_0009","SNV","48","PAUIDF","SNV","residue 573",NA
"SNV_cluster_0009","SNV","120","PAUIGB","SNV","residue 511",NA
"SNV_cluster_0009","SNV","109","PAUJTE","SNV","residue 511",NA
"SNV_cluster_0009","SNV","49","PAULIU","SNV","residue 511",NA
"SNV_cluster_0009","SNV","51","PAUNVM","SNV","residue 511",NA
"SNV_cluster_0009","SNV","110","PAURIX","SNV","residue 573",NA
"SNV_cluster_0009","SNV","115","PAURIX","SNV","residue 511",NA
"SNV_cluster_0009","SNV","122","PAUSGB","SNV","residue 511",NA
"SNV_cluster_0009","SNV","54","PAUSNZ","SNV","residue 511",NA
"SNV_cluster_0009","SNV","55","PAUUAV","SNV","residue 573",NA
"SNV_cluster_0009","SNV","56","PAUUTU","SNV","residue 511",NA
"SNV_cluster_0009","SNV","57","PAUVLV","SNV","residue 573",NA
"SNV_cluster_0009","SNV","58","PAUVLV","SNV","residue 511",NA
"SNV_cluster_0009","SNV","59","PAUWNK","SNV","residue 511",NA
"SNV_cluster_0009","SNV","60","PAUXRV","SNV","residue 511",NA
"SNV_cluster_0009","SNV","62","PAUYNP","SNV","residue 573",NA
"SNV_cluster_0009","SNV","65","PAVBEJ","SNV","residue 511",NA
"SNV_cluster_0009","SNV","68","PAVFDX","SNV","residue 511",NA
"SNV_cluster_0009","SNV","71","PAVFSN","SNV","residue 511",NA
"SNV_cluster_0009","SNV","73","PAVFWF","SNV","residue 511",NA
"SNV_cluster_0009","SNV","75","PAVHUL","SNV","residue 573",NA
"SNV_cluster_0009","SNV","111","PAVINC","SNV","residue 573",NA
"SNV_cluster_0009","SNV","78","PAVKJM","SNV","residue 511",NA
"SNV_cluster_0009","SNV","79","PAVLGT","SNV","residue 573",NA
"SNV_cluster_0009","SNV","80","PAVLYI","SNV","residue 511",NA
"SNV_cluster_0009","SNV","82","PAVMKN","SNV","residue 511",NA
"SNV_cluster_0009","SNV","83","PAVRLJ","SNV","residue 511",NA
"SNV_cluster_0009","SNV","84","PAVRYM","SNV","residue 573",NA
"SNV_cluster_0009","SNV","85","PAVSEI","SNV","residue 511",NA
"SNV_cluster_0009","SNV","86","PAVTXY","SNV","residue 511",NA
"SNV_cluster_0009","SNV","88","PAVVVF","SNV","residue 511",NA
"SNV_cluster_0009","SNV","1","PAVWMM","SNV","residue 572",NA
"SNV_cluster_0009","SNV","2","PAVWMM","SNV","residue 511",NA
"SNV_cluster_0009","SNV","90","PAWAMV","SNV","residue 511",NA
"SNV_cluster_0009","SNV","91","PAWANS","SNV","residue 511",NA
"SNV_cluster_0009","SNV","92","PAWDHX","SNV","residue 511",NA
"SNV_cluster_0009","SNV","101","PAWKXT","SNV","residue 573",NA
"SNV_cluster_0009","SNV","102","PAWLGM","SNV","residue 511",NA
"SNV_cluster_0010","SNV","6","PARHES","SNV","residue 573",NA
"SNV_cluster_0010","SNV","14","PARWLB","SNV","residue 573",NA
"SNV_cluster_0010","SNV","21","PATCGT","SNV","residue 573",NA
"SNV_cluster_0010","SNV","23","PATEUW","SNV","residue 573",NA
"SNV_cluster_0010","SNV","106","PATLIL","SNV","residue 573",NA
"SNV_cluster_0010","SNV","39","PATXKY","SNV","residue 573",NA
"SNV_cluster_0010","SNV","103","PAUCVB","SNV","residue 573",NA
"SNV_cluster_0010","SNV","45","PAUEWR","SNV","residue 573",NA
"SNV_cluster_0010","SNV","104","PAUFBJ","SNV","residue 573",NA
"SNV_cluster_0010","SNV","48","PAUIDF","SNV","residue 573",NA
"SNV_cluster_0010","SNV","110","PAURIX","SNV","residue 573",NA
"SNV_cluster_0010","SNV","55","PAUUAV","SNV","residue 573",NA
"SNV_cluster_0010","SNV","57","PAUVLV","SNV","residue 573",NA
"SNV_cluster_0010","SNV","62","PAUYNP","SNV","residue 573",NA
"SNV_cluster_0010","SNV","75","PAVHUL","SNV","residue 573",NA
"SNV_cluster_0010","SNV","111","PAVINC","SNV","residue 573",NA
"SNV_cluster_0010","SNV","79","PAVLGT","SNV","residue 573",NA
"SNV_cluster_0010","SNV","84","PAVRYM","SNV","residue 573",NA
"SNV_cluster_0010","SNV","87","PAVVVF","SNV","residue 586",NA
"SNV_cluster_0010","SNV","1","PAVWMM","SNV","residue 572",NA
"SNV_cluster_0010","SNV","101","PAWKXT","SNV","residue 573",NA
"SNV_cluster_0011","SNV","4","PARCWP","SNV","residue 674",NA
"SNV_cluster_0011","SNV","5","PARFXJ","SNV","residue 511",NA
"SNV_cluster_0011","SNV","6","PARHES","SNV","residue 573",NA
"SNV_cluster_0011","SNV","7","PARJSM","SNV","residue 511",NA
"SNV_cluster_0011","SNV","8","PARNPX","SNV","residue 511",NA
"SNV_cluster_0011","SNV","11","PARULB","SNV","residue 511",NA
"SNV_cluster_0011","SNV","13","PARWKM","SNV","residue 511",NA
"SNV_cluster_0011","SNV","14","PARWLB","SNV","residue 573",NA
"SNV_cluster_0011","SNV","15","PARXAH","SNV","residue 511",NA
"SNV_cluster_0011","SNV","3","PARXBR","SNV","residue 511",NA
"SNV_cluster_0011","SNV","16","PASGFH","SNV","residue 511",NA
"SNV_cluster_0011","SNV","18","PASNTZ","SNV","residue 511",NA
"SNV_cluster_0011","SNV","121","PASRLP","SNV","residue 511",NA
"SNV_cluster_0011","SNV","19","PASSFA","SNV","residue 674",NA
"SNV_cluster_0011","SNV","21","PATCGT","SNV","residue 573",NA
"SNV_cluster_0011","SNV","22","PATCGT","SNV","residue 511",NA
"SNV_cluster_0011","SNV","23","PATEUW","SNV","residue 573",NA
"SNV_cluster_0011","SNV","25","PATGLD","SNV","residue 511",NA
"SNV_cluster_0011","SNV","26","PATGXS","SNV","residue 511",NA
"SNV_cluster_0011","SNV","118","PATHNI","SNV","residue 511",NA
"SNV_cluster_0011","SNV","27","PATITB","SNV","residue 674",NA
"SNV_cluster_0011","SNV","29","PATLHS","SNV","residue 678",NA
"SNV_cluster_0011","SNV","30","PATLHS","SNV","residue 511",NA
"SNV_cluster_0011","SNV","106","PATLIL","SNV","residue 573",NA
"SNV_cluster_0011","SNV","32","PATMRE","SNV","residue 674",NA
"SNV_cluster_0011","SNV","114","PATMXN","SNV","residue 511",NA
"SNV_cluster_0011","SNV","35","PATTHR","SNV","residue 674",NA
"SNV_cluster_0011","SNV","37","PATTXC","SNV","residue 511",NA
"SNV_cluster_0011","SNV","39","PATXKY","SNV","residue 573",NA
"SNV_cluster_0011","SNV","40","PATXSK","SNV","residue 511",NA
"SNV_cluster_0011","SNV","42","PATZYC","SNV","residue 511",NA
"SNV_cluster_0011","SNV","43","PAUBPY","SNV","residue 511",NA
"SNV_cluster_0011","SNV","103","PAUCVB","SNV","residue 573",NA
"SNV_cluster_0011","SNV","45","PAUEWR","SNV","residue 573",NA
"SNV_cluster_0011","SNV","119","PAUEZX","SNV","residue 511",NA
"SNV_cluster_0011","SNV","104","PAUFBJ","SNV","residue 573",NA
"SNV_cluster_0011","SNV","46","PAUFZC","SNV","residue 511",NA
"SNV_cluster_0011","SNV","48","PAUIDF","SNV","residue 573",NA
"SNV_cluster_0011","SNV","120","PAUIGB","SNV","residue 511",NA
"SNV_cluster_0011","SNV","109","PAUJTE","SNV","residue 511",NA
"SNV_cluster_0011","SNV","49","PAULIU","SNV","residue 511",NA
"SNV_cluster_0011","SNV","51","PAUNVM","SNV","residue 511",NA
"SNV_cluster_0011","SNV","110","PAURIX","SNV","residue 573",NA
"SNV_cluster_0011","SNV","115","PAURIX","SNV","residue 511",NA
"SNV_cluster_0011","SNV","122","PAUSGB","SNV","residue 511",NA
"SNV_cluster_0011","SNV","54","PAUSNZ","SNV","residue 511",NA
"SNV_cluster_0011","SNV","55","PAUUAV","SNV","residue 573",NA
"SNV_cluster_0011","SNV","56","PAUUTU","SNV","residue 511",NA
"SNV_cluster_0011","SNV","57","PAUVLV","SNV","residue 573",NA
"SNV_cluster_0011","SNV","58","PAUVLV","SNV","residue 511",NA
"SNV_cluster_0011","SNV","59","PAUWNK","SNV","residue 511",NA
"SNV_cluster_0011","SNV","60","PAUXRV","SNV","residue 511",NA
"SNV_cluster_0011","SNV","62","PAUYNP","SNV","residue 573",NA
"SNV_cluster_0011","SNV","65","PAVBEJ","SNV","residue 511",NA
"SNV_cluster_0011","SNV","68","PAVFDX","SNV","residue 511",NA
"SNV_cluster_0011","SNV","69","PAVFHW","SNV","residue 674",NA
"SNV_cluster_0011","SNV","71","PAVFSN","SNV","residue 511",NA
"SNV_cluster_0011","SNV","73","PAVFWF","SNV","residue 511",NA
"SNV_cluster_0011","SNV","75","PAVHUL","SNV","residue 573",NA
"SNV_cluster_0011","SNV","111","PAVINC","SNV","residue 573",NA
"SNV_cluster_0011","SNV","77","PAVKJM","SNV","residue 678",NA
"SNV_cluster_0011","SNV","78","PAVKJM","SNV","residue 511",NA
"SNV_cluster_0011","SNV","79","PAVLGT","SNV","residue 573",NA
"SNV_cluster_0011","SNV","80","PAVLYI","SNV","residue 511",NA
"SNV_cluster_0011","SNV","81","PAVMKN","SNV","residue 678",NA
"SNV_cluster_0011","SNV","82","PAVMKN","SNV","residue 511",NA
"SNV_cluster_0011","SNV","83","PAVRLJ","SNV","residue 511",NA
"SNV_cluster_0011","SNV","84","PAVRYM","SNV","residue 573",NA
"SNV_cluster_0011","SNV","85","PAVSEI","SNV","residue 511",NA
"SNV_cluster_0011","SNV","86","PAVTXY","SNV","residue 511",NA
"SNV_cluster_0011","SNV","88","PAVVVF","SNV","residue 511",NA
"SNV_cluster_0011","SNV","1","PAVWMM","SNV","residue 572",NA
"SNV_cluster_0011","SNV","2","PAVWMM","SNV","residue 511",NA
"SNV_cluster_0011","SNV","90","PAWAMV","SNV","residue 511",NA
"SNV_cluster_0011","SNV","91","PAWANS","SNV","residue 511",NA
"SNV_cluster_0011","SNV","92","PAWDHX","SNV","residue 511",NA
"SNV_cluster_0011","SNV","101","PAWKXT","SNV","residue 573",NA
"SNV_cluster_0011","SNV","102","PAWLGM","SNV","residue 511",NA
"SNV_cluster_0012","SNV","6","PARHES","SNV","residue 573",NA
"SNV_cluster_0012","SNV","14","PARWLB","SNV","residue 573",NA
"SNV_cluster_0012","SNV","21","PATCGT","SNV","residue 573",NA
"SNV_cluster_0012","SNV","23","PATEUW","SNV","residue 573",NA
"SNV_cluster_0012","SNV","28","PATKHZ","SNV","residue 549",NA
"SNV_cluster_0012","SNV","106","PATLIL","SNV","residue 573",NA
"SNV_cluster_0012","SNV","39","PATXKY","SNV","residue 573",NA
"SNV_cluster_0012","SNV","103","PAUCVB","SNV","residue 573",NA
"SNV_cluster_0012","SNV","45","PAUEWR","SNV","residue 573",NA
"SNV_cluster_0012","SNV","104","PAUFBJ","SNV","residue 573",NA
"SNV_cluster_0012","SNV","48","PAUIDF","SNV","residue 573",NA
"SNV_cluster_0012","SNV","110","PAURIX","SNV","residue 573",NA
"SNV_cluster_0012","SNV","55","PAUUAV","SNV","residue 573",NA
"SNV_cluster_0012","SNV","57","PAUVLV","SNV","residue 573",NA
"SNV_cluster_0012","SNV","62","PAUYNP","SNV","residue 573",NA
"SNV_cluster_0012","SNV","75","PAVHUL","SNV","residue 573",NA
"SNV_cluster_0012","SNV","111","PAVINC","SNV","residue 573",NA
"SNV_cluster_0012","SNV","79","PAVLGT","SNV","residue 573",NA
"SNV_cluster_0012","SNV","84","PAVRYM","SNV","residue 573",NA
"SNV_cluster_0012","SNV","87","PAVVVF","SNV","residue 586",NA
"SNV_cluster_0012","SNV","1","PAVWMM","SNV","residue 572",NA
"SNV_cluster_0012","SNV","101","PAWKXT","SNV","residue 573",NA
"SNV_cluster_0013","SNV","4","PARCWP","SNV","residue 674",NA
"SNV_cluster_0013","SNV","9","PARTLX","SNV","residue 657",NA
"SNV_cluster_0013","SNV","10","PARULB","SNV","residue 657",NA
"SNV_cluster_0013","SNV","17","PASJHT","SNV","residue 666",NA
"SNV_cluster_0013","SNV","19","PASSFA","SNV","residue 674",NA
"SNV_cluster_0013","SNV","20","PASWFN","SNV","residue 657",NA
"SNV_cluster_0013","SNV","116","PATCTD","SNV","residue 657",NA
"SNV_cluster_0013","SNV","117","PATHAA","SNV","residue 657",NA
"SNV_cluster_0013","SNV","27","PATITB","SNV","residue 674",NA
"SNV_cluster_0013","SNV","105","PATLAC","SNV","residue 657",NA
"SNV_cluster_0013","SNV","29","PATLHS","SNV","residue 678",NA
"SNV_cluster_0013","SNV","32","PATMRE","SNV","residue 674",NA
"SNV_cluster_0013","SNV","33","PATMXN","SNV","residue 657",NA
"SNV_cluster_0013","SNV","35","PATTHR","SNV","residue 674",NA
"SNV_cluster_0013","SNV","38","PATUZU","SNV","residue 657",NA
"SNV_cluster_0013","SNV","41","PATZWA","SNV","residue 657",NA
"SNV_cluster_0013","SNV","107","PAUISV","SNV","residue 657",NA
"SNV_cluster_0013","SNV","123","PAUWKJ","SNV","residue 657",NA
"SNV_cluster_0013","SNV","63","PAUYPM","SNV","residue 657",NA
"SNV_cluster_0013","SNV","67","PAVFDX","SNV","residue 657",NA
"SNV_cluster_0013","SNV","69","PAVFHW","SNV","residue 674",NA
"SNV_cluster_0013","SNV","70","PAVFIC","SNV","residue 657",NA
"SNV_cluster_0013","SNV","72","PAVFWD","SNV","residue 657",NA
"SNV_cluster_0013","SNV","74","PAVHNX","SNV","residue 657",NA
"SNV_cluster_0013","SNV","112","PAVJFH","SNV","residue 657",NA
"SNV_cluster_0013","SNV","77","PAVKJM","SNV","residue 678",NA
"SNV_cluster_0013","SNV","81","PAVMKN","SNV","residue 678",NA
"SNV_cluster_0013","SNV","96","PAWGGE","SNV","residue 657",NA
"SNV_cluster_0013","SNV","100","PAWHJR","SNV","residue 657",NA
"SNV_cluster_0014","SNV","5","PARFXJ","SNV","residue 511",NA
"SNV_cluster_0014","SNV","6","PARHES","SNV","residue 573",NA
"SNV_cluster_0014","SNV","7","PARJSM","SNV","residue 511",NA
"SNV_cluster_0014","SNV","8","PARNPX","SNV","residue 511",NA
"SNV_cluster_0014","SNV","11","PARULB","SNV","residue 511",NA
"SNV_cluster_0014","SNV","13","PARWKM","SNV","residue 511",NA
"SNV_cluster_0014","SNV","14","PARWLB","SNV","residue 573",NA
"SNV_cluster_0014","SNV","15","PARXAH","SNV","residue 511",NA
"SNV_cluster_0014","SNV","3","PARXBR","SNV","residue 511",NA
"SNV_cluster_0014","SNV","16","PASGFH","SNV","residue 511",NA
"SNV_cluster_0014","SNV","18","PASNTZ","SNV","residue 511",NA
"SNV_cluster_0014","SNV","121","PASRLP","SNV","residue 511",NA
"SNV_cluster_0014","SNV","21","PATCGT","SNV","residue 573",NA
"SNV_cluster_0014","SNV","22","PATCGT","SNV","residue 511",NA
"SNV_cluster_0014","SNV","23","PATEUW","SNV","residue 573",NA
"SNV_cluster_0014","SNV","25","PATGLD","SNV","residue 511",NA
"SNV_cluster_0014","SNV","26","PATGXS","SNV","residue 511",NA
"SNV_cluster_0014","SNV","118","PATHNI","SNV","residue 511",NA
"SNV_cluster_0014","SNV","28","PATKHZ","SNV","residue 549",NA
"SNV_cluster_0014","SNV","30","PATLHS","SNV","residue 511",NA
"SNV_cluster_0014","SNV","106","PATLIL","SNV","residue 573",NA
"SNV_cluster_0014","SNV","114","PATMXN","SNV","residue 511",NA
"SNV_cluster_0014","SNV","37","PATTXC","SNV","residue 511",NA
"SNV_cluster_0014","SNV","39","PATXKY","SNV","residue 573",NA
"SNV_cluster_0014","SNV","40","PATXSK","SNV","residue 511",NA
"SNV_cluster_0014","SNV","42","PATZYC","SNV","residue 511",NA
"SNV_cluster_0014","SNV","43","PAUBPY","SNV","residue 511",NA
"SNV_cluster_0014","SNV","103","PAUCVB","SNV","residue 573",NA
"SNV_cluster_0014","SNV","45","PAUEWR","SNV","residue 573",NA
"SNV_cluster_0014","SNV","119","PAUEZX","SNV","residue 511",NA
"SNV_cluster_0014","SNV","104","PAUFBJ","SNV","residue 573",NA
"SNV_cluster_0014","SNV","46","PAUFZC","SNV","residue 511",NA
"SNV_cluster_0014","SNV","48","PAUIDF","SNV","residue 573",NA
"SNV_cluster_0014","SNV","120","PAUIGB","SNV","residue 511",NA
"SNV_cluster_0014","SNV","109","PAUJTE","SNV","residue 511",NA
"SNV_cluster_0014","SNV","49","PAULIU","SNV","residue 511",NA
"SNV_cluster_0014","SNV","51","PAUNVM","SNV","residue 511",NA
"SNV_cluster_0014","SNV","110","PAURIX","SNV","residue 573",NA
"SNV_cluster_0014","SNV","115","PAURIX","SNV","residue 511",NA
"SNV_cluster_0014","SNV","122","PAUSGB","SNV","residue 511",NA
"SNV_cluster_0014","SNV","53","PAUSNW","SNV","residue 613",NA
"SNV_cluster_0014","SNV","54","PAUSNZ","SNV","residue 511",NA
"SNV_cluster_0014","SNV","55","PAUUAV","SNV","residue 573",NA
"SNV_cluster_0014","SNV","56","PAUUTU","SNV","residue 511",NA
"SNV_cluster_0014","SNV","57","PAUVLV","SNV","residue 573",NA
"SNV_cluster_0014","SNV","58","PAUVLV","SNV","residue 511",NA
"SNV_cluster_0014","SNV","59","PAUWNK","SNV","residue 511",NA
"SNV_cluster_0014","SNV","60","PAUXRV","SNV","residue 511",NA
"SNV_cluster_0014","SNV","62","PAUYNP","SNV","residue 573",NA
"SNV_cluster_0014","SNV","65","PAVBEJ","SNV","residue 511",NA
"SNV_cluster_0014","SNV","68","PAVFDX","SNV","residue 511",NA
"SNV_cluster_0014","SNV","71","PAVFSN","SNV","residue 511",NA
"SNV_cluster_0014","SNV","73","PAVFWF","SNV","residue 511",NA
"SNV_cluster_0014","SNV","75","PAVHUL","SNV","residue 573",NA
"SNV_cluster_0014","SNV","111","PAVINC","SNV","residue 573",NA
"SNV_cluster_0014","SNV","78","PAVKJM","SNV","residue 511",NA
"SNV_cluster_0014","SNV","79","PAVLGT","SNV","residue 573",NA
"SNV_cluster_0014","SNV","80","PAVLYI","SNV","residue 511",NA
"SNV_cluster_0014","SNV","82","PAVMKN","SNV","residue 511",NA
"SNV_cluster_0014","SNV","83","PAVRLJ","SNV","residue 511",NA
"SNV_cluster_0014","SNV","84","PAVRYM","SNV","residue 573",NA
"SNV_cluster_0014","SNV","85","PAVSEI","SNV","residue 511",NA
"SNV_cluster_0014","SNV","86","PAVTXY","SNV","residue 511",NA
"SNV_cluster_0014","SNV","87","PAVVVF","SNV","residue 586",NA
"SNV_cluster_0014","SNV","88","PAVVVF","SNV","residue 511",NA
"SNV_cluster_0014","SNV","1","PAVWMM","SNV","residue 572",NA
"SNV_cluster_0014","SNV","2","PAVWMM","SNV","residue 511",NA
"SNV_cluster_0014","SNV","90","PAWAMV","SNV","residue 511",NA
"SNV_cluster_0014","SNV","91","PAWANS","SNV","residue 511",NA
"SNV_cluster_0014","SNV","92","PAWDHX","SNV","residue 511",NA
"SNV_cluster_0014","SNV","101","PAWKXT","SNV","residue 573",NA
"SNV_cluster_0014","SNV","102","PAWLGM","SNV","residue 511",NA
"SNV_cluster_0015","SNV","4","PARCWP","SNV","residue 674",NA
"SNV_cluster_0015","SNV","5","PARFXJ","SNV","residue 511",NA
"SNV_cluster_0015","SNV","6","PARHES","SNV","residue 573",NA
"SNV_cluster_0015","SNV","7","PARJSM","SNV","residue 511",NA
"SNV_cluster_0015","SNV","8","PARNPX","SNV","residue 511",NA
"SNV_cluster_0015","SNV","9","PARTLX","SNV","residue 657",NA
"SNV_cluster_0015","SNV","10","PARULB","SNV","residue 657",NA
"SNV_cluster_0015","SNV","11","PARULB","SNV","residue 511",NA
"SNV_cluster_0015","SNV","13","PARWKM","SNV","residue 511",NA
"SNV_cluster_0015","SNV","14","PARWLB","SNV","residue 573",NA
"SNV_cluster_0015","SNV","15","PARXAH","SNV","residue 511",NA
"SNV_cluster_0015","SNV","3","PARXBR","SNV","residue 511",NA
"SNV_cluster_0015","SNV","16","PASGFH","SNV","residue 511",NA
"SNV_cluster_0015","SNV","17","PASJHT","SNV","residue 666",NA
"SNV_cluster_0015","SNV","18","PASNTZ","SNV","residue 511",NA
"SNV_cluster_0015","SNV","121","PASRLP","SNV","residue 511",NA
"SNV_cluster_0015","SNV","19","PASSFA","SNV","residue 674",NA
"SNV_cluster_0015","SNV","20","PASWFN","SNV","residue 657",NA
"SNV_cluster_0015","SNV","21","PATCGT","SNV","residue 573",NA
"SNV_cluster_0015","SNV","22","PATCGT","SNV","residue 511",NA
"SNV_cluster_0015","SNV","116","PATCTD","SNV","residue 657",NA
"SNV_cluster_0015","SNV","23","PATEUW","SNV","residue 573",NA
"SNV_cluster_0015","SNV","25","PATGLD","SNV","residue 511",NA
"SNV_cluster_0015","SNV","26","PATGXS","SNV","residue 511",NA
"SNV_cluster_0015","SNV","117","PATHAA","SNV","residue 657",NA
"SNV_cluster_0015","SNV","118","PATHNI","SNV","residue 511",NA
"SNV_cluster_0015","SNV","27","PATITB","SNV","residue 674",NA
"SNV_cluster_0015","SNV","105","PATLAC","SNV","residue 657",NA
"SNV_cluster_0015","SNV","29","PATLHS","SNV","residue 678",NA
"SNV_cluster_0015","SNV","30","PATLHS","SNV","residue 511",NA
"SNV_cluster_0015","SNV","106","PATLIL","SNV","residue 573",NA
"SNV_cluster_0015","SNV","32","PATMRE","SNV","residue 674",NA
"SNV_cluster_0015","SNV","114","PATMXN","SNV","residue 511",NA
"SNV_cluster_0015","SNV","33","PATMXN","SNV","residue 657",NA
"SNV_cluster_0015","SNV","35","PATTHR","SNV","residue 674",NA
"SNV_cluster_0015","SNV","36","PATTWG","SNV","residue 848",NA
"SNV_cluster_0015","SNV","37","PATTXC","SNV","residue 511",NA
"SNV_cluster_0015","SNV","38","PATUZU","SNV","residue 657",NA
"SNV_cluster_0015","SNV","39","PATXKY","SNV","residue 573",NA
"SNV_cluster_0015","SNV","40","PATXSK","SNV","residue 511",NA
"SNV_cluster_0015","SNV","41","PATZWA","SNV","residue 657",NA
"SNV_cluster_0015","SNV","42","PATZYC","SNV","residue 511",NA
"SNV_cluster_0015","SNV","43","PAUBPY","SNV","residue 511",NA
"SNV_cluster_0015","SNV","103","PAUCVB","SNV","residue 573",NA
"SNV_cluster_0015","SNV","45","PAUEWR","SNV","residue 573",NA
"SNV_cluster_0015","SNV","119","PAUEZX","SNV","residue 511",NA
"SNV_cluster_0015","SNV","104","PAUFBJ","SNV","residue 573",NA
"SNV_cluster_0015","SNV","46","PAUFZC","SNV","residue 511",NA
"SNV_cluster_0015","SNV","48","PAUIDF","SNV","residue 573",NA
"SNV_cluster_0015","SNV","120","PAUIGB","SNV","residue 511",NA
"SNV_cluster_0015","SNV","107","PAUISV","SNV","residue 657",NA
"SNV_cluster_0015","SNV","109","PAUJTE","SNV","residue 511",NA
"SNV_cluster_0015","SNV","49","PAULIU","SNV","residue 511",NA
"SNV_cluster_0015","SNV","51","PAUNVM","SNV","residue 511",NA
"SNV_cluster_0015","SNV","110","PAURIX","SNV","residue 573",NA
"SNV_cluster_0015","SNV","115","PAURIX","SNV","residue 511",NA
"SNV_cluster_0015","SNV","122","PAUSGB","SNV","residue 511",NA
"SNV_cluster_0015","SNV","53","PAUSNW","SNV","residue 613",NA
"SNV_cluster_0015","SNV","54","PAUSNZ","SNV","residue 511",NA
"SNV_cluster_0015","SNV","55","PAUUAV","SNV","residue 573",NA
"SNV_cluster_0015","SNV","56","PAUUTU","SNV","residue 511",NA
"SNV_cluster_0015","SNV","57","PAUVLV","SNV","residue 573",NA
"SNV_cluster_0015","SNV","58","PAUVLV","SNV","residue 511",NA
"SNV_cluster_0015","SNV","123","PAUWKJ","SNV","residue 657",NA
"SNV_cluster_0015","SNV","59","PAUWNK","SNV","residue 511",NA
"SNV_cluster_0015","SNV","60","PAUXRV","SNV","residue 511",NA
"SNV_cluster_0015","SNV","61","PAUXSD","SNV","residue 840",NA
"SNV_cluster_0015","SNV","62","PAUYNP","SNV","residue 573",NA
"SNV_cluster_0015","SNV","63","PAUYPM","SNV","residue 657",NA
"SNV_cluster_0015","SNV","65","PAVBEJ","SNV","residue 511",NA
"SNV_cluster_0015","SNV","67","PAVFDX","SNV","residue 657",NA
"SNV_cluster_0015","SNV","68","PAVFDX","SNV","residue 511",NA
"SNV_cluster_0015","SNV","69","PAVFHW","SNV","residue 674",NA
"SNV_cluster_0015","SNV","70","PAVFIC","SNV","residue 657",NA
"SNV_cluster_0015","SNV","71","PAVFSN","SNV","residue 511",NA
"SNV_cluster_0015","SNV","72","PAVFWD","SNV","residue 657",NA
"SNV_cluster_0015","SNV","73","PAVFWF","SNV","residue 511",NA
"SNV_cluster_0015","SNV","74","PAVHNX","SNV","residue 657",NA
"SNV_cluster_0015","SNV","75","PAVHUL","SNV","residue 573",NA
"SNV_cluster_0015","SNV","111","PAVINC","SNV","residue 573",NA
"SNV_cluster_0015","SNV","112","PAVJFH","SNV","residue 657",NA
"SNV_cluster_0015","SNV","77","PAVKJM","SNV","residue 678",NA
"SNV_cluster_0015","SNV","78","PAVKJM","SNV","residue 511",NA
"SNV_cluster_0015","SNV","79","PAVLGT","SNV","residue 573",NA
"SNV_cluster_0015","SNV","80","PAVLYI","SNV","residue 511",NA
"SNV_cluster_0015","SNV","81","PAVMKN","SNV","residue 678",NA
"SNV_cluster_0015","SNV","82","PAVMKN","SNV","residue 511",NA
"SNV_cluster_0015","SNV","83","PAVRLJ","SNV","residue 511",NA
"SNV_cluster_0015","SNV","84","PAVRYM","SNV","residue 573",NA
"SNV_cluster_0015","SNV","85","PAVSEI","SNV","residue 511",NA
"SNV_cluster_0015","SNV","86","PAVTXY","SNV","residue 511",NA
"SNV_cluster_0015","SNV","87","PAVVVF","SNV","residue 586",NA
"SNV_cluster_0015","SNV","88","PAVVVF","SNV","residue 511",NA
"SNV_cluster_0015","SNV","1","PAVWMM","SNV","residue 572",NA
"SNV_cluster_0015","SNV","2","PAVWMM","SNV","residue 511",NA
"SNV_cluster_0015","SNV","90","PAWAMV","SNV","residue 511",NA
"SNV_cluster_0015","SNV","91","PAWANS","SNV","residue 511",NA
"SNV_cluster_0015","SNV","92","PAWDHX","SNV","residue 511",NA
"SNV_cluster_0015","SNV","93","PAWFBD","SNV","residue 840",NA
"SNV_cluster_0015","SNV","96","PAWGGE","SNV","residue 657",NA
"SNV_cluster_0015","SNV","100","PAWHJR","SNV","residue 657",NA
"SNV_cluster_0015","SNV","101","PAWKXT","SNV","residue 573",NA
"SNV_cluster_0015","SNV","102","PAWLGM","SNV","residue 511",NA
"SNV_cluster_0016","SNV","4","PARCWP","SNV","residue 674",NA
"SNV_cluster_0016","SNV","5","PARFXJ","SNV","residue 511",NA
"SNV_cluster_0016","SNV","6","PARHES","SNV","residue 573",NA
"SNV_cluster_0016","SNV","7","PARJSM","SNV","residue 511",NA
"SNV_cluster_0016","SNV","8","PARNPX","SNV","residue 511",NA
"SNV_cluster_0016","SNV","9","PARTLX","SNV","residue 657",NA
"SNV_cluster_0016","SNV","10","PARULB","SNV","residue 657",NA
"SNV_cluster_0016","SNV","11","PARULB","SNV","residue 511",NA
"SNV_cluster_0016","SNV","13","PARWKM","SNV","residue 511",NA
"SNV_cluster_0016","SNV","14","PARWLB","SNV","residue 573",NA
"SNV_cluster_0016","SNV","15","PARXAH","SNV","residue 511",NA
"SNV_cluster_0016","SNV","3","PARXBR","SNV","residue 511",NA
"SNV_cluster_0016","SNV","16","PASGFH","SNV","residue 511",NA
"SNV_cluster_0016","SNV","17","PASJHT","SNV","residue 666",NA
"SNV_cluster_0016","SNV","18","PASNTZ","SNV","residue 511",NA
"SNV_cluster_0016","SNV","121","PASRLP","SNV","residue 511",NA
"SNV_cluster_0016","SNV","19","PASSFA","SNV","residue 674",NA
"SNV_cluster_0016","SNV","20","PASWFN","SNV","residue 657",NA
"SNV_cluster_0016","SNV","21","PATCGT","SNV","residue 573",NA
"SNV_cluster_0016","SNV","22","PATCGT","SNV","residue 511",NA
"SNV_cluster_0016","SNV","116","PATCTD","SNV","residue 657",NA
"SNV_cluster_0016","SNV","23","PATEUW","SNV","residue 573",NA
"SNV_cluster_0016","SNV","25","PATGLD","SNV","residue 511",NA
"SNV_cluster_0016","SNV","26","PATGXS","SNV","residue 511",NA
"SNV_cluster_0016","SNV","117","PATHAA","SNV","residue 657",NA
"SNV_cluster_0016","SNV","118","PATHNI","SNV","residue 511",NA
"SNV_cluster_0016","SNV","27","PATITB","SNV","residue 674",NA
"SNV_cluster_0016","SNV","28","PATKHZ","SNV","residue 549",NA
"SNV_cluster_0016","SNV","105","PATLAC","SNV","residue 657",NA
"SNV_cluster_0016","SNV","29","PATLHS","SNV","residue 678",NA
"SNV_cluster_0016","SNV","30","PATLHS","SNV","residue 511",NA
"SNV_cluster_0016","SNV","106","PATLIL","SNV","residue 573",NA
"SNV_cluster_0016","SNV","32","PATMRE","SNV","residue 674",NA
"SNV_cluster_0016","SNV","114","PATMXN","SNV","residue 511",NA
"SNV_cluster_0016","SNV","33","PATMXN","SNV","residue 657",NA
"SNV_cluster_0016","SNV","35","PATTHR","SNV","residue 674",NA
"SNV_cluster_0016","SNV","37","PATTXC","SNV","residue 511",NA
"SNV_cluster_0016","SNV","38","PATUZU","SNV","residue 657",NA
"SNV_cluster_0016","SNV","39","PATXKY","SNV","residue 573",NA
"SNV_cluster_0016","SNV","40","PATXSK","SNV","residue 511",NA
"SNV_cluster_0016","SNV","41","PATZWA","SNV","residue 657",NA
"SNV_cluster_0016","SNV","42","PATZYC","SNV","residue 511",NA
"SNV_cluster_0016","SNV","43","PAUBPY","SNV","residue 511",NA
"SNV_cluster_0016","SNV","103","PAUCVB","SNV","residue 573",NA
"SNV_cluster_0016","SNV","45","PAUEWR","SNV","residue 573",NA
"SNV_cluster_0016","SNV","119","PAUEZX","SNV","residue 511",NA
"SNV_cluster_0016","SNV","104","PAUFBJ","SNV","residue 573",NA
"SNV_cluster_0016","SNV","46","PAUFZC","SNV","residue 511",NA
"SNV_cluster_0016","SNV","48","PAUIDF","SNV","residue 573",NA
"SNV_cluster_0016","SNV","120","PAUIGB","SNV","residue 511",NA
"SNV_cluster_0016","SNV","107","PAUISV","SNV","residue 657",NA
"SNV_cluster_0016","SNV","109","PAUJTE","SNV","residue 511",NA
"SNV_cluster_0016","SNV","49","PAULIU","SNV","residue 511",NA
"SNV_cluster_0016","SNV","51","PAUNVM","SNV","residue 511",NA
"SNV_cluster_0016","SNV","110","PAURIX","SNV","residue 573",NA
"SNV_cluster_0016","SNV","115","PAURIX","SNV","residue 511",NA
"SNV_cluster_0016","SNV","122","PAUSGB","SNV","residue 511",NA
"SNV_cluster_0016","SNV","53","PAUSNW","SNV","residue 613",NA
"SNV_cluster_0016","SNV","54","PAUSNZ","SNV","residue 511",NA
"SNV_cluster_0016","SNV","55","PAUUAV","SNV","residue 573",NA
"SNV_cluster_0016","SNV","56","PAUUTU","SNV","residue 511",NA
"SNV_cluster_0016","SNV","57","PAUVLV","SNV","residue 573",NA
"SNV_cluster_0016","SNV","58","PAUVLV","SNV","residue 511",NA
"SNV_cluster_0016","SNV","123","PAUWKJ","SNV","residue 657",NA
"SNV_cluster_0016","SNV","59","PAUWNK","SNV","residue 511",NA
"SNV_cluster_0016","SNV","60","PAUXRV","SNV","residue 511",NA
"SNV_cluster_0016","SNV","62","PAUYNP","SNV","residue 573",NA
"SNV_cluster_0016","SNV","63","PAUYPM","SNV","residue 657",NA
"SNV_cluster_0016","SNV","65","PAVBEJ","SNV","residue 511",NA
"SNV_cluster_0016","SNV","67","PAVFDX","SNV","residue 657",NA
"SNV_cluster_0016","SNV","68","PAVFDX","SNV","residue 511",NA
"SNV_cluster_0016","SNV","69","PAVFHW","SNV","residue 674",NA
"SNV_cluster_0016","SNV","70","PAVFIC","SNV","residue 657",NA
"SNV_cluster_0016","SNV","71","PAVFSN","SNV","residue 511",NA
"SNV_cluster_0016","SNV","72","PAVFWD","SNV","residue 657",NA
"SNV_cluster_0016","SNV","73","PAVFWF","SNV","residue 511",NA
"SNV_cluster_0016","SNV","74","PAVHNX","SNV","residue 657",NA
"SNV_cluster_0016","SNV","75","PAVHUL","SNV","residue 573",NA
"SNV_cluster_0016","SNV","111","PAVINC","SNV","residue 573",NA
"SNV_cluster_0016","SNV","112","PAVJFH","SNV","residue 657",NA
"SNV_cluster_0016","SNV","77","PAVKJM","SNV","residue 678",NA
"SNV_cluster_0016","SNV","78","PAVKJM","SNV","residue 511",NA
"SNV_cluster_0016","SNV","79","PAVLGT","SNV","residue 573",NA
"SNV_cluster_0016","SNV","80","PAVLYI","SNV","residue 511",NA
"SNV_cluster_0016","SNV","81","PAVMKN","SNV","residue 678",NA
"SNV_cluster_0016","SNV","82","PAVMKN","SNV","residue 511",NA
"SNV_cluster_0016","SNV","83","PAVRLJ","SNV","residue 511",NA
"SNV_cluster_0016","SNV","84","PAVRYM","SNV","residue 573",NA
"SNV_cluster_0016","SNV","85","PAVSEI","SNV","residue 511",NA
"SNV_cluster_0016","SNV","86","PAVTXY","SNV","residue 511",NA
"SNV_cluster_0016","SNV","87","PAVVVF","SNV","residue 586",NA
"SNV_cluster_0016","SNV","88","PAVVVF","SNV","residue 511",NA
"SNV_cluster_0016","SNV","1","PAVWMM","SNV","residue 572",NA
"SNV_cluster_0016","SNV","2","PAVWMM","SNV","residue 511",NA
"SNV_cluster_0016","SNV","90","PAWAMV","SNV","residue 511",NA
"SNV_cluster_0016","SNV","91","PAWANS","SNV","residue 511",NA
"SNV_cluster_0016","SNV","92","PAWDHX","SNV","residue 511",NA
"SNV_cluster_0016","SNV","96","PAWGGE","SNV","residue 657",NA
"SNV_cluster_0016","SNV","100","PAWHJR","SNV","residue 657",NA
"SNV_cluster_0016","SNV","101","PAWKXT","SNV","residue 573",NA
"SNV_cluster_0016","SNV","102","PAWLGM","SNV","residue 511",NA
"SNV_cluster_0017","SNV","4","PARCWP","SNV","residue 674",NA
"SNV_cluster_0017","SNV","5","PARFXJ","SNV","residue 511",NA
"SNV_cluster_0017","SNV","6","PARHES","SNV","residue 573",NA
"SNV_cluster_0017","SNV","7","PARJSM","SNV","residue 511",NA
"SNV_cluster_0017","SNV","8","PARNPX","SNV","residue 511",NA
"SNV_cluster_0017","SNV","9","PARTLX","SNV","residue 657",NA
"SNV_cluster_0017","SNV","10","PARULB","SNV","residue 657",NA
"SNV_cluster_0017","SNV","11","PARULB","SNV","residue 511",NA
"SNV_cluster_0017","SNV","12","PARWKM","SNV","residue 857",NA
"SNV_cluster_0017","SNV","13","PARWKM","SNV","residue 511",NA
"SNV_cluster_0017","SNV","14","PARWLB","SNV","residue 573",NA
"SNV_cluster_0017","SNV","15","PARXAH","SNV","residue 511",NA
"SNV_cluster_0017","SNV","3","PARXBR","SNV","residue 511",NA
"SNV_cluster_0017","SNV","16","PASGFH","SNV","residue 511",NA
"SNV_cluster_0017","SNV","113","PASHGM","SNV","residue 857",NA
"SNV_cluster_0017","SNV","17","PASJHT","SNV","residue 666",NA
"SNV_cluster_0017","SNV","18","PASNTZ","SNV","residue 511",NA
"SNV_cluster_0017","SNV","121","PASRLP","SNV","residue 511",NA
"SNV_cluster_0017","SNV","19","PASSFA","SNV","residue 674",NA
"SNV_cluster_0017","SNV","20","PASWFN","SNV","residue 657",NA
"SNV_cluster_0017","SNV","21","PATCGT","SNV","residue 573",NA
"SNV_cluster_0017","SNV","22","PATCGT","SNV","residue 511",NA
"SNV_cluster_0017","SNV","116","PATCTD","SNV","residue 657",NA
"SNV_cluster_0017","SNV","23","PATEUW","SNV","residue 573",NA
"SNV_cluster_0017","SNV","24","PATGLD","SNV","residue 819",NA
"SNV_cluster_0017","SNV","25","PATGLD","SNV","residue 511",NA
"SNV_cluster_0017","SNV","26","PATGXS","SNV","residue 511",NA
"SNV_cluster_0017","SNV","117","PATHAA","SNV","residue 657",NA
"SNV_cluster_0017","SNV","118","PATHNI","SNV","residue 511",NA
"SNV_cluster_0017","SNV","27","PATITB","SNV","residue 674",NA
"SNV_cluster_0017","SNV","28","PATKHZ","SNV","residue 549",NA
"SNV_cluster_0017","SNV","105","PATLAC","SNV","residue 657",NA
"SNV_cluster_0017","SNV","29","PATLHS","SNV","residue 678",NA
"SNV_cluster_0017","SNV","30","PATLHS","SNV","residue 511",NA
"SNV_cluster_0017","SNV","106","PATLIL","SNV","residue 573",NA
"SNV_cluster_0017","SNV","31","PATMAF","SNV","residue 875",NA
"SNV_cluster_0017","SNV","32","PATMRE","SNV","residue 674",NA
"SNV_cluster_0017","SNV","114","PATMXN","SNV","residue 511",NA
"SNV_cluster_0017","SNV","33","PATMXN","SNV","residue 657",NA
"SNV_cluster_0017","SNV","34","PATNNF","SNV","residue 857",NA
"SNV_cluster_0017","SNV","35","PATTHR","SNV","residue 674",NA
"SNV_cluster_0017","SNV","36","PATTWG","SNV","residue 848",NA
"SNV_cluster_0017","SNV","37","PATTXC","SNV","residue 511",NA
"SNV_cluster_0017","SNV","38","PATUZU","SNV","residue 657",NA
"SNV_cluster_0017","SNV","39","PATXKY","SNV","residue 573",NA
"SNV_cluster_0017","SNV","40","PATXSK","SNV","residue 511",NA
"SNV_cluster_0017","SNV","41","PATZWA","SNV","residue 657",NA
"SNV_cluster_0017","SNV","42","PATZYC","SNV","residue 511",NA
"SNV_cluster_0017","SNV","43","PAUBPY","SNV","residue 511",NA
"SNV_cluster_0017","SNV","103","PAUCVB","SNV","residue 573",NA
"SNV_cluster_0017","SNV","44","PAUCWP","SNV","residue 875",NA
"SNV_cluster_0017","SNV","45","PAUEWR","SNV","residue 573",NA
"SNV_cluster_0017","SNV","119","PAUEZX","SNV","residue 511",NA
"SNV_cluster_0017","SNV","104","PAUFBJ","SNV","residue 573",NA
"SNV_cluster_0017","SNV","46","PAUFZC","SNV","residue 511",NA
"SNV_cluster_0017","SNV","47","PAUHAF","SNV","residue 958",NA
"SNV_cluster_0017","SNV","48","PAUIDF","SNV","residue 573",NA
"SNV_cluster_0017","SNV","120","PAUIGB","SNV","residue 511",NA
"SNV_cluster_0017","SNV","107","PAUISV","SNV","residue 657",NA
"SNV_cluster_0017","SNV","109","PAUJTE","SNV","residue 511",NA
"SNV_cluster_0017","SNV","49","PAULIU","SNV","residue 511",NA
"SNV_cluster_0017","SNV","50","PAULZV","SNV","residue 875",NA
"SNV_cluster_0017","SNV","51","PAUNVM","SNV","residue 511",NA
"SNV_cluster_0017","SNV","52","PAUPIV","SNV","residue 906",NA
"SNV_cluster_0017","SNV","110","PAURIX","SNV","residue 573",NA
"SNV_cluster_0017","SNV","115","PAURIX","SNV","residue 511",NA
"SNV_cluster_0017","SNV","122","PAUSGB","SNV","residue 511",NA
"SNV_cluster_0017","SNV","53","PAUSNW","SNV","residue 613",NA
"SNV_cluster_0017","SNV","54","PAUSNZ","SNV","residue 511",NA
"SNV_cluster_0017","SNV","55","PAUUAV","SNV","residue 573",NA
"SNV_cluster_0017","SNV","56","PAUUTU","SNV","residue 511",NA
"SNV_cluster_0017","SNV","57","PAUVLV","SNV","residue 573",NA
"SNV_cluster_0017","SNV","58","PAUVLV","SNV","residue 511",NA
"SNV_cluster_0017","SNV","123","PAUWKJ","SNV","residue 657",NA
"SNV_cluster_0017","SNV","59","PAUWNK","SNV","residue 511",NA
"SNV_cluster_0017","SNV","60","PAUXRV","SNV","residue 511",NA
"SNV_cluster_0017","SNV","61","PAUXSD","SNV","residue 840",NA
"SNV_cluster_0017","SNV","62","PAUYNP","SNV","residue 573",NA
"SNV_cluster_0017","SNV","63","PAUYPM","SNV","residue 657",NA
"SNV_cluster_0017","SNV","64","PAVAXI","SNV","residue 958",NA
"SNV_cluster_0017","SNV","65","PAVBEJ","SNV","residue 511",NA
"SNV_cluster_0017","SNV","66","PAVCBR","SNV","residue 940",NA
"SNV_cluster_0017","SNV","67","PAVFDX","SNV","residue 657",NA
"SNV_cluster_0017","SNV","68","PAVFDX","SNV","residue 511",NA
"SNV_cluster_0017","SNV","69","PAVFHW","SNV","residue 674",NA
"SNV_cluster_0017","SNV","70","PAVFIC","SNV","residue 657",NA
"SNV_cluster_0017","SNV","71","PAVFSN","SNV","residue 511",NA
"SNV_cluster_0017","SNV","72","PAVFWD","SNV","residue 657",NA
"SNV_cluster_0017","SNV","73","PAVFWF","SNV","residue 511",NA
"SNV_cluster_0017","SNV","74","PAVHNX","SNV","residue 657",NA
"SNV_cluster_0017","SNV","75","PAVHUL","SNV","residue 573",NA
"SNV_cluster_0017","SNV","76","PAVHUT","SNV","residue 857",NA
"SNV_cluster_0017","SNV","111","PAVINC","SNV","residue 573",NA
"SNV_cluster_0017","SNV","112","PAVJFH","SNV","residue 657",NA
"SNV_cluster_0017","SNV","77","PAVKJM","SNV","residue 678",NA
"SNV_cluster_0017","SNV","78","PAVKJM","SNV","residue 511",NA
"SNV_cluster_0017","SNV","79","PAVLGT","SNV","residue 573",NA
"SNV_cluster_0017","SNV","80","PAVLYI","SNV","residue 511",NA
"SNV_cluster_0017","SNV","81","PAVMKN","SNV","residue 678",NA
"SNV_cluster_0017","SNV","82","PAVMKN","SNV","residue 511",NA
"SNV_cluster_0017","SNV","124","PAVPHP","SNV","residue 857",NA
"SNV_cluster_0017","SNV","108","PAVRKG","SNV","residue 906",NA
"SNV_cluster_0017","SNV","83","PAVRLJ","SNV","residue 511",NA
"SNV_cluster_0017","SNV","84","PAVRYM","SNV","residue 573",NA
"SNV_cluster_0017","SNV","85","PAVSEI","SNV","residue 511",NA
"SNV_cluster_0017","SNV","86","PAVTXY","SNV","residue 511",NA
"SNV_cluster_0017","SNV","87","PAVVVF","SNV","residue 586",NA
"SNV_cluster_0017","SNV","88","PAVVVF","SNV","residue 511",NA
"SNV_cluster_0017","SNV","89","PAVWHF","SNV","residue 906",NA
"SNV_cluster_0017","SNV","1","PAVWMM","SNV","residue 572",NA
"SNV_cluster_0017","SNV","2","PAVWMM","SNV","residue 511",NA
"SNV_cluster_0017","SNV","90","PAWAMV","SNV","residue 511",NA
"SNV_cluster_0017","SNV","91","PAWANS","SNV","residue 511",NA
"SNV_cluster_0017","SNV","92","PAWDHX","SNV","residue 511",NA
"SNV_cluster_0017","SNV","93","PAWFBD","SNV","residue 840",NA
"SNV_cluster_0017","SNV","95","PAWGGE","SNV","residue 886",NA
"SNV_cluster_0017","SNV","96","PAWGGE","SNV","residue 657",NA
"SNV_cluster_0017","SNV","97","PAWGPI","SNV","residue 857",NA
"SNV_cluster_0017","SNV","98","PAWHHA","SNV","residue 988",NA
"SNV_cluster_0017","SNV","99","PAWHHA","SNV","residue 857",NA
"SNV_cluster_0017","SNV","100","PAWHJR","SNV","residue 657",NA
"SNV_cluster_0017","SNV","101","PAWKXT","SNV","residue 573",NA
"SNV_cluster_0017","SNV","102","PAWLGM","SNV","residue 511",NA
"SNV_cluster_0018","SNV","9","PARTLX","SNV","residue 657",NA
"SNV_cluster_0018","SNV","10","PARULB","SNV","residue 657",NA
"SNV_cluster_0018","SNV","17","PASJHT","SNV","residue 666",NA
"SNV_cluster_0018","SNV","20","PASWFN","SNV","residue 657",NA
"SNV_cluster_0018","SNV","116","PATCTD","SNV","residue 657",NA
"SNV_cluster_0018","SNV","117","PATHAA","SNV","residue 657",NA
"SNV_cluster_0018","SNV","105","PATLAC","SNV","residue 657",NA
"SNV_cluster_0018","SNV","33","PATMXN","SNV","residue 657",NA
"SNV_cluster_0018","SNV","36","PATTWG","SNV","residue 848",NA
"SNV_cluster_0018","SNV","38","PATUZU","SNV","residue 657",NA
"SNV_cluster_0018","SNV","41","PATZWA","SNV","residue 657",NA
"SNV_cluster_0018","SNV","107","PAUISV","SNV","residue 657",NA
"SNV_cluster_0018","SNV","123","PAUWKJ","SNV","residue 657",NA
"SNV_cluster_0018","SNV","63","PAUYPM","SNV","residue 657",NA
"SNV_cluster_0018","SNV","67","PAVFDX","SNV","residue 657",NA
"SNV_cluster_0018","SNV","70","PAVFIC","SNV","residue 657",NA
"SNV_cluster_0018","SNV","72","PAVFWD","SNV","residue 657",NA
"SNV_cluster_0018","SNV","74","PAVHNX","SNV","residue 657",NA
"SNV_cluster_0018","SNV","112","PAVJFH","SNV","residue 657",NA
"SNV_cluster_0018","SNV","96","PAWGGE","SNV","residue 657",NA
"SNV_cluster_0018","SNV","100","PAWHJR","SNV","residue 657",NA
"SNV_cluster_0019","SNV","9","PARTLX","SNV","residue 657",NA
"SNV_cluster_0019","SNV","10","PARULB","SNV","residue 657",NA
"SNV_cluster_0019","SNV","17","PASJHT","SNV","residue 666",NA
"SNV_cluster_0019","SNV","20","PASWFN","SNV","residue 657",NA
"SNV_cluster_0019","SNV","116","PATCTD","SNV","residue 657",NA
"SNV_cluster_0019","SNV","117","PATHAA","SNV","residue 657",NA
"SNV_cluster_0019","SNV","105","PATLAC","SNV","residue 657",NA
"SNV_cluster_0019","SNV","33","PATMXN","SNV","residue 657",NA
"SNV_cluster_0019","SNV","36","PATTWG","SNV","residue 848",NA
"SNV_cluster_0019","SNV","38","PATUZU","SNV","residue 657",NA
"SNV_cluster_0019","SNV","41","PATZWA","SNV","residue 657",NA
"SNV_cluster_0019","SNV","107","PAUISV","SNV","residue 657",NA
"SNV_cluster_0019","SNV","123","PAUWKJ","SNV","residue 657",NA
"SNV_cluster_0019","SNV","61","PAUXSD","SNV","residue 840",NA
"SNV_cluster_0019","SNV","63","PAUYPM","SNV","residue 657",NA
"SNV_cluster_0019","SNV","67","PAVFDX","SNV","residue 657",NA
"SNV_cluster_0019","SNV","70","PAVFIC","SNV","residue 657",NA
"SNV_cluster_0019","SNV","72","PAVFWD","SNV","residue 657",NA
"SNV_cluster_0019","SNV","74","PAVHNX","SNV","residue 657",NA
"SNV_cluster_0019","SNV","112","PAVJFH","SNV","residue 657",NA
"SNV_cluster_0019","SNV","87","PAVVVF","SNV","residue 586",NA
"SNV_cluster_0019","SNV","93","PAWFBD","SNV","residue 840",NA
"SNV_cluster_0019","SNV","96","PAWGGE","SNV","residue 657",NA
"SNV_cluster_0019","SNV","100","PAWHJR","SNV","residue 657",NA
"SNV_cluster_0020","SNV","6","PARHES","SNV","residue 573",NA
"SNV_cluster_0020","SNV","14","PARWLB","SNV","residue 573",NA
"SNV_cluster_0020","SNV","21","PATCGT","SNV","residue 573",NA
"SNV_cluster_0020","SNV","23","PATEUW","SNV","residue 573",NA
"SNV_cluster_0020","SNV","28","PATKHZ","SNV","residue 549",NA
"SNV_cluster_0020","SNV","106","PATLIL","SNV","residue 573",NA
"SNV_cluster_0020","SNV","39","PATXKY","SNV","residue 573",NA
"SNV_cluster_0020","SNV","103","PAUCVB","SNV","residue 573",NA
"SNV_cluster_0020","SNV","45","PAUEWR","SNV","residue 573",NA
"SNV_cluster_0020","SNV","104","PAUFBJ","SNV","residue 573",NA
"SNV_cluster_0020","SNV","48","PAUIDF","SNV","residue 573",NA
"SNV_cluster_0020","SNV","110","PAURIX","SNV","residue 573",NA
"SNV_cluster_0020","SNV","53","PAUSNW","SNV","residue 613",NA
"SNV_cluster_0020","SNV","55","PAUUAV","SNV","residue 573",NA
"SNV_cluster_0020","SNV","57","PAUVLV","SNV","residue 573",NA
"SNV_cluster_0020","SNV","62","PAUYNP","SNV","residue 573",NA
"SNV_cluster_0020","SNV","75","PAVHUL","SNV","residue 573",NA
"SNV_cluster_0020","SNV","111","PAVINC","SNV","residue 573",NA
"SNV_cluster_0020","SNV","79","PAVLGT","SNV","residue 573",NA
"SNV_cluster_0020","SNV","84","PAVRYM","SNV","residue 573",NA
"SNV_cluster_0020","SNV","87","PAVVVF","SNV","residue 586",NA
"SNV_cluster_0020","SNV","1","PAVWMM","SNV","residue 572",NA
"SNV_cluster_0020","SNV","101","PAWKXT","SNV","residue 573",NA
"SNV_cluster_0021","SNV","9","PARTLX","SNV","residue 657",NA
"SNV_cluster_0021","SNV","10","PARULB","SNV","residue 657",NA
"SNV_cluster_0021","SNV","17","PASJHT","SNV","residue 666",NA
"SNV_cluster_0021","SNV","20","PASWFN","SNV","residue 657",NA
"SNV_cluster_0021","SNV","116","PATCTD","SNV","residue 657",NA
"SNV_cluster_0021","SNV","117","PATHAA","SNV","residue 657",NA
"SNV_cluster_0021","SNV","105","PATLAC","SNV","residue 657",NA
"SNV_cluster_0021","SNV","33","PATMXN","SNV","residue 657",NA
"SNV_cluster_0021","SNV","36","PATTWG","SNV","residue 848",NA
"SNV_cluster_0021","SNV","38","PATUZU","SNV","residue 657",NA
"SNV_cluster_0021","SNV","41","PATZWA","SNV","residue 657",NA
"SNV_cluster_0021","SNV","107","PAUISV","SNV","residue 657",NA
"SNV_cluster_0021","SNV","53","PAUSNW","SNV","residue 613",NA
"SNV_cluster_0021","SNV","123","PAUWKJ","SNV","residue 657",NA
"SNV_cluster_0021","SNV","61","PAUXSD","SNV","residue 840",NA
"SNV_cluster_0021","SNV","63","PAUYPM","SNV","residue 657",NA
"SNV_cluster_0021","SNV","67","PAVFDX","SNV","residue 657",NA
"SNV_cluster_0021","SNV","70","PAVFIC","SNV","residue 657",NA
"SNV_cluster_0021","SNV","72","PAVFWD","SNV","residue 657",NA
"SNV_cluster_0021","SNV","74","PAVHNX","SNV","residue 657",NA
"SNV_cluster_0021","SNV","112","PAVJFH","SNV","residue 657",NA
"SNV_cluster_0021","SNV","87","PAVVVF","SNV","residue 586",NA
"SNV_cluster_0021","SNV","93","PAWFBD","SNV","residue 840",NA
"SNV_cluster_0021","SNV","96","PAWGGE","SNV","residue 657",NA
"SNV_cluster_0021","SNV","100","PAWHJR","SNV","residue 657",NA
"SNV_cluster_0022","SNV","12","PARWKM","SNV","residue 857",NA
"SNV_cluster_0022","SNV","113","PASHGM","SNV","residue 857",NA
"SNV_cluster_0022","SNV","34","PATNNF","SNV","residue 857",NA
"SNV_cluster_0022","SNV","36","PATTWG","SNV","residue 848",NA
"SNV_cluster_0022","SNV","61","PAUXSD","SNV","residue 840",NA
"SNV_cluster_0022","SNV","76","PAVHUT","SNV","residue 857",NA
"SNV_cluster_0022","SNV","124","PAVPHP","SNV","residue 857",NA
"SNV_cluster_0022","SNV","93","PAWFBD","SNV","residue 840",NA
"SNV_cluster_0022","SNV","97","PAWGPI","SNV","residue 857",NA
"SNV_cluster_0022","SNV","99","PAWHHA","SNV","residue 857",NA
"SNV_cluster_0023","SNV","12","PARWKM","SNV","residue 857",NA
"SNV_cluster_0023","SNV","113","PASHGM","SNV","residue 857",NA
"SNV_cluster_0023","SNV","24","PATGLD","SNV","residue 819",NA
"SNV_cluster_0023","SNV","31","PATMAF","SNV","residue 875",NA
"SNV_cluster_0023","SNV","34","PATNNF","SNV","residue 857",NA
"SNV_cluster_0023","SNV","36","PATTWG","SNV","residue 848",NA
"SNV_cluster_0023","SNV","44","PAUCWP","SNV","residue 875",NA
"SNV_cluster_0023","SNV","50","PAULZV","SNV","residue 875",NA
"SNV_cluster_0023","SNV","52","PAUPIV","SNV","residue 906",NA
"SNV_cluster_0023","SNV","61","PAUXSD","SNV","residue 840",NA
"SNV_cluster_0023","SNV","76","PAVHUT","SNV","residue 857",NA
"SNV_cluster_0023","SNV","124","PAVPHP","SNV","residue 857",NA
"SNV_cluster_0023","SNV","108","PAVRKG","SNV","residue 906",NA
"SNV_cluster_0023","SNV","89","PAVWHF","SNV","residue 906",NA
"SNV_cluster_0023","SNV","93","PAWFBD","SNV","residue 840",NA
"SNV_cluster_0023","SNV","95","PAWGGE","SNV","residue 886",NA
"SNV_cluster_0023","SNV","97","PAWGPI","SNV","residue 857",NA
"SNV_cluster_0023","SNV","99","PAWHHA","SNV","residue 857",NA
"SNV_cluster_0024","SNV","12","PARWKM","SNV","residue 857",NA
"SNV_cluster_0024","SNV","113","PASHGM","SNV","residue 857",NA
"SNV_cluster_0024","SNV","24","PATGLD","SNV","residue 819",NA
"SNV_cluster_0024","SNV","34","PATNNF","SNV","residue 857",NA
"SNV_cluster_0024","SNV","76","PAVHUT","SNV","residue 857",NA
"SNV_cluster_0024","SNV","124","PAVPHP","SNV","residue 857",NA
"SNV_cluster_0024","SNV","97","PAWGPI","SNV","residue 857",NA
"SNV_cluster_0024","SNV","99","PAWHHA","SNV","residue 857",NA
"SNV_cluster_0025","SNV","47","PAUHAF","SNV","residue 958",NA
"SNV_cluster_0025","SNV","52","PAUPIV","SNV","residue 906",NA
"SNV_cluster_0025","SNV","64","PAVAXI","SNV","residue 958",NA
"SNV_cluster_0025","SNV","108","PAVRKG","SNV","residue 906",NA
"SNV_cluster_0025","SNV","89","PAVWHF","SNV","residue 906",NA
"SNV_cluster_0026","SNV","12","PARWKM","SNV","residue 857",NA
"SNV_cluster_0026","SNV","113","PASHGM","SNV","residue 857",NA
"SNV_cluster_0026","SNV","24","PATGLD","SNV","residue 819",NA
"SNV_cluster_0026","SNV","34","PATNNF","SNV","residue 857",NA
"SNV_cluster_0026","SNV","36","PATTWG","SNV","residue 848",NA
"SNV_cluster_0026","SNV","61","PAUXSD","SNV","residue 840",NA
"SNV_cluster_0026","SNV","76","PAVHUT","SNV","residue 857",NA
"SNV_cluster_0026","SNV","124","PAVPHP","SNV","residue 857",NA
"SNV_cluster_0026","SNV","93","PAWFBD","SNV","residue 840",NA
"SNV_cluster_0026","SNV","97","PAWGPI","SNV","residue 857",NA
"SNV_cluster_0026","SNV","99","PAWHHA","SNV","residue 857",NA
"SNV_cluster_0027","SNV","12","PARWKM","SNV","residue 857",NA
"SNV_cluster_0027","SNV","113","PASHGM","SNV","residue 857",NA
"SNV_cluster_0027","SNV","24","PATGLD","SNV","residue 819",NA
"SNV_cluster_0027","SNV","31","PATMAF","SNV","residue 875",NA
"SNV_cluster_0027","SNV","34","PATNNF","SNV","residue 857",NA
"SNV_cluster_0027","SNV","36","PATTWG","SNV","residue 848",NA
"SNV_cluster_0027","SNV","44","PAUCWP","SNV","residue 875",NA
"SNV_cluster_0027","SNV","47","PAUHAF","SNV","residue 958",NA
"SNV_cluster_0027","SNV","50","PAULZV","SNV","residue 875",NA
"SNV_cluster_0027","SNV","52","PAUPIV","SNV","residue 906",NA
"SNV_cluster_0027","SNV","61","PAUXSD","SNV","residue 840",NA
"SNV_cluster_0027","SNV","64","PAVAXI","SNV","residue 958",NA
"SNV_cluster_0027","SNV","66","PAVCBR","SNV","residue 940",NA
"SNV_cluster_0027","SNV","76","PAVHUT","SNV","residue 857",NA
"SNV_cluster_0027","SNV","124","PAVPHP","SNV","residue 857",NA
"SNV_cluster_0027","SNV","108","PAVRKG","SNV","residue 906",NA
"SNV_cluster_0027","SNV","89","PAVWHF","SNV","residue 906",NA
"SNV_cluster_0027","SNV","93","PAWFBD","SNV","residue 840",NA
"SNV_cluster_0027","SNV","95","PAWGGE","SNV","residue 886",NA
"SNV_cluster_0027","SNV","97","PAWGPI","SNV","residue 857",NA
"SNV_cluster_0027","SNV","98","PAWHHA","SNV","residue 988",NA
"SNV_cluster_0027","SNV","99","PAWHHA","SNV","residue 857",NA
"SNV_cluster_0028","SNV","12","PARWKM","SNV","residue 857",NA
"SNV_cluster_0028","SNV","113","PASHGM","SNV","residue 857",NA
"SNV_cluster_0028","SNV","24","PATGLD","SNV","residue 819",NA
"SNV_cluster_0028","SNV","28","PATKHZ","SNV","residue 549",NA
"SNV_cluster_0028","SNV","34","PATNNF","SNV","residue 857",NA
"SNV_cluster_0028","SNV","76","PAVHUT","SNV","residue 857",NA
"SNV_cluster_0028","SNV","124","PAVPHP","SNV","residue 857",NA
"SNV_cluster_0028","SNV","97","PAWGPI","SNV","residue 857",NA
"SNV_cluster_0028","SNV","99","PAWHHA","SNV","residue 857",NA
"SNV_cluster_0029","SNV","29","PATLHS","SNV","residue 678",NA
"SNV_cluster_0029","SNV","77","PAVKJM","SNV","residue 678",NA
"SNV_cluster_0029","SNV","81","PAVMKN","SNV","residue 678",NA
"SNV_cluster_0030","SNV","31","PATMAF","SNV","residue 875",NA
"SNV_cluster_0030","SNV","44","PAUCWP","SNV","residue 875",NA
"SNV_cluster_0030","SNV","50","PAULZV","SNV","residue 875",NA
"SNV_cluster_0031","SNV","52","PAUPIV","SNV","residue 906",NA
"SNV_cluster_0031","SNV","108","PAVRKG","SNV","residue 906",NA
"SNV_cluster_0031","SNV","89","PAVWHF","SNV","residue 906",NA
"SNV_cluster_0032","SNV","61","PAUXSD","SNV","residue 840",NA
"SNV_cluster_0032","SNV","93","PAWFBD","SNV","residue 840",NA
"SNV_cluster_0033","SNV","47","PAUHAF","SNV","residue 958",NA
"SNV_cluster_0033","SNV","64","PAVAXI","SNV","residue 958",NA
"SNV_cluster_0034","SNV","31","PATMAF","SNV","residue 875",NA
"SNV_cluster_0034","SNV","44","PAUCWP","SNV","residue 875",NA
"SNV_cluster_0034","SNV","50","PAULZV","SNV","residue 875",NA
"SNV_cluster_0034","SNV","95","PAWGGE","SNV","residue 886",NA
"SNV_cluster_0035","SNV","36","PATTWG","SNV","residue 848",NA
"SNV_cluster_0035","SNV","61","PAUXSD","SNV","residue 840",NA
"SNV_cluster_0035","SNV","93","PAWFBD","SNV","residue 840",NA
"SNV_cluster_0036","SNV","61","PAUXSD","SNV","residue 840",NA
"SNV_cluster_0036","SNV","87","PAVVVF","SNV","residue 586",NA
"SNV_cluster_0036","SNV","93","PAWFBD","SNV","residue 840",NA
"SNV_cluster_0037","SNV","31","PATMAF","SNV","residue 875",NA
"SNV_cluster_0037","SNV","44","PAUCWP","SNV","residue 875",NA
"SNV_cluster_0037","SNV","50","PAULZV","SNV","residue 875",NA
"SNV_cluster_0037","SNV","66","PAVCBR","SNV","residue 940",NA
"SNV_cluster_0037","SNV","95","PAWGGE","SNV","residue 886",NA
"SNV_cluster_0038","SNV","47","PAUHAF","SNV","residue 958",NA
"SNV_cluster_0038","SNV","64","PAVAXI","SNV","residue 958",NA
"SNV_cluster_0038","SNV","66","PAVCBR","SNV","residue 940",NA
"SNV_cluster_0039","SNV","31","PATMAF","SNV","residue 875",NA
"SNV_cluster_0039","SNV","44","PAUCWP","SNV","residue 875",NA
"SNV_cluster_0039","SNV","50","PAULZV","SNV","residue 875",NA
"SNV_cluster_0039","SNV","52","PAUPIV","SNV","residue 906",NA
"SNV_cluster_0039","SNV","108","PAVRKG","SNV","residue 906",NA
"SNV_cluster_0039","SNV","89","PAVWHF","SNV","residue 906",NA
"SNV_cluster_0039","SNV","95","PAWGGE","SNV","residue 886",NA
"SNV_cluster_0040","SNV","31","PATMAF","SNV","residue 875",NA
"SNV_cluster_0040","SNV","44","PAUCWP","SNV","residue 875",NA
"SNV_cluster_0040","SNV","47","PAUHAF","SNV","residue 958",NA
"SNV_cluster_0040","SNV","50","PAULZV","SNV","residue 875",NA
"SNV_cluster_0040","SNV","52","PAUPIV","SNV","residue 906",NA
"SNV_cluster_0040","SNV","64","PAVAXI","SNV","residue 958",NA
"SNV_cluster_0040","SNV","66","PAVCBR","SNV","residue 940",NA
"SNV_cluster_0040","SNV","108","PAVRKG","SNV","residue 906",NA
"SNV_cluster_0040","SNV","89","PAVWHF","SNV","residue 906",NA
"SNV_cluster_0040","SNV","95","PAWGGE","SNV","residue 886",NA
"SNV_cluster_0041","SNV","31","PATMAF","SNV","residue 875",NA
"SNV_cluster_0041","SNV","44","PAUCWP","SNV","residue 875",NA
"SNV_cluster_0041","SNV","47","PAUHAF","SNV","residue 958",NA
"SNV_cluster_0041","SNV","50","PAULZV","SNV","residue 875",NA
"SNV_cluster_0041","SNV","52","PAUPIV","SNV","residue 906",NA
"SNV_cluster_0041","SNV","64","PAVAXI","SNV","residue 958",NA
"SNV_cluster_0041","SNV","66","PAVCBR","SNV","residue 940",NA
"SNV_cluster_0041","SNV","108","PAVRKG","SNV","residue 906",NA
"SNV_cluster_0041","SNV","89","PAVWHF","SNV","residue 906",NA
"SNV_cluster_0041","SNV","95","PAWGGE","SNV","residue 886",NA
"SNV_cluster_0041","SNV","98","PAWHHA","SNV","residue 988",NA
"SNV_cluster_0042","SNV","47","PAUHAF","SNV","residue 958",NA
"SNV_cluster_0042","SNV","64","PAVAXI","SNV","residue 958",NA
"SNV_cluster_0042","SNV","66","PAVCBR","SNV","residue 940",NA
"SNV_cluster_0042","SNV","98","PAWHHA","SNV","residue 988",NA
"SNV_cluster_0043","SNV","12","PARWKM","SNV","residue 857",NA
"SNV_cluster_0043","SNV","113","PASHGM","SNV","residue 857",NA
"SNV_cluster_0043","SNV","24","PATGLD","SNV","residue 819",NA
"SNV_cluster_0043","SNV","28","PATKHZ","SNV","residue 549",NA
"SNV_cluster_0043","SNV","31","PATMAF","SNV","residue 875",NA
"SNV_cluster_0043","SNV","34","PATNNF","SNV","residue 857",NA
"SNV_cluster_0043","SNV","44","PAUCWP","SNV","residue 875",NA
"SNV_cluster_0043","SNV","47","PAUHAF","SNV","residue 958",NA
"SNV_cluster_0043","SNV","50","PAULZV","SNV","residue 875",NA
"SNV_cluster_0043","SNV","52","PAUPIV","SNV","residue 906",NA
"SNV_cluster_0043","SNV","64","PAVAXI","SNV","residue 958",NA
"SNV_cluster_0043","SNV","66","PAVCBR","SNV","residue 940",NA
"SNV_cluster_0043","SNV","76","PAVHUT","SNV","residue 857",NA
"SNV_cluster_0043","SNV","124","PAVPHP","SNV","residue 857",NA
"SNV_cluster_0043","SNV","108","PAVRKG","SNV","residue 906",NA
"SNV_cluster_0043","SNV","89","PAVWHF","SNV","residue 906",NA
"SNV_cluster_0043","SNV","95","PAWGGE","SNV","residue 886",NA
"SNV_cluster_0043","SNV","97","PAWGPI","SNV","residue 857",NA
"SNV_cluster_0043","SNV","98","PAWHHA","SNV","residue 988",NA
"SNV_cluster_0043","SNV","99","PAWHHA","SNV","residue 857",NA
"INDEL_cluster_0001","INDEL","1","PATZYR","INDEL","residue 881",NA
"INDEL_cluster_0001","INDEL","3","PAVPLD","INDEL","residue 879",NA
"INDEL_cluster_0001","INDEL","4","PAVUGS","INDEL","residue 879",NA
"INDEL_cluster_0002","INDEL","1","PATZYR","INDEL","residue 881",NA
"INDEL_cluster_0002","INDEL","3","PAVPLD","INDEL","residue 879",NA
"INDEL_cluster_0002","INDEL","4","PAVUGS","INDEL","residue 879",NA
"INDEL_cluster_0002","INDEL","5","PAVVVK","INDEL","residue 816",NA
"INDEL_cluster_0003","INDEL","1","PATZYR","INDEL","residue 881",NA
"INDEL_cluster_0003","INDEL","2","PAUSNW","INDEL","residue 614",NA
"INDEL_cluster_0003","INDEL","3","PAVPLD","INDEL","residue 879",NA
"INDEL_cluster_0003","INDEL","4","PAVUGS","INDEL","residue 879",NA
"INDEL_cluster_0003","INDEL","5","PAVVVK","INDEL","residue 816",NA
"INDEL_cluster_0003","INDEL","6","PAWGYU","INDEL","residue 563;564;565;566",NA
"INDEL_cluster_0004","INDEL","3","PAVPLD","INDEL","residue 879",NA
"INDEL_cluster_0004","INDEL","4","PAVUGS","INDEL","residue 879",NA
"INDEL_cluster_0005","INDEL","2","PAUSNW","INDEL","residue 614",NA
"INDEL_cluster_0005","INDEL","6","PAWGYU","INDEL","residue 563;564;565;566",NA
