"protein","source","alteration_type","cluster_id","hotspot_class","n_subjects","n_events","n_residues","diameter_1d","diameter_3d","p_1d_size","p_3d_size","p_1d_joint","p_3d_joint","p_any_joint","significant_any","exons","significant_1d","significant_3d","p_1d_protein","p_3d_protein","tree_sources","residue_min","residue_max","mean_plddt"
"LEF1","mutation","SNV","SNV_cluster_0001","Sequence-local hotspot also compact in structure",7,7,5,4,6.16846309869809,0.00199600798403194,0.00199600798403194,0.0159680638722555,0.0159680638722555,0.0159680638722555,TRUE,NA,TRUE,TRUE,0.00598802395209581,0.0119760479041916,"1D;3D",314,318,94.1
"LEF1","mutation","SNV","SNV_cluster_0002","Sequence-local hotspot also compact in structure",5,5,3,2,5.4204507192668,0.00399201596806387,0.00199600798403194,0.0239520958083832,0.0159680638722555,0.0159680638722555,TRUE,NA,TRUE,TRUE,0.00798403193612774,0.0119760479041916,"1D;3D",316,318,93.7
"LEF1","mutation","SNV","SNV_cluster_0003","Sequence-local hotspot also compact in structure",10,10,8,24,15.9566900389774,0.00598802395209581,0.00199600798403194,0.0399201596806387,0.0159680638722555,0.0159680638722555,TRUE,NA,TRUE,TRUE,0.0159680638722555,0.0119760479041916,"3D",307,331,95.2
"LEF1","mutation","SNV","SNV_cluster_0004","Linear hotspot without independent 3D enrichment",9,9,7,11,15.9566900389774,0.00199600798403194,0.00798403193612774,0.0159680638722555,0.0518962075848303,0.0159680638722555,TRUE,NA,TRUE,FALSE,0.00598802395209581,0.0379241516966068,"1D",307,318,95.1
"LEF1","mutation","SNV","SNV_cluster_0005","Sequence-local hotspot also compact in structure",13,13,11,46,27.3986153299761,0.00598802395209581,0.00399201596806387,0.0399201596806387,0.0239520958083832,0.0239520958083832,TRUE,NA,TRUE,TRUE,0.0159680638722555,0.0179640718562874,"1D;3D",307,353,96
"LEF1","mutation","SNV","SNV_cluster_0006","Weak clustering evidence",3,3,1,0,0,0.0459081836327345,0.0459081836327345,0.279441117764471,0.279441117764471,0.279441117764471,FALSE,NA,FALSE,FALSE,0.179640718562874,0.209580838323353,"1D;3D",318,318,93.4
"LEF1","mutation","SNV","SNV_cluster_0007","Weak clustering evidence",2,2,2,1,3.83904271922051,0.94810379241517,0.696606786427146,1,1,1,FALSE,NA,FALSE,FALSE,1,1,"1D;3D",314,315,94.7
"LEF1","mutation","SNV","SNV_cluster_0008","Weak clustering evidence",2,2,2,1,3.87104882428522,0.94810379241517,0.920159680638723,1,1,1,FALSE,NA,FALSE,FALSE,1,1,"1D;3D",316,317,93.8
"LEF1","mutation","SNV","SNV_cluster_0009","Weak clustering evidence",2,2,2,3,4.91054426718668,0.998003992015968,0.956087824351297,1,1,1,FALSE,NA,FALSE,FALSE,1,1,"1D;3D",307,310,97.5
"LEF1","mutation","SNV","SNV_cluster_0010","Weak clustering evidence",2,2,2,5,8.60290096420969,1,1,1,1,1,FALSE,NA,FALSE,FALSE,1,1,"1D;3D",348,353,98.3
"LEF1","mutation","SNV","SNV_cluster_0011","Weak clustering evidence",3,3,3,24,13.1569593371721,0.986027944111776,0.970059880239521,1,1,1,FALSE,NA,FALSE,FALSE,1,1,"3D",307,331,97.2
"LEF1","mutation","SNV","SNV_cluster_0012","Weak clustering evidence",3,3,3,11,16.1767230612383,0.980039920159681,0.99001996007984,1,1,1,FALSE,NA,FALSE,FALSE,1,1,"3D",342,353,97.9
"LEF1","mutation","SNV","SNV_cluster_0013","Weak clustering evidence",2,2,2,11,19.8147830419614,1,1,1,1,1,FALSE,NA,FALSE,FALSE,1,1,"1D",331,342,96.8
"LEF1","mutation","SNV","SNV_cluster_0014","Weak clustering evidence",4,4,4,22,24.4408825127081,0.87624750499002,0.940119760479042,1,1,1,FALSE,NA,FALSE,FALSE,1,1,"1D",331,353,97.6
"LEF1","mutation","INDEL","INDEL_cluster_0001","Sequence-local hotspot also compact in structure",8,8,4,4,6.41973488549177,0.00199600798403194,0.00199600798403194,0.0179640718562874,0.0179640718562874,0.0179640718562874,TRUE,NA,TRUE,TRUE,0.00798403193612774,0.0119760479041916,"1D;3D",315,319,93.5
"LEF1","mutation","INDEL","INDEL_cluster_0002","Sequence-local hotspot also compact in structure",10,10,6,17,13.0758789379529,0.00199600798403194,0.00199600798403194,0.0179640718562874,0.0179640718562874,0.0179640718562874,TRUE,NA,TRUE,TRUE,0.00798403193612774,0.0119760479041916,"3D",315,332,93.9
"LEF1","mutation","INDEL","INDEL_cluster_0003","Linear hotspot without independent 3D enrichment",11,11,7,26,24.592818057311,0.00199600798403194,0.0119760479041916,0.0179640718562874,0.0798403193612774,0.0179640718562874,TRUE,NA,TRUE,FALSE,0.00798403193612774,0.0578842315369262,"3D",315,341,94.5
"LEF1","mutation","INDEL","INDEL_cluster_0004","Linear hotspot without independent 3D enrichment",11,11,7,22,34.3811137981305,0.00199600798403194,0.155688622754491,0.0179640718562874,0.658682634730539,0.0179640718562874,TRUE,NA,TRUE,FALSE,0.00798403193612774,0.550898203592814,"1D",297,319,91.3
"LEF1","mutation","INDEL","INDEL_cluster_0005","Linear hotspot without independent 3D enrichment",14,14,10,44,37.7235854605577,0.00598802395209581,0.211576846307385,0.0359281437125748,0.75249500998004,0.0359281437125748,TRUE,NA,TRUE,FALSE,0.0139720558882236,0.660678642714571,"1D;3D",297,341,92.8
"LEF1","mutation","INDEL","INDEL_cluster_0006","Nonlocal, 3D-specific hotspot",4,4,2,1,3.85448232581238,0.0159680638722555,0.00798403193612774,0.0978043912175649,0.0479041916167665,0.0479041916167665,TRUE,NA,FALSE,TRUE,0.0658682634730539,0.0359281437125748,"1D;3D",315,316,94.1
"LEF1","mutation","INDEL","INDEL_cluster_0007","Nonlocal, 3D-specific hotspot",4,4,2,1,3.85875083414309,0.0159680638722555,0.00798403193612774,0.0978043912175649,0.0479041916167665,0.0479041916167665,TRUE,NA,FALSE,TRUE,0.0658682634730539,0.0359281437125748,"1D;3D",318,319,93
"LEF1","mutation","INDEL","INDEL_cluster_0008","Weak clustering evidence",3,3,1,0,0,0.0598802395209581,0.0598802395209581,0.333333333333333,0.333333333333333,0.333333333333333,FALSE,NA,FALSE,FALSE,0.207584830339321,0.249500998003992,"1D;3D",318,318,93.4
"LEF1","mutation","INDEL","INDEL_cluster_0009","Weak clustering evidence",2,2,1,0,0,0.688622754491018,0.688622754491018,0.994011976047904,0.994011976047904,0.994011976047904,FALSE,NA,FALSE,FALSE,0.986027944111776,0.992015968063872,"1D;3D",315,315,94
"LEF1","mutation","INDEL","INDEL_cluster_0010","Weak clustering evidence",2,2,1,0,0,0.688622754491018,0.688622754491018,0.994011976047904,0.994011976047904,0.994011976047904,FALSE,NA,FALSE,FALSE,0.986027944111776,0.992015968063872,"1D;3D",316,316,94.2
"LEF1","mutation","INDEL","INDEL_cluster_0011","Weak clustering evidence",3,3,3,3,9.24104009297655,0.692614770459082,0.888223552894212,0.994011976047904,1,0.994011976047904,FALSE,NA,FALSE,FALSE,0.986027944111776,1,"1D;3D",297,300,89.3
"LEF1","mutation","INDEL","INDEL_cluster_0012","Weak clustering evidence",2,2,2,1,3.86890410840072,0.958083832335329,0.934131736526946,1,1,1,FALSE,NA,FALSE,FALSE,1,1,"1D;3D",299,300,92.7
"LEF1","mutation","INDEL","INDEL_cluster_0013","Weak clustering evidence",2,2,2,6,9.86593102550388,1,1,1,1,1,FALSE,NA,FALSE,FALSE,1,1,"1D;3D",326,332,94.6
"LEF1","mutation","INDEL","INDEL_cluster_0014","Weak clustering evidence",3,3,3,15,24.592818057311,0.99001996007984,0.998003992015968,1,1,1,FALSE,NA,FALSE,FALSE,1,1,"1D",326,341,95.8
"LEF1","cna","HETDEL","HETDEL_cluster_0001","Exon-local CNA hotspot also compact in structure",119,119,87,4,17.9481566370832,0.00199600798403194,0.00199600798403194,0.00199600798403194,0.00199600798403194,0.00199600798403194,TRUE,"3;7",TRUE,TRUE,0.00199600798403194,0.00199600798403194,"3D",94,282,47.6
"LEF1","cna","HETDEL","HETDEL_cluster_0002","Exon-local CNA hotspot also compact in structure",113,113,94,1,22.9066951093047,0.00199600798403194,0.00199600798403194,0.00199600798403194,0.00199600798403194,0.00199600798403194,TRUE,"1;2",TRUE,TRUE,0.00199600798403194,0.00199600798403194,"1D",1,94,50.5
"LEF1","cna","HETDEL","HETDEL_cluster_0003","Exon-local CNA hotspot also compact in structure",121,121,90,1,25.5430515083498,0.00199600798403194,0.00199600798403194,0.00199600798403194,0.00199600798403194,0.00199600798403194,TRUE,"3;4",TRUE,TRUE,0.00199600798403194,0.00199600798403194,"1D",94,183,46.8
"LEF1","cna","HETDEL","HETDEL_cluster_0004","Exon-local CNA hotspot also compact in structure",120,121,109,5,34.0309003984641,0.00199600798403194,0.00199600798403194,0.00199600798403194,0.00199600798403194,0.00199600798403194,TRUE,"2;3;7",TRUE,TRUE,0.00199600798403194,0.00199600798403194,"3D",72,282,46.6
"LEF1","cna","HETDEL","HETDEL_cluster_0005","Weak clustering evidence",22,22,91,1,5.03891725778913,0.0838323353293413,0.0838323353293413,0.31936127744511,0.31936127744511,0.31936127744511,FALSE,"8;9",FALSE,FALSE,0.261477045908184,0.31936127744511,"3D",282,372,82.9
"LEF1","cna","HETDEL","HETDEL_cluster_0006","Weak clustering evidence",23,23,96,1,21.8421784038182,0.0858283433133733,0.0858283433133733,0.365269461077844,0.365269461077844,0.365269461077844,FALSE,"7;8",FALSE,FALSE,0.307385229540918,0.365269461077844,"1D",241,336,65
"LEF1","cna","HETDEL","HETDEL_cluster_0007","Weak clustering evidence",30,30,46,4,17.4842839709602,0.117764471057884,0.115768463073852,0.552894211576846,0.548902195608782,0.548902195608782,FALSE,"6;10",FALSE,FALSE,0.489021956087824,0.548902195608782,"3D",213,389,49.8
"LEF1","cna","HETDEL","HETDEL_cluster_0008","Weak clustering evidence",17,17,53,1,18.5793112780779,0.137724550898204,0.137724550898204,0.644710578842315,0.644710578842315,0.644710578842315,FALSE,"9;10",FALSE,FALSE,0.588822355289421,0.644710578842315,"1D",337,389,78.9
"LEF1","cna","HETDEL","HETDEL_cluster_0009","Weak clustering evidence",17,17,63,2,25.5907581489115,0.137724550898204,0.137724550898204,0.644710578842315,0.644710578842315,0.644710578842315,FALSE,"9;10;11",FALSE,FALSE,0.588822355289421,0.644710578842315,"1D",337,399,74.2
"LEF1","cna","HETDEL","HETDEL_cluster_0010","Weak clustering evidence",35,35,154,3,59.5255826879243,0.211576846307385,0.211576846307385,0.862275449101796,0.862275449101796,0.862275449101796,FALSE,"5;6;7;8",FALSE,FALSE,0.830339321357285,0.862275449101796,"1D",183,336,58.5
"LEF1","cna","HETDEL","HETDEL_cluster_0011","Weak clustering evidence",35,35,217,6,59.5255826879243,0.211576846307385,0.211576846307385,0.862275449101796,0.862275449101796,0.862275449101796,FALSE,"5;6;7;8;9;10;11",FALSE,FALSE,0.830339321357285,0.862275449101796,"1D",183,399,62
"LEF1","cna","HETDEL","HETDEL_cluster_0012","Weak clustering evidence",34,34,42,6,21.6125746887117,0.231536926147705,0.199600798403194,0.902195608782435,0.862275449101796,0.862275449101796,FALSE,"5;11",FALSE,FALSE,0.882235528942116,0.862275449101796,"3D",183,399,46.8
"LEF1","cna","HETDEL","HETDEL_cluster_0013","Weak clustering evidence",34,34,59,1,23.3470108635339,0.231536926147705,0.231536926147705,0.902195608782435,0.902195608782435,0.902195608782435,FALSE,"5;6",FALSE,FALSE,0.882235528942116,0.882235528942116,"1D",183,241,46.7
"LEF1","cna","HETDEL","HETDEL_cluster_0014","Weak clustering evidence",34,34,86,6,23.5635634534127,0.231536926147705,0.231536926147705,0.902195608782435,0.902195608782435,0.902195608782435,FALSE,"5;6;10;11",FALSE,FALSE,0.882235528942116,0.882235528942116,"3D",183,399,48.9
"LEF1","cna","HETDEL","HETDEL_cluster_0015","Weak clustering evidence",63,63,207,8,31.9056803847688,0.375249500998004,0.333333333333333,0.916167664670659,0.916167664670659,0.916167664670659,FALSE,"1;4;8;9",FALSE,FALSE,0.916167664670659,0.914171656686627,"3D",1,372,63.2
"LEF1","cna","HETDEL","HETDEL_cluster_0016","Weak clustering evidence",63,63,292,10,46.6929587977115,0.375249500998004,0.333333333333333,0.916167664670659,0.916167664670659,0.916167664670659,FALSE,"1;4;5;6;8;9;10;11",FALSE,FALSE,0.916167664670659,0.914171656686627,"3D",1,399,59.5
"LEF1","cna","HETDEL","HETDEL_cluster_0017","Weak clustering evidence",46,46,162,8,10.0248159892449,0.489021956087824,0.413173652694611,0.962075848303393,0.952095808383233,0.952095808383233,FALSE,"1;8;9",FALSE,FALSE,0.962075848303393,0.952095808383233,"3D",1,372,68.3
"LEF1","cna","HETDEL","HETDEL_cluster_0018","Single-exon recurrence assessed separately",25,25,71,0,0,NA,NA,NA,NA,NA,FALSE,"1",FALSE,FALSE,NA,NA,"1D;3D",1,71,53.2
"LEF1","cna","HETDEL","HETDEL_cluster_0019","Single-exon recurrence assessed separately",15,15,17,0,0,NA,NA,NA,NA,NA,FALSE,"10",FALSE,FALSE,NA,NA,"1D;3D",373,389,53.1
"LEF1","cna","HETDEL","HETDEL_cluster_0020","Single-exon recurrence assessed separately",15,15,11,0,0,NA,NA,NA,NA,NA,FALSE,"11",FALSE,FALSE,NA,NA,"1D;3D",389,399,51.4
"LEF1","cna","HETDEL","HETDEL_cluster_0021","Single-exon recurrence assessed separately",108,108,23,0,0,NA,NA,NA,NA,NA,FALSE,"2",FALSE,FALSE,NA,NA,"1D;3D",72,94,42.2
"LEF1","cna","HETDEL","HETDEL_cluster_0022","Single-exon recurrence assessed separately",110,110,45,0,0,NA,NA,NA,NA,NA,FALSE,"3",FALSE,FALSE,NA,NA,"1D;3D",94,138,47.7
"LEF1","cna","HETDEL","HETDEL_cluster_0023","Single-exon recurrence assessed separately",39,39,45,0,0,NA,NA,NA,NA,NA,FALSE,"4",FALSE,FALSE,NA,NA,"1D;3D",139,183,45.7
"LEF1","cna","HETDEL","HETDEL_cluster_0024","Single-exon recurrence assessed separately",34,34,31,0,0,NA,NA,NA,NA,NA,FALSE,"5",FALSE,FALSE,NA,NA,"1D;3D",183,213,45
"LEF1","cna","HETDEL","HETDEL_cluster_0025","Single-exon recurrence assessed separately",30,30,29,0,0,NA,NA,NA,NA,NA,FALSE,"6",FALSE,FALSE,NA,NA,"1D;3D",213,241,47.9
"LEF1","cna","HETDEL","HETDEL_cluster_0026","Single-exon recurrence assessed separately",23,23,42,0,0,NA,NA,NA,NA,NA,FALSE,"7",FALSE,FALSE,NA,NA,"1D;3D",241,282,47.4
"LEF1","cna","HETDEL","HETDEL_cluster_0027","Single-exon recurrence assessed separately",22,22,55,0,0,NA,NA,NA,NA,NA,FALSE,"8",FALSE,FALSE,NA,NA,"1D;3D",282,336,78.8
"LEF1","cna","HETDEL","HETDEL_cluster_0028","Single-exon recurrence assessed separately",17,17,36,0,0,NA,NA,NA,NA,NA,FALSE,"9",FALSE,FALSE,NA,NA,"1D;3D",337,372,94.1
"LEF1","cna","HETDEL","HETDEL_cluster_0029","Multi-exon compactness not testable: invariant null",127,128,183,3,78.9045395221081,NA,NA,NA,NA,NA,FALSE,"1;2;3;4",FALSE,FALSE,NA,NA,"1D",1,183,48.9
"LEF1","cna","HETDEL","HETDEL_cluster_0030","Multi-exon compactness not testable: invariant null",128,129,399,10,78.9045395221081,NA,NA,NA,NA,NA,FALSE,"1;2;3;4;5;6;7;8;9;10;11",FALSE,FALSE,NA,NA,"1D;3D",1,399,56.3
"LEF1","cna","HOMDEL","HOMDEL_cluster_0001","Exon-local CNA hotspot also compact in structure",30,30,87,4,17.9481566370832,0.00199600798403194,0.00199600798403194,0.00598802395209581,0.00598802395209581,0.00598802395209581,TRUE,"3;7",TRUE,TRUE,0.00199600798403194,0.00598802395209581,"3D",94,282,47.6
"LEF1","cna","HOMDEL","HOMDEL_cluster_0002","Exon-local CNA hotspot also compact in structure",30,30,94,1,22.9066951093047,0.00199600798403194,0.00199600798403194,0.00598802395209581,0.00598802395209581,0.00598802395209581,TRUE,"1;2",TRUE,TRUE,0.00199600798403194,0.00598802395209581,"1D",1,94,50.5
"LEF1","cna","HOMDEL","HOMDEL_cluster_0003","Exon-local CNA hotspot also compact in structure",30,30,90,1,25.5430515083498,0.00199600798403194,0.00199600798403194,0.00598802395209581,0.00598802395209581,0.00598802395209581,TRUE,"3;4",TRUE,TRUE,0.00199600798403194,0.00598802395209581,"1D",94,183,46.8
"LEF1","cna","HOMDEL","HOMDEL_cluster_0004","Exon-local CNA hotspot also compact in structure",30,30,109,5,34.0309003984641,0.00199600798403194,0.00199600798403194,0.00598802395209581,0.00598802395209581,0.00598802395209581,TRUE,"2;3;7",TRUE,TRUE,0.00199600798403194,0.00598802395209581,"3D",72,282,46.6
"LEF1","cna","HOMDEL","HOMDEL_cluster_0005","Exon-order hotspot without independent 3D enrichment",30,30,183,3,78.9045395221081,0.00199600798403194,1,0.00598802395209581,1,0.00598802395209581,TRUE,"1;2;3;4",TRUE,FALSE,0.00199600798403194,1,"1D",1,183,48.9
"LEF1","cna","HOMDEL","HOMDEL_cluster_0006","Exon-order hotspot without independent 3D enrichment",30,30,372,8,78.9045395221081,0.00598802395209581,1,0.0139720558882236,1,0.0139720558882236,TRUE,"1;2;3;4;5;6;7;8;9",TRUE,FALSE,0.0119760479041916,1,"1D;3D",1,372,56.4
"LEF1","cna","HOMDEL","HOMDEL_cluster_0007","Weak clustering evidence",2,2,59,1,23.3470108635339,0.465069860279441,0.465069860279441,0.648702594810379,0.648702594810379,0.648702594810379,FALSE,"5;6",FALSE,FALSE,0.640718562874252,0.502994011976048,"1D;3D",183,241,46.7
"LEF1","cna","HOMDEL","HOMDEL_cluster_0008","Weak clustering evidence",2,2,103,2,25.8778451866679,0.465069860279441,0.465069860279441,0.648702594810379,0.648702594810379,0.648702594810379,FALSE,"4;5;6",FALSE,FALSE,0.640718562874252,0.502994011976048,"3D",139,241,46.2
"LEF1","cna","HOMDEL","HOMDEL_cluster_0009","Weak clustering evidence",2,2,190,4,59.5255826879243,0.465069860279441,0.465069860279441,0.648702594810379,0.648702594810379,0.648702594810379,FALSE,"5;6;7;8;9",FALSE,FALSE,0.640718562874252,0.502994011976048,"1D",183,372,63
"LEF1","cna","HOMDEL","HOMDEL_cluster_0010","Weak clustering evidence",5,5,162,8,10.0248159892449,0.662674650698603,0.646706586826347,0.968063872255489,0.968063872255489,0.968063872255489,FALSE,"1;8;9",FALSE,FALSE,0.968063872255489,0.952095808383233,"3D",1,372,68.3
"LEF1","cna","HOMDEL","HOMDEL_cluster_0011","Weak clustering evidence",5,5,265,8,32.7009051669741,0.662674650698603,0.662674650698603,0.968063872255489,0.968063872255489,0.968063872255489,FALSE,"1;4;5;6;8;9",FALSE,FALSE,0.968063872255489,0.952095808383233,"3D",1,372,59.9
"LEF1","cna","HOMDEL","HOMDEL_cluster_0012","Single-exon recurrence assessed separately",4,4,71,0,0,NA,NA,NA,NA,NA,FALSE,"1",FALSE,FALSE,NA,NA,"1D;3D",1,71,53.2
"LEF1","cna","HOMDEL","HOMDEL_cluster_0013","Single-exon recurrence assessed separately",30,30,23,0,0,NA,NA,NA,NA,NA,FALSE,"2",FALSE,FALSE,NA,NA,"1D;3D",72,94,42.2
"LEF1","cna","HOMDEL","HOMDEL_cluster_0014","Single-exon recurrence assessed separately",30,30,45,0,0,NA,NA,NA,NA,NA,FALSE,"3",FALSE,FALSE,NA,NA,"1D;3D",94,138,47.7
"LEF1","cna","HOMDEL","HOMDEL_cluster_0015","Single-exon recurrence assessed separately",2,2,45,0,0,NA,NA,NA,NA,NA,FALSE,"4",FALSE,FALSE,NA,NA,"1D;3D",139,183,45.7
"LEF1","cna","HOMDEL","HOMDEL_cluster_0016","Single-exon recurrence assessed separately",2,2,31,0,0,NA,NA,NA,NA,NA,FALSE,"5",FALSE,FALSE,NA,NA,"1D;3D",183,213,45
"LEF1","cna","HOMDEL","HOMDEL_cluster_0017","Single-exon recurrence assessed separately",2,2,29,0,0,NA,NA,NA,NA,NA,FALSE,"6",FALSE,FALSE,NA,NA,"1D;3D",213,241,47.9
"LEF1","cna","ALL_CNA","ALL_CNA_cluster_0001","Exon-local CNA hotspot also compact in structure",138,143,94,1,22.9066951093047,0.00199600798403194,0.00199600798403194,0.00199600798403194,0.00199600798403194,0.00199600798403194,TRUE,"1;2",TRUE,TRUE,0.00199600798403194,0.00199600798403194,"1D",1,94,50.5
"LEF1","cna","ALL_CNA","ALL_CNA_cluster_0002","Weak clustering evidence",32,32,46,4,17.4842839709602,0.0359281437125748,0.0359281437125748,0.0558882235528942,0.0558882235528942,0.0558882235528942,FALSE,"6;10",FALSE,FALSE,0.0558882235528942,0.0558882235528942,"3D",213,389,49.8
"LEF1","cna","ALL_CNA","ALL_CNA_cluster_0003","Weak clustering evidence",36,36,42,6,21.6125746887117,0.093812375249501,0.0918163672654691,0.147704590818363,0.145708582834331,0.145708582834331,FALSE,"5;11",FALSE,FALSE,0.147704590818363,0.145708582834331,"3D",183,399,46.8
"LEF1","cna","ALL_CNA","ALL_CNA_cluster_0004","Weak clustering evidence",36,36,59,1,23.3470108635339,0.093812375249501,0.093812375249501,0.147704590818363,0.147704590818363,0.147704590818363,FALSE,"5;6",FALSE,FALSE,0.147704590818363,0.147704590818363,"1D",183,241,46.7
"LEF1","cna","ALL_CNA","ALL_CNA_cluster_0005","Weak clustering evidence",36,36,86,6,23.5635634534127,0.093812375249501,0.093812375249501,0.147704590818363,0.147704590818363,0.147704590818363,FALSE,"5;6;10;11",FALSE,FALSE,0.147704590818363,0.147704590818363,"3D",183,399,48.9
"LEF1","cna","ALL_CNA","ALL_CNA_cluster_0006","Weak clustering evidence",36,37,154,3,59.5255826879243,0.093812375249501,0.093812375249501,0.147704590818363,0.147704590818363,0.147704590818363,FALSE,"5;6;7;8",FALSE,FALSE,0.147704590818363,0.147704590818363,"1D",183,336,58.5
"LEF1","cna","ALL_CNA","ALL_CNA_cluster_0007","Weak clustering evidence",36,37,217,6,59.5255826879243,0.093812375249501,0.093812375249501,0.147704590818363,0.147704590818363,0.147704590818363,FALSE,"5;6;7;8;9;10;11",FALSE,FALSE,0.147704590818363,0.147704590818363,"1D",183,399,62
"LEF1","cna","ALL_CNA","ALL_CNA_cluster_0008","Weak clustering evidence",24,24,96,1,21.8421784038182,0.121756487025948,0.121756487025948,0.315369261477046,0.315369261477046,0.315369261477046,FALSE,"7;8",FALSE,FALSE,0.315369261477046,0.315369261477046,"1D",241,336,65
"LEF1","cna","ALL_CNA","ALL_CNA_cluster_0009","Weak clustering evidence",23,23,91,1,5.03891725778913,0.125748502994012,0.125748502994012,0.413173652694611,0.413173652694611,0.413173652694611,FALSE,"8;9",FALSE,FALSE,0.413173652694611,0.413173652694611,"3D",282,372,82.9
"LEF1","cna","ALL_CNA","ALL_CNA_cluster_0010","Weak clustering evidence",18,18,53,1,18.5793112780779,0.157684630738523,0.157684630738523,0.666666666666667,0.666666666666667,0.666666666666667,FALSE,"9;10",FALSE,FALSE,0.644710578842315,0.666666666666667,"1D",337,389,78.9
"LEF1","cna","ALL_CNA","ALL_CNA_cluster_0011","Weak clustering evidence",18,18,63,2,25.5907581489115,0.157684630738523,0.157684630738523,0.666666666666667,0.666666666666667,0.666666666666667,FALSE,"9;10;11",FALSE,FALSE,0.644710578842315,0.666666666666667,"1D",337,399,74.2
"LEF1","cna","ALL_CNA","ALL_CNA_cluster_0012","Weak clustering evidence",65,68,207,8,31.9056803847688,0.325349301397206,0.325349301397206,0.840319361277445,0.840319361277445,0.840319361277445,FALSE,"1;4;8;9",FALSE,FALSE,0.840319361277445,0.840319361277445,"3D",1,372,63.2
"LEF1","cna","ALL_CNA","ALL_CNA_cluster_0013","Weak clustering evidence",65,68,292,10,46.6929587977115,0.325349301397206,0.325349301397206,0.840319361277445,0.840319361277445,0.840319361277445,FALSE,"1;4;5;6;8;9;10;11",FALSE,FALSE,0.840319361277445,0.840319361277445,"3D",1,399,59.5
"LEF1","cna","ALL_CNA","ALL_CNA_cluster_0014","Weak clustering evidence",49,51,162,8,10.0248159892449,0.419161676646707,0.29940119760479,0.870259481037924,0.840319361277445,0.840319361277445,FALSE,"1;8;9",FALSE,FALSE,0.870259481037924,0.830339321357285,"3D",1,372,68.3
"LEF1","cna","ALL_CNA","ALL_CNA_cluster_0015","Single-exon recurrence assessed separately",29,29,71,0,0,NA,NA,NA,NA,NA,FALSE,"1",FALSE,FALSE,NA,NA,"1D;3D",1,71,53.2
"LEF1","cna","ALL_CNA","ALL_CNA_cluster_0016","Single-exon recurrence assessed separately",15,15,17,0,0,NA,NA,NA,NA,NA,FALSE,"10",FALSE,FALSE,NA,NA,"1D;3D",373,389,53.1
"LEF1","cna","ALL_CNA","ALL_CNA_cluster_0017","Single-exon recurrence assessed separately",15,15,11,0,0,NA,NA,NA,NA,NA,FALSE,"11",FALSE,FALSE,NA,NA,"1D;3D",389,399,51.4
"LEF1","cna","ALL_CNA","ALL_CNA_cluster_0018","Single-exon recurrence assessed separately",138,138,23,0,0,NA,NA,NA,NA,NA,FALSE,"2",FALSE,FALSE,NA,NA,"1D;3D",72,94,42.2
"LEF1","cna","ALL_CNA","ALL_CNA_cluster_0019","Single-exon recurrence assessed separately",140,140,45,0,0,NA,NA,NA,NA,NA,FALSE,"3",FALSE,FALSE,NA,NA,"1D;3D",94,138,47.7
"LEF1","cna","ALL_CNA","ALL_CNA_cluster_0020","Single-exon recurrence assessed separately",41,41,45,0,0,NA,NA,NA,NA,NA,FALSE,"4",FALSE,FALSE,NA,NA,"1D;3D",139,183,45.7
"LEF1","cna","ALL_CNA","ALL_CNA_cluster_0021","Single-exon recurrence assessed separately",36,36,31,0,0,NA,NA,NA,NA,NA,FALSE,"5",FALSE,FALSE,NA,NA,"1D;3D",183,213,45
"LEF1","cna","ALL_CNA","ALL_CNA_cluster_0022","Single-exon recurrence assessed separately",32,32,29,0,0,NA,NA,NA,NA,NA,FALSE,"6",FALSE,FALSE,NA,NA,"1D;3D",213,241,47.9
"LEF1","cna","ALL_CNA","ALL_CNA_cluster_0023","Single-exon recurrence assessed separately",24,24,42,0,0,NA,NA,NA,NA,NA,FALSE,"7",FALSE,FALSE,NA,NA,"1D;3D",241,282,47.4
"LEF1","cna","ALL_CNA","ALL_CNA_cluster_0024","Single-exon recurrence assessed separately",23,23,55,0,0,NA,NA,NA,NA,NA,FALSE,"8",FALSE,FALSE,NA,NA,"1D;3D",282,336,78.8
"LEF1","cna","ALL_CNA","ALL_CNA_cluster_0025","Single-exon recurrence assessed separately",18,18,36,0,0,NA,NA,NA,NA,NA,FALSE,"9",FALSE,FALSE,NA,NA,"1D;3D",337,372,94.1
"LEF1","cna","ALL_CNA","ALL_CNA_cluster_0026","Multi-exon compactness not testable: invariant null",142,149,87,4,17.9481566370832,NA,NA,NA,NA,NA,FALSE,"3;7",FALSE,FALSE,NA,NA,"3D",94,282,47.6
"LEF1","cna","ALL_CNA","ALL_CNA_cluster_0027","Multi-exon compactness not testable: invariant null",142,151,90,1,25.5430515083498,NA,NA,NA,NA,NA,FALSE,"3;4",FALSE,FALSE,NA,NA,"1D",94,183,46.8
"LEF1","cna","ALL_CNA","ALL_CNA_cluster_0028","Multi-exon compactness not testable: invariant null",143,151,109,5,34.0309003984641,NA,NA,NA,NA,NA,FALSE,"2;3;7",FALSE,FALSE,NA,NA,"3D",72,282,46.6
"LEF1","cna","ALL_CNA","ALL_CNA_cluster_0029","Multi-exon compactness not testable: invariant null",143,158,183,3,78.9045395221081,NA,NA,NA,NA,NA,FALSE,"1;2;3;4",FALSE,FALSE,NA,NA,"1D",1,183,48.9
"LEF1","cna","ALL_CNA","ALL_CNA_cluster_0030","Multi-exon compactness not testable: invariant null",143,159,399,10,78.9045395221081,NA,NA,NA,NA,NA,FALSE,"1;2;3;4;5;6;7;8;9;10;11",FALSE,FALSE,NA,NA,"1D;3D",1,399,56.3
