"residue","x","y","z","plddt"
1,-40.469,4.489,4.54,30.34
2,-40.714,4.154,0.732,34.34
3,-41.045,0.426,-0.363,36.19
4,-39.999,-2.511,-2.567,33
5,-38.885,-3.866,-5.769,38.44
6,-38.13,-7.635,-5.605,35.47
7,-36.375,-9.914,-8.123,38.59
8,-35.292,-12.92,-7.78,36.06
9,-32.978,-15.998,-8.28,34.84
10,-30.724,-18.047,-7.404,35.41
11,-27.939,-20.645,-7.209,34.62
12,-24.339,-21.77,-7.016,34.16
13,-21.836,-22.574,-4.241,33.88
14,-18.11,-23.192,-4.524,35.69
15,-15.019,-22.11,-2.649,30.05
16,-11.918,-21.653,-3.6,38.75
17,-9.026,-19.131,-3.806,31.67
18,-8.747,-16.994,-7.032,35.81
19,-8.379,-14.269,-8.881,31.14
20,-9.609,-11.306,-10.949,31.89
21,-12.532,-8.997,-10.369,33.06
22,-12.53,-8.112,-14.084,31.97
23,-15.16,-5.388,-14.232,33.44
24,-15.646,-5.071,-18.004,29.47
25,-14.849,-1.566,-19.135,34.97
26,-15.857,-1.686,-22.75,29.09
27,-14.106,1.623,-23.462,32
28,-11.865,2.008,-26.517,27.91
29,-8.311,2.813,-25.479,28.58
30,-7.474,5.034,-28.41,29.23
31,-3.681,4.658,-28.471,27.27
32,-2.733,8.332,-28.521,28.91
33,0.675,7.923,-30.13,28.06
34,2.357,11.073,-28.819,31.44
35,4.908,11.545,-31.615,30.7
36,8.038,12.952,-29.973,33.5
37,9.293,15.512,-32.512,34.81
38,12.964,16.012,-31.588,33.31
39,13.945,19.67,-32.16,33.16
40,17.663,20.421,-31.504,35.5
41,18.756,24.114,-31.613,36.69
42,20.428,26.238,-29.865,35.97
43,21.067,29.637,-28.219,34.72
44,19.9,33.254,-27.993,33.69
45,18.879,35.608,-25.124,32.75
46,17.034,38.962,-25.138,36.34
47,14.607,40.735,-23.808,35.56
48,11.82,43.343,-24.416,35.5
49,8.029,43.583,-23.826,32.38
50,5.244,45.6,-25.479,34.03
51,1.47,45.129,-25.087,31.58
52,-1.042,46.862,-27.332,35.97
53,-4.779,46.162,-27.613,33.44
54,-7.583,47.075,-29.982,32.69
55,-9.017,48.679,-32.852,37.53
56,-11.751,47.5,-35.234,33.16
57,-12.56,49.015,-38.615,39.53
58,-15.38,47.819,-40.887,36.16
59,-16.083,47.402,-44.653,40.56
60,-17.723,45.857,-47.003,40.38
61,-20.642,43.54,-47.921,38.09
62,-20.713,41.046,-50.785,40.66
63,-24.118,39.319,-50.921,38.72
64,-24.247,35.608,-51.748,43.06
65,-27.553,34.06,-50.615,35.62
66,-27.127,30.727,-48.848,44.19
67,-30.574,29.534,-47.726,43.62
68,-30.915,29.011,-43.941,46.47
69,-31.99,25.369,-43.701,47.06
70,-34.411,24.979,-40.731,46.81
71,-32.605,23.588,-37.639,50.06
72,-34.468,20.25,-37.342,54.31
73,-35.582,19.952,-33.68,55.34
74,-33.36,17.17,-32.214,61.66
75,-35.259,13.846,-32.479,66.62
76,-36.667,13.051,-28.973,78.62
77,-34.404,9.925,-28.889,79.56
78,-31.209,12.103,-29.067,79.12
79,-32.437,14.302,-26.151,81.75
80,-33.166,11.155,-24.102,87.5
81,-29.706,9.689,-24.954,88.56
82,-27.914,12.989,-24.005,88.81
83,-29.869,13.084,-20.69,90.69
84,-28.906,9.418,-20.002,93.38
85,-25.192,10.239,-20.672,93.5
86,-25.542,13.107,-18.144,93.94
87,-27.023,10.694,-15.536,94.62
88,-24.316,8.023,-16.164,94.62
89,-21.509,10.637,-15.925,94.12
90,-22.666,11.781,-12.421,95.81
91,-23.894,8.314,-11.282,96.12
92,-20.453,6.59,-11.52,93.5
93,-18.528,8.977,-9.133,96
94,-21.639,9.329,-6.873,96.44
95,-21.834,5.52,-6.336,96.94
96,-18.063,5.46,-5.479,95.5
97,-18.448,8.294,-2.904,97.31
98,-21.614,6.695,-1.364,96.12
99,-19.682,3.408,-0.939,96.56
100,-16.618,5.288,0.452,95.69
101,-18.925,7.09,2.966,95.62
102,-20.023,3.75,4.525,96.19
103,-16.447,2.358,4.351,95.44
104,-14.671,5.442,5.804,95.81
105,-17.204,5.763,8.682,94.56
106,-15.891,2.31,9.847,95.31
107,-12.292,2.444,8.469,94.31
108,-11.143,6.129,8.268,96.38
109,-8.248,7.078,5.902,95.19
110,-7.489,10.104,8.133,97.12
111,-9.236,11.907,11.008,97.31
112,-11.355,14.893,9.824,97.69
113,-10.651,16.626,13.222,97
114,-6.901,16.895,12.275,96.69
115,-7.517,18.814,8.995,96.38
116,-6.586,22.55,9.124,94.06
117,-9.887,23.604,7.446,94.75
118,-11.859,21.439,10.03,96.12
119,-10.228,22.795,13.267,93.25
120,-13.724,23.522,14.727,93.94
121,-14.449,19.706,14.94,95.62
122,-11.987,19.156,17.818,94.69
123,-13.544,20.6,21.012,94.25
124,-10.395,19.572,22.994,94.44
125,-7.181,21.594,23.431,94.75
126,-3.632,20.28,24.167,95.25
127,-3.463,22.184,27.548,95.25
128,-3.542,18.979,29.718,94.06
129,-0.342,17.604,28.049,94.5
130,2.011,19.978,29.977,94.62
131,0.653,18.938,33.437,95.38
132,0.001,15.219,32.673,94.94
133,2.195,12.694,34.578,95.25
134,2.161,9.043,33.405,95.5
135,2.978,7.797,36.95,95.19
136,-0.438,9.065,38.232,95.38
137,-2.185,6.618,35.825,94.38
138,-1.706,3.52,38.041,93.06
139,-3.212,5.079,41.213,93.56
140,-6.189,6.431,39.166,93.56
141,-6.851,2.974,37.605,91.94
142,-6.53,1.164,40.989,91.44
143,-8.996,3.641,42.593,92.06
144,-11.487,3.052,39.718,88.75
145,-11.056,-0.768,40.1,83.62
146,-11.614,-0.646,43.908,81.12
147,-14.95,1.204,43.344,79.31
148,-16.126,-1.645,41.02,70.19
149,-18.603,-4.211,42.501,61.69
150,-16.862,-7.612,42.611,59.47
151,-19.637,-10.11,41.795,61.5
152,-18.801,-12.968,44.192,62.75
153,-20.298,-15.653,41.936,64.06
154,-21.94,-18.433,43.966,65.62
155,-20.452,-21.955,43.603,69.94
156,-23.176,-23.362,41.263,84.81
157,-25.739,-22.249,38.653,89.44
158,-28.857,-24.358,39.375,91.5
159,-31.468,-24.745,36.579,92.75
160,-34.848,-26.345,37.533,93.81
161,-36.982,-27.109,34.433,94.38
162,-40.767,-26.823,34.994,91.81
163,-41.9,-27.847,31.471,90.12
164,-41.674,-27.586,27.68,92.12
165,-44.861,-26.07,26.181,89.88
166,-45.85,-26.72,22.536,85.69
167,-49.479,-26.048,21.442,71.25
168,-49.417,-27.792,17.993,61.38
169,-50.846,-31.249,18.853,52.75
170,-54.582,-31.64,18.873,42.44
171,-54.949,-34.287,21.648,46
172,-55.635,-37.501,19.711,38.12
173,-58.603,-39.113,21.578,45.81
174,-56.841,-42.604,21.709,40.31
175,-53.279,-42.133,23.179,45.19
176,-52.661,-44.507,26.157,45.59
177,-49.007,-44.387,24.812,47.72
178,-48.403,-40.588,24.469,54.19
179,-44.799,-39.784,25.417,60.38
180,-45.398,-37.285,28.29,78.56
181,-41.725,-36.05,28.241,85
182,-39.21,-34.435,25.826,90.12
183,-35.408,-34.793,25.975,92.88
184,-33.779,-31.484,27.012,93.81
185,-30.016,-31.084,26.54,94.44
186,-28.149,-28.116,28.034,94.62
187,-24.772,-27.078,26.571,94.19
188,-22.292,-24.486,27.825,93.94
189,-21.173,-22.543,24.723,93.75
190,-17.709,-20.995,25.308,93
191,-16.95,-18.34,22.641,92.75
192,-13.145,-17.942,22.497,92.38
193,-11.042,-14.921,21.476,92.62
194,-10.092,-14.992,17.745,93.5
195,-6.338,-15.731,17.22,92.81
196,-4.283,-14.673,14.116,92.5
197,-4.865,-18.059,12.338,94.12
198,-8.605,-18.142,13.11,92.44
199,-11.065,-16.692,10.512,92.94
200,-13.781,-16.303,13.229,91.94
201,-14.058,-16.625,17.049,92.19
202,-13.721,-20.393,17.897,93.44
203,-16.801,-21.933,19.602,93.88
204,-16.494,-24.773,22.171,91.62
205,-19.664,-26.577,23.276,93.12
206,-19.464,-28.424,26.63,92.31
207,-22.527,-30.668,27.292,92.81
208,-23.62,-29.833,30.882,91
209,-26.337,-32.537,30.953,89.56
210,-29.476,-34.197,29.51,92.69
211,-32.858,-34.398,31.341,91.94
212,-36.37,-35.606,30.519,91.44
213,-38.672,-32.539,30.853,91.06
214,-42.497,-32.928,30.983,90.44
215,-44.336,-31.974,27.759,88.69
216,-47.218,-29.504,28.484,87.06
217,-47.369,-30.147,32.318,84.31
218,-50.563,-29.083,34.123,75.94
219,-49.404,-26.334,36.557,68.31
220,-52.164,-27.445,38.999,65.5
221,-51.173,-31.186,39.271,60.69
222,-47.356,-31.057,39.617,60.72
223,-45.9,-31.298,43.174,58.62
224,-43.145,-28.549,43.378,57.72
225,-40.453,-31.1,44.528,62.22
226,-40.367,-33.334,41.365,74.88
227,-38.964,-31.025,38.606,83.25
228,-35.787,-32.115,36.69,88.19
229,-32.824,-30.046,37.972,87.5
230,-29.331,-29.475,36.481,89.62
231,-26.412,-27.721,38.251,88
232,-23.617,-26.042,36.2,87
233,-20.443,-25.574,38.314,86.12
234,-19.168,-21.969,38.506,81.19
235,-15.64,-23.407,37.921,81.31
236,-16.671,-23.775,34.223,83.75
237,-16.777,-19.911,34.07,82.06
238,-13.241,-19.732,35.59,72.94
239,-11.656,-16.209,35.755,70.56
240,-8.273,-17.894,34.879,75.25
241,-9.615,-18.611,31.32,80.56
242,-10.397,-14.87,30.999,78.31
243,-7.768,-14.255,28.315,86.31
244,-8.975,-17.259,26.191,89.62
245,-12.8,-17.122,26.575,91.5
246,-14.631,-14.014,25.353,90.62
247,-18.156,-14.961,26.563,91.62
248,-20.233,-17.814,28.048,91.88
249,-23.743,-18.838,26.844,93.69
250,-26.19,-21.669,27.654,93.94
251,-27.699,-23.489,24.637,95
252,-30.943,-25.402,25.28,94.81
253,-31.799,-28.207,22.78,94.38
254,-35.164,-30.01,23.052,92.81
255,-35.464,-33.157,20.895,89.81
256,-38.866,-34.745,20.227,79.81
257,-38.977,-38.315,18.793,68.25
258,-41.299,-38.636,15.732,58.59
259,-44.163,-41.229,15.825,49.44
260,-43.31,-44.65,14.301,42.25
261,-46.538,-46.472,13.414,36.91
262,-45.562,-50.182,13.673,34.28
263,-48.344,-52.223,11.972,36.22
264,-48.34,-55.827,10.685,35.25
265,-46.623,-59.058,11.739,38.34
266,-46.038,-61.601,8.97,39.31
267,-43.583,-64.494,9.422,38.09
268,-41.517,-65.643,6.417,38.06
269,-37.837,-66.573,6.731,37.44
270,-35.601,-67.153,3.858,39.56
271,-31.96,-66.104,3.7,37.94
272,-29.506,-65.449,1.04,40.91
273,-26.569,-63.113,0.404,40.09
274,-24.561,-61.159,-2.275,44.78
275,-23.148,-58.028,-2.608,40.22
276,-21.675,-55.202,-4.813,40.06
277,-21.849,-51.655,-5.915,36.84
278,-22.577,-48.394,-7.781,37.38
279,-24.309,-45.271,-9.161,36.5
280,-27.161,-42.769,-9.403,37.78
281,-29.718,-40.863,-10.101,37.78
282,-32.376,-38.3,-8.953,33.47
283,-36.128,-38.263,-9.206,34.44
284,-39.416,-39.168,-7.33,33.53
285,-40.907,-39.515,-3.861,33.69
286,-43.744,-38.099,-2.4,33.19
287,-44.256,-37.62,1.402,30.12
288,-41.859,-38.013,4.338,33.91
289,-43.209,-35.74,7.149,40.94
290,-41.986,-37.843,10.166,46
291,-38.47,-36.718,11.259,59.31
292,-37.252,-36.008,14.849,72
293,-37.996,-32.296,15.562,82.69
294,-35.308,-30.296,17.398,88.62
295,-35.945,-26.938,19.128,91.44
296,-33.147,-24.552,20.231,93.5
297,-32.681,-21.464,22.425,93.06
298,-29.454,-19.652,23.442,92.88
299,-28.92,-17.34,26.463,92.31
300,-25.732,-15.412,27.39,92.44
301,-24.498,-16.023,30.992,89.88
302,-21.516,-13.623,30.769,87.88
303,-21.108,-10.908,28.144,86.88
304,-17.785,-9.897,26.481,85.94
305,-17.235,-7.458,29.423,84.88
306,-17.682,-10.311,32.052,81.44
307,-21.003,-8.844,33.258,82.5
308,-23.386,-11.476,34.638,86.12
309,-26.618,-11.343,32.55,86.56
310,-28.513,-14.329,34.077,87.62
311,-29.926,-13.333,37.486,88.31
312,-31.953,-15.386,40.005,89.56
313,-35.555,-15.837,38.807,89.56
314,-38.222,-17.67,36.821,91.31
315,-37.435,-17.726,33.086,92.31
316,-39.567,-18.482,30.059,91.56
317,-37.656,-18.842,26.76,90.94
318,-39.121,-19.027,23.27,90.56
319,-37.621,-22,21.382,90
320,-36.954,-22.114,17.59,87.44
321,-37.226,-25.242,15.373,85.5
322,-33.77,-26.148,13.966,75.56
323,-34.085,-27.158,10.286,63.38
324,-31.099,-29.457,9.446,48.19
325,-29.017,-27.387,6.981,32.78
326,-25.518,-26.531,7.577,31.89
327,-23.224,-24.506,9.876,31.34
328,-22.966,-20.967,8.402,38.34
329,-21.197,-18.316,10.486,45.16
330,-23.311,-15.177,11.165,36.66
331,-24.824,-13.229,8.35,31.58
332,-27.144,-10.73,9.984,32.28
333,-29.828,-10.94,7.266,33.06
334,-32.919,-8.75,7.926,35.25
335,-35.117,-11.896,7.624,35.53
336,-36.555,-13.701,10.663,32.16
337,-40.186,-14.169,9.625,41.12
338,-41.884,-17.43,8.902,40.62
339,-44.74,-16.025,6.68,44
340,-43.942,-12.279,6.238,44.12
341,-46.048,-11.022,9.253,48.91
342,-44.029,-9.127,11.899,45.31
343,-45.202,-10.775,15.115,47.88
344,-44.342,-8.467,18.09,53.31
345,-41.432,-10.072,20.095,56.19
346,-43.887,-11.184,22.834,63.88
347,-46.442,-12.92,20.495,62.19
348,-43.779,-15.634,19.927,62.53
349,-44.452,-16.733,23.567,68.06
350,-48.239,-17.066,23.04,68.56
351,-47.963,-19.121,19.774,71.12
352,-44.472,-20.794,19.673,77.94
353,-42.784,-23.603,21.677,89.31
354,-41.529,-22.335,25.096,91.81
355,-39.225,-23.748,27.81,92.75
356,-39.907,-22.688,31.421,93.12
357,-37.315,-23.007,34.222,93.31
358,-36.156,-21.458,37.524,92.88
359,-32.536,-20.205,37.675,91.69
360,-30.67,-19.838,41.029,89.88
361,-27.011,-19.115,41.932,86.5
362,-26.401,-21.505,44.915,82.06
363,-23.418,-21.775,47.332,70.44
364,-21.698,-24.962,48.669,57.81
365,-23.414,-24.177,52.02,52.75
366,-27.275,-23.981,52.249,51.69
367,-26.825,-20.146,52.377,48.03
368,-29.081,-17.65,50.584,52.31
369,-28.268,-16.835,46.916,51.97
370,-25.672,-14.042,46.525,56.19
371,-26.883,-13.18,42.997,58.66
372,-29.211,-10.191,42.38,63.78
373,-32.861,-11.229,41.917,63.94
374,-34.074,-10.643,38.347,61.59
375,-36.228,-7.511,38.608,59.12
376,-38.87,-7.739,35.811,53.81
377,-37.724,-5.487,32.925,48.91
378,-39.203,-2.104,33.752,36.09
379,-39.145,-0.921,30.127,35.81
380,-36.109,1.375,29.802,31.41
381,-37.874,3.845,27.474,31.66
382,-39.602,6.669,29.438,32.12
383,-37.325,9.202,31.089,32.94
384,-38.759,12.068,29.079,34.81
385,-37.876,15.509,30.44,29.02
386,-38.598,16.659,33.969,34.94
387,-38.86,20.422,33.619,37.12
388,-38.174,21.719,37.169,35.59
389,-40.344,24.261,38.902,35.25
390,-39.742,24.863,42.561,39.91
391,-39.282,23.564,45.904,36.09
392,-40.053,22.048,49.363,34.81
393,-37.116,21.147,51.663,33.53
394,-36.372,18.187,53.874,38.75
395,-32.808,16.557,53.885,36.59
396,-30.843,13.944,54.388,36
397,-28.777,10.773,54.59,35.22
398,-25.496,10.491,52.574,32.84
399,-22.974,7.941,51.209,33.22
400,-20.29,9.159,49.21,38
401,-18.637,9.045,45.786,33.69
402,-15.026,10.3,46.255,37.81
403,-14.547,13.733,44.63,36.88
404,-10.814,14.539,44.681,39.91
405,-10.699,18.347,44.817,32.75
406,-7.574,20.043,43.524,37.66
407,-8.3,23.766,43.254,31.17
408,-6.129,25.876,41.014,36.66
409,-7.335,28.463,38.496,31.91
410,-8.451,27.934,34.973,35.81
411,-11.448,30.18,34.295,34.19
412,-14.266,28.078,32.962,30.89
413,-15.406,30.191,30.126,34.66
414,-18.829,28.685,30.5,32.25
415,-19.597,29.461,26.911,31.48
416,-23.213,30.239,27.686,31.55
417,-25.278,27.77,25.667,32.78
418,-27.285,30.672,24.253,28.38
419,-30.337,28.906,22.725,33.44
420,-29.673,29.474,18.992,31.67
421,-30.567,33.149,18.282,31.36
422,-31.361,33.372,14.518,39.62
423,-28.385,31.631,12.837,56.38
424,-29.231,32.832,9.278,60.25
425,-30.15,29.682,7.294,71.19
426,-27.745,29.801,4.349,81.44
427,-29.437,28.279,1.277,87.94
428,-26.994,26.112,-0.708,91.69
429,-27.854,25.38,-4.356,92.06
430,-26.091,22.607,-6.314,94.25
431,-26.172,23.177,-10.089,94.31
432,-25.106,20.103,-12.087,96
433,-23.383,21.092,-15.351,94.25
434,-22.824,18.779,-18.356,92.31
435,-21.293,20.068,-21.628,88.81
436,-21.213,23.531,-19.882,83
437,-25.051,23.483,-19.831,86.69
438,-27.124,23.328,-16.656,84.12
439,-28.914,19.948,-16.674,83.56
440,-30.157,19.723,-13.064,86.06
441,-30.674,22.205,-10.225,83.12
442,-31.288,20.679,-6.773,83.62
443,-33.442,22.022,-3.946,75.31
444,-31.861,24.571,-1.584,71.94
445,-30.351,22.759,1.412,78.94
446,-30.635,24.662,4.719,77.44
447,-27.577,22.66,6.028,86.06
448,-23.734,22.623,5.648,92.88
449,-23.638,18.822,5.104,94.75
450,-21.754,17.261,2.206,95.75
451,-24.426,15.675,-0.156,94.62
452,-22.134,12.685,-0.974,95.75
453,-20.599,11.653,2.399,95.81
454,-22.981,13.434,4.905,96.19
455,-19.987,15.134,6.645,96.44
456,-21.104,18.168,8.714,95.94
457,-18.656,20.911,7.628,95.44
458,-20.216,23.676,9.929,92.69
459,-18.638,26.505,7.777,93.06
460,-19.005,27.245,4.028,93.12
461,-15.162,27.543,3.689,94.62
462,-14.766,24.049,5.245,95.69
463,-17.498,22.626,2.951,95.5
464,-15.837,24.048,-0.222,95.75
465,-12.347,22.704,0.777,95.94
466,-13.98,19.328,1.616,97.25
467,-15.805,19.188,-1.771,96.62
468,-12.728,20.123,-3.91,95.62
469,-10.288,17.825,-1.988,95.5
470,-12.385,14.719,-1.063,96.81
471,-14.721,14.591,-4.123,96.81
472,-12.034,15.435,-6.771,95.12
473,-13.798,13.412,-9.553,95.38
474,-15.973,16.556,-9.697,95.88
475,-14.983,20.173,-10.291,95.38
476,-16.695,22.598,-7.872,94.5
477,-17.159,26.26,-8.845,93.81
478,-18.327,28.555,-6.035,94.19
479,-20.733,31.371,-6.979,91.56
480,-21.878,33.9,-4.39,89.69
481,-25.688,33.956,-3.999,87.81
482,-27.586,36.646,-1.945,86.62
483,-29.496,33.866,-0.025,84.75
484,-26.33,31.751,0.635,87.19
485,-24.192,29.913,-1.953,90.5
486,-24.466,28.377,-5.433,92.19
487,-22.058,25.511,-6.199,93.81
488,-21.753,24.559,-9.85,94.56
489,-20.755,20.854,-10.123,95.5
490,-19.104,19.476,-13.293,95.38
491,-17.225,16.251,-14.139,94.81
492,-13.423,16.364,-13.749,94.12
493,-12.329,15.183,-17.246,91.62
494,-8.639,15.313,-16.104,89.38
495,-9.253,12.753,-13.291,89.81
496,-6.824,10.212,-14.791,78.06
497,-7.818,7.457,-12.282,70.38
498,-4.394,6,-13.169,74.81
499,-2.874,3.154,-11.202,81.81
500,-0.325,4.761,-8.788,78.94
501,1.541,1.432,-8.165,83.38
502,4.181,-0.525,-10.113,85.62
503,3.693,0.752,-13.756,85.5
504,4.457,-2.789,-15.058,84.75
505,1.413,-4.303,-13.239,86.12
506,-0.881,-2.69,-15.906,85.94
507,0.705,-4.888,-18.657,84.5
508,0.886,-8.162,-16.644,82.88
509,-1.235,-11.085,-17.841,81.69
510,-4.69,-11.133,-16.094,82.44
511,-4.476,-13.063,-12.767,80.06
512,-0.775,-12.091,-12.201,79.69
513,-1.476,-8.321,-12.348,75
514,-1.62,-6.694,-8.864,80.44
515,-0.228,-9.918,-7.303,75.75
516,0.569,-8.998,-3.68,78
517,2.485,-12.297,-3.401,83.25
518,6.078,-11.326,-2.602,86.56
519,8.591,-8.477,-3.239,91.69
520,9.078,-6.991,-6.774,88.88
521,12.141,-4.953,-7.98,88.06
522,11.268,-1.56,-9.615,89.69
523,13,1.602,-10.869,87.5
524,13.728,4.081,-7.999,89.62
525,11.438,7.148,-7.862,89.25
526,11.154,10.007,-5.324,89.56
527,8.238,12.472,-4.947,87.44
528,8.136,15.556,-2.69,87.5
529,4.381,16.156,-2.102,85.44
530,4.529,18.748,0.761,85.75
531,7.425,21.015,1.825,84.06
532,7.229,24.089,4.179,84.19
533,3.444,24.913,4.058,82.69
534,2.39,28.61,4.063,82
535,0.068,29.153,7.104,81.31
536,-2.385,31.54,5.393,82.06
537,-5.632,32.537,7.176,85.94
538,-8.827,31.024,5.711,86.06
539,-10.275,33.4,3.038,88.88
540,-13.326,32.989,0.748,89.38
541,-11.347,34.826,-2.03,86.31
542,-9.355,31.611,-2.789,86.56
543,-12.588,30.067,-4.261,87.81
544,-13.157,33.022,-6.674,84.19
545,-9.531,33.147,-7.953,70.62
546,-8.878,31.093,-11.152,61.56
547,-7.149,27.79,-10.135,60.19
548,-5.053,28.144,-13.388,53.91
549,-2.314,30.189,-11.569,49.47
550,-1.387,27.627,-8.809,49.44
551,-1.166,24.387,-10.904,50.19
552,2.179,25.524,-12.437,46.56
553,3.923,26.001,-9,46.97
554,2.767,22.599,-7.642,51.75
555,4.665,20.379,-10.095,53.91
556,5.624,17.654,-7.607,63.97
557,9.419,17.468,-7.614,69.12
558,9.747,13.981,-9.117,80.44
559,13.267,12.534,-9.278,86.62
560,13.897,9.317,-11.278,86.69
561,11.956,7.392,-13.954,86.94
562,8.135,7.918,-13.663,85.19
563,6.921,6.028,-16.79,87.75
564,6.883,2.589,-18.367,89.5
565,9.615,2.193,-21.013,90.81
566,9.185,-0.036,-24.055,90.69
567,11.677,-1.903,-26.235,89.81
568,12.211,0.063,-29.503,87.06
569,12.093,-3.025,-31.796,85.94
570,9.192,-5.012,-30.198,89.12
571,7.085,-2.299,-28.448,91.06
572,7.031,-4.649,-25.383,90.62
573,7.238,-3.353,-21.742,90.69
574,10.883,-2.957,-20.59,89.5
575,11.716,-4.735,-17.273,89.19
576,13.623,-2.661,-14.639,88.69
577,16.638,-5.049,-15.023,87.81
578,16.786,-4.604,-18.863,87.5
579,16.901,-0.763,-18.738,83.56
580,20.742,-0.921,-18.328,80.06
581,21.132,-2.42,-21.882,76.81
582,20.424,-0.142,-24.867,76.81
583,18.548,-2.131,-27.557,70.31
584,19.473,0.439,-30.3,73.75
585,23.337,0.567,-29.961,77.94
586,24.149,-2.027,-32.751,80.75
587,26.782,-0.6,-35.217,85
588,26.521,-3.4,-37.842,88.31
589,22.789,-4.412,-37.908,90.94
590,21.871,-7.754,-39.555,91.62
591,19.626,-6.271,-42.284,93.75
592,22.516,-3.94,-43.349,94.19
593,24.966,-6.906,-43.587,96
594,22.462,-8.832,-45.785,96.12
595,21.691,-5.695,-47.873,96
596,25.438,-5.163,-48.476,96
597,25.892,-8.81,-49.592,96.56
598,22.82,-8.693,-51.922,95.75
599,23.881,-5.345,-53.515,95.94
600,27.345,-6.851,-54.32,96.12
601,25.593,-9.849,-56.014,95.44
602,23.701,-7.509,-58.439,95.88
603,26.952,-6.486,-60.271,95.62
604,26.94,-8.251,-63.695,94.56
605,30.469,-6.961,-64.594,95.94
606,32.371,-8.249,-61.461,95.19
607,33.842,-11.768,-61.184,93
608,32.708,-14.196,-58.413,93.69
609,36.178,-14.109,-56.786,94.56
610,36.111,-10.261,-56.591,95.19
611,32.498,-10.283,-55.268,96.44
612,33.447,-12.691,-52.44,95.88
613,36.516,-10.561,-51.445,96.38
614,34.34,-7.383,-51.592,96.38
615,31.629,-9.054,-49.39,97
616,34.194,-10.262,-46.795,96.75
617,36.058,-6.905,-46.71,97
618,32.9,-4.723,-46.484,95.75
619,31.454,-6.873,-43.634,96.31
620,34.84,-6.626,-41.82,96.31
621,34.779,-2.801,-42.218,95.44
622,31.137,-2.638,-40.941,94.31
623,31.909,-4.794,-37.857,94.56
624,34.912,-2.71,-36.69,94.19
625,33.927,0.769,-38.011,93.94
626,37.42,1.783,-39.246,94.94
627,37.516,5.597,-39.823,94.25
628,41.148,6.849,-39.63,95.06
629,43.767,6.166,-42.384,94.38
630,46.338,5.108,-39.726,93.81
631,43.985,2.138,-38.947,96
632,44.125,0.73,-42.551,95.62
633,47.447,-1.085,-41.941,94.44
634,45.906,-2.76,-38.843,95.38
635,42.543,-3.36,-40.635,96.56
636,44.305,-5.407,-43.383,96.06
637,46.226,-7.468,-40.764,95.44
638,43.067,-8.121,-38.67,96.19
639,41.226,-9.068,-41.902,97.38
640,43.878,-11.77,-42.631,96.25
641,43.59,-12.961,-38.974,95.19
642,39.775,-13.337,-39.157,95.44
643,39.229,-14.331,-42.837,96.12
644,42.646,-15.778,-43.927,94.12
645,41.444,-19.408,-43.543,93.81
646,38.25,-18.622,-45.597,94.69
647,40.32,-16.845,-48.321,95.75
648,42.665,-19.905,-48.536,94.56
649,39.755,-22.454,-48.589,93.19
650,38.005,-20.422,-51.388,93.62
651,41.314,-20.033,-53.38,93.56
652,40.947,-16.179,-53.243,95
653,44.583,-15.315,-52.28,94.12
654,45.254,-13.735,-55.758,94.25
655,42.101,-11.554,-55.601,94.75
656,43.009,-10.496,-52.028,95.81
657,46.558,-9.505,-53.168,95.25
658,44.962,-7.434,-55.988,95.56
659,42.772,-5.692,-53.355,96.25
660,45.925,-4.901,-51.264,96.5
661,47.521,-3.351,-54.416,96.38
662,44.361,-1.218,-54.92,96
663,44.474,-0.113,-51.217,95.62
664,48.113,1.009,-51.762,96.06
665,47.114,2.852,-54.999,96.81
666,44.572,4.765,-52.798,95.81
667,47.488,5.73,-50.422,95.62
668,45.88,3.815,-47.464,95.31
669,48.646,1.194,-46.882,94.75
670,52.437,0.962,-47.354,93.88
671,54.342,-1.649,-49.453,94.69
672,55.655,-3.018,-46.089,94.38
673,52.021,-3.714,-45.01,93.38
674,51.294,-5.707,-48.225,95.25
675,54.376,-7.923,-47.639,94
676,53.343,-8.503,-43.978,95
677,49.727,-9.398,-44.913,94.88
678,50.826,-11.858,-47.668,94.19
679,53.561,-13.408,-45.421,94.81
680,50.934,-14.007,-42.698,94.06
681,48.511,-15.486,-45.281,93.69
682,51.297,-17.852,-46.556,92.12
683,52.087,-18.918,-42.952,92.69
684,48.349,-19.729,-42.484,91.88
685,48.33,-21.652,-45.819,90.12
686,51.409,-23.723,-44.793,89.94
687,49.753,-24.504,-41.396,87.06
688,46.561,-25.648,-43.221,84.06
689,48.592,-27.808,-45.704,81.38
690,50.587,-29.406,-42.791,75.75
691,47.313,-30.649,-41.193,61.25
692,48.028,-28.848,-37.873,51.22
693,44.414,-28.445,-36.712,35.78
694,43.6,-24.832,-36.118,39.84
695,40.431,-25.462,-34.058,31.84
696,37.137,-24.535,-35.805,33.97
697,36.33,-20.894,-35.369,32.62
698,32.626,-21.819,-35.021,29.38
699,30.438,-21.478,-38,29.08
700,27.392,-21.661,-35.783,29.2
701,24.765,-19.089,-36.408,29.62
702,23.137,-19.799,-33.023,28
703,20.445,-17.592,-31.635,28.06
704,21.446,-17.474,-27.922,29.88
705,18.796,-16.139,-25.756,28.41
706,20.248,-16.153,-22.337,31.03
707,21.8,-14.619,-19.558,27.61
708,24.208,-13.17,-17.235,29.47
709,27.103,-11.685,-15.741,29.03
710,30.301,-9.844,-15.19,28.38
711,33.059,-7.687,-16.51,30.03
712,33.606,-4.094,-15.355,27.27
713,37.394,-3.721,-15.914,32.94
714,38.603,-0.203,-15.149,29.73
715,42.128,0.734,-16.215,34.59
716,43.846,3.568,-14.825,32.22
717,46.155,5.12,-12.267,37.56
718,48.142,4.492,-9.193,35.88
719,48.611,5.599,-5.797,37.31
720,49.891,3.703,-2.633,35.09
721,49.606,2.915,0.631,36.62
722,49.171,0.464,3.445,38.09
723,47.864,-1.206,6.1,36
724,46.513,-4.489,7.232,36.97
725,44.776,-6.279,9.308,36.12
726,42.841,-9.586,9.343,32.25
727,40.174,-11.571,11.182,39.5
728,38.985,-15.019,9.869,38.62
729,36.589,-17.323,9.516,33.81
730,34.215,-20.391,9.979,35.16
731,32.17,-22.309,7.8,33.09
732,29.167,-24.241,6.846,33.47
733,26.154,-26.071,7.351,36.69
734,23.74,-27.165,4.613,32.12
735,20.296,-28.796,4.011,33.97
736,16.778,-28.693,3.476,28.94
737,13.263,-29.247,4.137,29.45
738,9.865,-28.121,3.682,25.91
739,6.629,-27.361,4.887,30.11
