id,ID,start,end,aa_change,mutation_class,exonic_function,validation,quality,source_variant_id
PARGIR__SNV__chr17_31996817,PARGIR,605,605,p.D605G,exonic,nonsynonymous_SNV,Valid,HQ,PARGIR__SNV__chr17_31996817
PARHBI__SNV__chr17_31940294,PARHBI,95,95,p.Q95K,exonic,nonsynonymous_SNV,Valid,LQ,PARHBI__SNV__chr17_31940294
PARXAH__SNV__chr17_31996853,PARXAH,617,617,p.W617X,exonic,stopgain,Valid,HQ,PARXAH__SNV__chr17_31996853
PARXFY__SNV__chr17_31976563,PARXFY,289,289,p.E289V,exonic,nonsynonymous_SNV,Valid,LQ,PARXFY__SNV__chr17_31976563
PASPPN__Indel__chr17_31996802,PASPPN,600,600,p.I600delinsIC,exonic,nonframeshift_insertion,Valid,LQ,PASPPN__Indel__chr17_31996802
PASPPN__SNV__chr17_31996803,PASPPN,600,600,p.I600M,exonic,nonsynonymous_SNV,Valid,LQ,PASPPN__SNV__chr17_31996803
PASVPZ__SNV__chr17_31995741,PASVPZ,591,591,p.W591C,exonic,nonsynonymous_SNV,Valid,MQ,PASVPZ__SNV__chr17_31995741
PASWFN__SNV__chr17_31995639,PASWFN,557,557,p.Y557X,exonic,stopgain,Putative,LQ,PASWFN__SNV__chr17_31995639
PASWFN__SNV__chr17_31995640,PASWFN,558,558,p.S558G,exonic,nonsynonymous_SNV,Valid,HQ,PASWFN__SNV__chr17_31995640
PASXIL__SNV__chr17_31975579,PASXIL,230,230,p.L230P,exonic,nonsynonymous_SNV,Valid,LQ,PASXIL__SNV__chr17_31975579
PATCDZ__Indel__chr17_31937308,PATCDZ,21,21,p.G21fs,exonic,frameshift_insertion,Putative,HQ,PATCDZ__Indel__chr17_31937308
PATFUP__Indel__chr17_31988488,PATFUP,398,398,p.Q398fs,exonic,frameshift_insertion,Putative,HQ,PATFUP__Indel__chr17_31988488
PATIBS__Indel__chr17_31973223,PATIBS,195,195,p.K195fs,exonic,frameshift_deletion,Valid,LQ,PATIBS__Indel__chr17_31973223
PATIFA__Indel__chr17_31966189,PATIFA,166,166,p.H166fs,exonic,frameshift_insertion,Valid,HQ,PATIFA__Indel__chr17_31966189
PATINY__SNV__chr17_31983102,PATINY,341,341,p.K341X,exonic,stopgain,Valid,LQ,PATINY__SNV__chr17_31983102
PATITB__SNV__chr17_31993307,PATITB,423,423,p.R423X,exonic,stopgain,Putative,HQ,PATITB__SNV__chr17_31993307
PATITB__SNV__chr17_31994678,PATITB,518,518,p.G518R,exonic,nonsynonymous_SNV,Valid,HQ,PATITB__SNV__chr17_31994678
PATMAF__SNV__chr17_31998735,PATMAF,651,651,p.N651I,exonic,nonsynonymous_SNV,Valid,HQ,PATMAF__SNV__chr17_31998735
PATMPM__SNV__chr17_31996817,PATMPM,605,605,p.D605V,exonic,nonsynonymous_SNV,Valid,HQ,PATMPM__SNV__chr17_31996817
PATMYZ__SNV__chr17_31993307,PATMYZ,423,423,p.R423X,exonic,stopgain,Valid,HQ,PATMYZ__SNV__chr17_31993307
PATTDP__Indel__chr17_31983017,PATTDP,312,312,p.D312fs,exonic,frameshift_insertion,Putative,LQ,PATTDP__Indel__chr17_31983017
PATWHB__SNV__chr17_31993332,PATWHB,431,431,p.Q431R,exonic,nonsynonymous_SNV,Valid,HQ,PATWHB__SNV__chr17_31993332
PAUAXI__SNV__chr17_31975710,PAUAXI,274,274,p.I274V,exonic,nonsynonymous_SNV,Valid,HQ,PAUAXI__SNV__chr17_31975710
PAUCWP__Indel__chr17_31995567,PAUCWP,533,533,p.P533delinsPNLFFX,exonic,stopgain,Valid,HQ,PAUCWP__Indel__chr17_31995567
PAUCWP__SNV__chr17_31995571,PAUCWP,535,535,p.R535G,exonic,nonsynonymous_SNV,Valid,HQ,PAUCWP__SNV__chr17_31995571
PAUHAF__Indel__chr17_31975485,PAUHAF,199,199,p.V199fs,exonic,frameshift_insertion,Valid,HQ,PAUHAF__Indel__chr17_31975485
PAUHAF__SNV__chr17_31998695,PAUHAF,638,638,p.L638M,exonic,nonsynonymous_SNV,Valid,HQ,PAUHAF__SNV__chr17_31998695
PAUHAF__SNV__chr17_31998714,PAUHAF,644,644,p.G644E,exonic,nonsynonymous_SNV,Valid,HQ,PAUHAF__SNV__chr17_31998714
PAVBLJ__SNV__chr17_31993307,PAVBLJ,423,423,p.R423X,exonic,stopgain,Putative,MQ,PAVBLJ__SNV__chr17_31993307
PAVCUG__SNV__chr17_31998744,PAVCUG,654,654,p.R654P,exonic,nonsynonymous_SNV,Putative,HQ,PAVCUG__SNV__chr17_31998744
PAVFHF__Indel__chr17_31940317,PAVFHF,102,102,p.T102fs,exonic,frameshift_insertion,Valid,HQ,PAVFHF__Indel__chr17_31940317
PAVFHF__SNV__chr17_31940321,PAVFHF,104,104,p.N104D,exonic,nonsynonymous_SNV,Valid,LQ,PAVFHF__SNV__chr17_31940321
PAVFHF__SNV__chr17_31975710,PAVFHF,274,274,p.I274V,exonic,nonsynonymous_SNV,Valid,HQ,PAVFHF__SNV__chr17_31975710
PAVFSN__SNV__chr17_31976581,PAVFSN,295,295,p.F295S,exonic,nonsynonymous_SNV,Valid,LQ,PAVFSN__SNV__chr17_31976581
PAVHGX__Indel__chr17_31988479,PAVHGX,395,395,p.K395fs,exonic,frameshift_insertion,Valid,HQ,PAVHGX__Indel__chr17_31988479
PAVHUL__Indel__chr17_31975688,PAVHUL,266,266,p.I266fs,exonic,frameshift_insertion,Putative,HQ,PAVHUL__Indel__chr17_31975688
PAVHUL__SNV__chr17_31975691,PAVHUL,267,267,p.N267K,exonic,nonsynonymous_SNV,Valid,LQ,PAVHUL__SNV__chr17_31975691
PAVHUT__SNV__chr17_31983008,PAVHUT,309,309,p.Q309H,exonic,nonsynonymous_SNV,Valid,LQ,PAVHUT__SNV__chr17_31983008
PAVLYI__Indel__chr17_31988401,PAVLYI,369,369,p.S369fs,exonic,frameshift_insertion,Valid,HQ,PAVLYI__Indel__chr17_31988401
PAVLYI__Indel__chr17_31988403,PAVLYI,369,369,p.S369delinsSG,exonic,nonframeshift_insertion,Valid,HQ,PAVLYI__Indel__chr17_31988403
PAVLYI__SNV__chr17_31988404,PAVLYI,370,370,p.T370A,exonic,nonsynonymous_SNV,Valid,HQ,PAVLYI__SNV__chr17_31988404
PAVLYI__SNV__chr17_31998690,PAVLYI,636,636,p.C636Y,exonic,nonsynonymous_SNV,Valid,HQ,PAVLYI__SNV__chr17_31998690
PAVRLN__Indel__chr17_31983045,PAVRLN,322,322,p.M322fs,exonic,frameshift_insertion,Putative,LQ,PAVRLN__Indel__chr17_31983045
PAVSEI__SNV__chr17_31993875,PAVSEI,435,435,p.N435S,exonic,nonsynonymous_SNV,Valid,HQ,PAVSEI__SNV__chr17_31993875
PAVUFK__Indel__chr17_31995667,PAVUFK,567,567,p.H567fs,exonic,frameshift_insertion,Valid,HQ,PAVUFK__Indel__chr17_31995667
PAVUYY__SNV__chr17_31998825,PAVUYY,681,681,p.L681P,exonic,nonsynonymous_SNV,Valid,HQ,PAVUYY__SNV__chr17_31998825
PAVVLA__Indel__chr17_31993986,PAVVLA,472,472,p.S472fs,exonic,frameshift_insertion,Valid,HQ,PAVVLA__Indel__chr17_31993986
PAVVLA__Indel__chr17_31993992,PAVVLA,474,474,p.F474fs,exonic,frameshift_insertion,Valid,HQ,PAVVLA__Indel__chr17_31993992
PAVXIR__SNV__chr17_31996817,PAVXIR,605,605,p.D605G,exonic,nonsynonymous_SNV,Valid,HQ,PAVXIR__SNV__chr17_31996817
PAWANS__Indel__chr17_31988441,PAWANS,382,382,p.S382fs,exonic,frameshift_deletion,Putative,HQ,PAWANS__Indel__chr17_31988441
PAWEYS__Indel__chr17_31940463,PAWEYS,121,121,p.R121fs,exonic,frameshift_insertion,Valid,LQ,PAWEYS__Indel__chr17_31940463
PAWFRE__SNV__chr17_31994623,PAWFRE,499,499,p.Y499X,exonic,stopgain,Valid,HQ,PAWFRE__SNV__chr17_31994623
PAWGWD__Indel__chr17_31940445,PAWGWD,115,115,p.L115fs,exonic,frameshift_insertion,Valid,LQ,PAWGWD__Indel__chr17_31940445
PAWGWD__Indel__chr17_31940450,PAWGWD,117,118,p.Y117_M118delinsX,exonic,stopgain,Valid,LQ,PAWGWD__Indel__chr17_31940450
PAWHHA__SNV__chr17_31993307,PAWHHA,423,423,p.R423X,exonic,stopgain,Valid,MQ,PAWHHA__SNV__chr17_31993307
PAWHHA__SNV__chr17_31996813,PAWHHA,604,604,p.S604P,exonic,nonsynonymous_SNV,Valid,HQ,PAWHHA__SNV__chr17_31996813
PAWJDL__SNV__chr17_31995571,PAWJDL,535,535,p.R535X,exonic,stopgain,Valid,HQ,PAWJDL__SNV__chr17_31995571
PAWJIN__SNV__chr17_31975692,PAWJIN,268,268,p.G268R,exonic,nonsynonymous_SNV,Valid,LQ,PAWJIN__SNV__chr17_31975692
PAREWU__Indel__chr17_31937406,PAREWU,54,55,p.54_55del,exonic,nonframeshift_deletion,Putative,MQ,PAREWU__Indel__chr17_31937406
PARTFR__SNV__chr17_31995697,PARTFR,577,577,p.Q577X,exonic,stopgain,Valid,HQ,PARTFR__SNV__chr17_31995697
PASGMR__Indel__chr17_31937406,PASGMR,54,55,p.54_55del,exonic,nonframeshift_deletion,Putative,MQ,PASGMR__Indel__chr17_31937406
PASYSM__Indel__chr17_31937406,PASYSM,54,55,p.54_55del,exonic,nonframeshift_deletion,Putative,LQ,PASYSM__Indel__chr17_31937406
PATDTL__SNV__chr17_31995754,PATDTL,596,596,p.T596P,exonic,nonsynonymous_SNV,Valid,MQ,PATDTL__SNV__chr17_31995754
PATLAC__SNV__chr17_31940451,PATLAC,117,117,p.Y117X,exonic,stopgain,Valid,LQ,PATLAC__SNV__chr17_31940451
PAWIDD__SNV__chr17_31988335,PAWIDD,347,347,p.E347X,exonic,stopgain,Putative,MQ,PAWIDD__SNV__chr17_31988335
PATCTD__SNV__chr17_31940295,PATCTD,95,95,p.Q95R,exonic,nonsynonymous_SNV,,,PATCTD__SNV__chr17_31940295
PAUFAM__Indel__chr17_31995571,PAUFAM,535,535,p.R535X,exonic,stopgain,,,PAUFAM__Indel__chr17_31995571
PASRLP__Indel__chr17_31995661,PASRLP,565,565,p.Y565delinsWH,exonic,nonframeshift_insertion,,,PASRLP__Indel__chr17_31995661
PAUSGB__Indel__chr17_31976578,PAUSGB,294,294,p.T294fs,exonic,frameshift_insertion,,,PAUSGB__Indel__chr17_31976578
PAWAUA__Indel__chr17_31995748,PAWAUA,594,594,p.E594fs,exonic,frameshift_insertion,,,PAWAUA__Indel__chr17_31995748
PATMXN__Indel__chr17_31983039,PATMXN,320,320,p.Q320X,exonic,stopgain,,,PATMXN__Indel__chr17_31983039
PATFLR__Indel__chr17_31998769,PATFLR,662,662,p.S662fs,exonic,frameshift_insertion,,,PATFLR__Indel__chr17_31998769
