"annotation_class","feature_category","feature_subcategory","classification_rule","n_features","sources","source_feature_types"
"domain","domain","dna_binding_domain","grin3d_annotation_hierarchy_v1:dna_binding_domain",1,"UniProtKB","DNA binding"
"domain","domain","homologous_superfamily","grin3d_annotation_hierarchy_v1:homologous_superfamily",2,"InterPro","homologous_superfamily"
"domain","domain","protein_domain","grin3d_annotation_hierarchy_v1:protein_domain",2,"InterPro","domain"
"domain","domain","protein_family","grin3d_annotation_hierarchy_v1:protein_family",1,"InterPro","family"
"functional_region","functional_region","compositional_bias","grin3d_annotation_hierarchy_v1:compositional_bias",4,"UniProtKB","Compositional bias"
"functional_region","functional_region","other_functional_region","grin3d_annotation_hierarchy_v1:other_functional_region",1,"UniProtKB","Region"
"modification","ptm","cross_link","grin3d_annotation_hierarchy_v1:cross_link",2,"UniProtKB","Cross-link"
"modification","ptm","phosphorylation","grin3d_annotation_hierarchy_v1:phosphorylation",3,"UniProtKB","Modified residue"
"structural_region","disorder","intrinsically_disordered_region","grin3d_annotation_hierarchy_v1:intrinsically_disordered_region",4,"UniProtKB","Region"
