"event_id","subject_id","cna_type","exon_order","transcript_exon_rank","exon_id","coding_overlap_bp","exon_coding_fraction","exon_structurally_eligible","passes_exon_overlap"
"CNA_event_000001","PAVESF","HOMDEL",1,1,"ENSE00004011725",48,0.607594936708861,TRUE,TRUE
"CNA_event_000001","PAVESF","HOMDEL",2,2,"ENSE00001156351",85,1,TRUE,TRUE
"CNA_event_000001","PAVESF","HOMDEL",3,3,"ENSE00001156344",45,1,TRUE,TRUE
"CNA_event_000002","PAUYJE","HOMDEL",2,2,"ENSE00001156351",85,1,TRUE,TRUE
"CNA_event_000002","PAUYJE","HOMDEL",3,3,"ENSE00001156344",45,1,TRUE,TRUE
"CNA_event_000002","PAUYJE","HOMDEL",4,4,"ENSE00003595610",44,1,TRUE,TRUE
"CNA_event_000002","PAUYJE","HOMDEL",5,5,"ENSE00001156330",239,1,TRUE,TRUE
"CNA_event_000003","PAUHYI","HOMDEL",2,2,"ENSE00001156351",85,1,TRUE,TRUE
"CNA_event_000003","PAUHYI","HOMDEL",3,3,"ENSE00001156344",45,1,TRUE,TRUE
"CNA_event_000005","PARMIH","HOMDEL",4,4,"ENSE00003595610",44,1,TRUE,TRUE
"CNA_event_000005","PARMIH","HOMDEL",5,5,"ENSE00001156330",239,1,TRUE,TRUE
"CNA_event_000005","PARMIH","HOMDEL",6,6,"ENSE00001156327",142,1,TRUE,TRUE
"CNA_event_000005","PARMIH","HOMDEL",7,7,"ENSE00003725338",167,1,TRUE,TRUE
"CNA_event_000005","PARMIH","HOMDEL",8,8,"ENSE00001156315",225,1,TRUE,TRUE
"CNA_event_000005","PARMIH","HOMDEL",9,9,"ENSE00001456541",183,1,TRUE,TRUE
"CNA_event_000006","PARJPL","HOMDEL",2,2,"ENSE00001156351",85,1,TRUE,TRUE
"CNA_event_000006","PARJPL","HOMDEL",3,3,"ENSE00001156344",45,1,TRUE,TRUE
"CNA_event_000006","PARJPL","HOMDEL",4,4,"ENSE00003595610",44,1,TRUE,TRUE
"CNA_event_000006","PARJPL","HOMDEL",5,5,"ENSE00001156330",239,1,TRUE,TRUE
"CNA_event_000006","PARJPL","HOMDEL",6,6,"ENSE00001156327",142,1,TRUE,TRUE
"CNA_event_000006","PARJPL","HOMDEL",7,7,"ENSE00003725338",167,1,TRUE,TRUE
"CNA_event_000006","PARJPL","HOMDEL",8,8,"ENSE00001156315",225,1,TRUE,TRUE
"CNA_event_000006","PARJPL","HOMDEL",9,9,"ENSE00001456541",183,1,TRUE,TRUE
"CNA_event_000007","PAWKZN","HOMDEL",2,2,"ENSE00001156351",85,1,TRUE,TRUE
"CNA_event_000007","PAWKZN","HOMDEL",3,3,"ENSE00001156344",45,1,TRUE,TRUE
"CNA_event_000007","PAWKZN","HOMDEL",4,4,"ENSE00003595610",44,1,TRUE,TRUE
"CNA_event_000007","PAWKZN","HOMDEL",5,5,"ENSE00001156330",239,1,TRUE,TRUE
"CNA_event_000007","PAWKZN","HOMDEL",6,6,"ENSE00001156327",142,1,TRUE,TRUE
"CNA_event_000007","PAWKZN","HOMDEL",7,7,"ENSE00003725338",167,1,TRUE,TRUE
"CNA_event_000007","PAWKZN","HOMDEL",8,8,"ENSE00001156315",225,1,TRUE,TRUE
"CNA_event_000007","PAWKZN","HOMDEL",9,9,"ENSE00001456541",183,1,TRUE,TRUE
"CNA_event_000008","PAWGDG","HOMDEL",2,2,"ENSE00001156351",85,1,TRUE,TRUE
"CNA_event_000008","PAWGDG","HOMDEL",3,3,"ENSE00001156344",45,1,TRUE,TRUE
"CNA_event_000008","PAWGDG","HOMDEL",4,4,"ENSE00003595610",44,1,TRUE,TRUE
"CNA_event_000008","PAWGDG","HOMDEL",5,5,"ENSE00001156330",239,1,TRUE,TRUE
"CNA_event_000008","PAWGDG","HOMDEL",6,6,"ENSE00001156327",142,1,TRUE,TRUE
"CNA_event_000008","PAWGDG","HOMDEL",7,7,"ENSE00003725338",167,1,TRUE,TRUE
"CNA_event_000008","PAWGDG","HOMDEL",8,8,"ENSE00001156315",225,1,TRUE,TRUE
"CNA_event_000008","PAWGDG","HOMDEL",9,9,"ENSE00001456541",183,1,TRUE,TRUE
"CNA_event_000009","PAWESJ","HOMDEL",1,1,"ENSE00004011725",79,1,TRUE,TRUE
"CNA_event_000010","PAWAIM","HOMDEL",2,2,"ENSE00001156351",85,1,TRUE,TRUE
"CNA_event_000010","PAWAIM","HOMDEL",3,3,"ENSE00001156344",45,1,TRUE,TRUE
"CNA_event_000011","PAVUCS","HOMDEL",2,2,"ENSE00001156351",85,1,TRUE,TRUE
"CNA_event_000011","PAVUCS","HOMDEL",3,3,"ENSE00001156344",45,1,TRUE,TRUE
"CNA_event_000012","PAVPEN","HOMDEL",4,4,"ENSE00003595610",44,1,TRUE,TRUE
"CNA_event_000012","PAVPEN","HOMDEL",5,5,"ENSE00001156330",239,1,TRUE,TRUE
"CNA_event_000012","PAVPEN","HOMDEL",6,6,"ENSE00001156327",142,1,TRUE,TRUE
"CNA_event_000012","PAVPEN","HOMDEL",7,7,"ENSE00003725338",167,1,TRUE,TRUE
"CNA_event_000012","PAVPEN","HOMDEL",8,8,"ENSE00001156315",225,1,TRUE,TRUE
"CNA_event_000012","PAVPEN","HOMDEL",9,9,"ENSE00001456541",183,1,TRUE,TRUE
"CNA_event_000014","PAVKPV","HOMDEL",2,2,"ENSE00001156351",85,1,TRUE,TRUE
"CNA_event_000014","PAVKPV","HOMDEL",3,3,"ENSE00001156344",45,1,TRUE,TRUE
"CNA_event_000014","PAVKPV","HOMDEL",4,4,"ENSE00003595610",44,1,TRUE,TRUE
"CNA_event_000014","PAVKPV","HOMDEL",5,5,"ENSE00001156330",239,1,TRUE,TRUE
"CNA_event_000015","PAVKPV","HOMDEL",6,6,"ENSE00001156327",142,1,TRUE,TRUE
"CNA_event_000015","PAVKPV","HOMDEL",7,7,"ENSE00003725338",167,1,TRUE,TRUE
"CNA_event_000015","PAVKPV","HOMDEL",8,8,"ENSE00001156315",225,1,TRUE,TRUE
"CNA_event_000015","PAVKPV","HOMDEL",9,9,"ENSE00001456541",183,1,TRUE,TRUE
"CNA_event_000016","PAVFIF","HOMDEL",2,2,"ENSE00001156351",85,1,TRUE,TRUE
"CNA_event_000016","PAVFIF","HOMDEL",3,3,"ENSE00001156344",45,1,TRUE,TRUE
"CNA_event_000017","PAVCHZ","HOMDEL",4,4,"ENSE00003595610",44,1,TRUE,TRUE
"CNA_event_000017","PAVCHZ","HOMDEL",5,5,"ENSE00001156330",239,1,TRUE,TRUE
"CNA_event_000017","PAVCHZ","HOMDEL",6,6,"ENSE00001156327",142,1,TRUE,TRUE
"CNA_event_000017","PAVCHZ","HOMDEL",7,7,"ENSE00003725338",167,1,TRUE,TRUE
"CNA_event_000017","PAVCHZ","HOMDEL",8,8,"ENSE00001156315",225,1,TRUE,TRUE
"CNA_event_000017","PAVCHZ","HOMDEL",9,9,"ENSE00001456541",183,1,TRUE,TRUE
"CNA_event_000018","PAVAWW","HOMDEL",2,2,"ENSE00001156351",85,1,TRUE,TRUE
"CNA_event_000018","PAVAWW","HOMDEL",3,3,"ENSE00001156344",45,1,TRUE,TRUE
"CNA_event_000018","PAVAWW","HOMDEL",4,4,"ENSE00003595610",44,1,TRUE,TRUE
"CNA_event_000018","PAVAWW","HOMDEL",5,5,"ENSE00001156330",239,1,TRUE,TRUE
"CNA_event_000018","PAVAWW","HOMDEL",6,6,"ENSE00001156327",142,1,TRUE,TRUE
"CNA_event_000018","PAVAWW","HOMDEL",7,7,"ENSE00003725338",167,1,TRUE,TRUE
"CNA_event_000018","PAVAWW","HOMDEL",8,8,"ENSE00001156315",225,1,TRUE,TRUE
"CNA_event_000018","PAVAWW","HOMDEL",9,9,"ENSE00001456541",183,1,TRUE,TRUE
"CNA_event_000019","PAUYBP","HOMDEL",2,2,"ENSE00001156351",85,1,TRUE,TRUE
"CNA_event_000019","PAUYBP","HOMDEL",3,3,"ENSE00001156344",45,1,TRUE,TRUE
"CNA_event_000020","PAUUXR","HOMDEL",1,1,"ENSE00004011725",79,1,TRUE,TRUE
"CNA_event_000020","PAUUXR","HOMDEL",2,2,"ENSE00001156351",85,1,TRUE,TRUE
"CNA_event_000020","PAUUXR","HOMDEL",3,3,"ENSE00001156344",45,1,TRUE,TRUE
"CNA_event_000020","PAUUXR","HOMDEL",4,4,"ENSE00003595610",44,1,TRUE,TRUE
"CNA_event_000020","PAUUXR","HOMDEL",5,5,"ENSE00001156330",239,1,TRUE,TRUE
"CNA_event_000020","PAUUXR","HOMDEL",6,6,"ENSE00001156327",142,1,TRUE,TRUE
"CNA_event_000020","PAUUXR","HOMDEL",7,7,"ENSE00003725338",167,1,TRUE,TRUE
"CNA_event_000020","PAUUXR","HOMDEL",8,8,"ENSE00001156315",225,1,TRUE,TRUE
"CNA_event_000020","PAUUXR","HOMDEL",9,9,"ENSE00001456541",183,1,TRUE,TRUE
"CNA_event_000021","PAUMXB","HOMDEL",4,4,"ENSE00003595610",44,1,TRUE,TRUE
"CNA_event_000021","PAUMXB","HOMDEL",5,5,"ENSE00001156330",239,1,TRUE,TRUE
"CNA_event_000021","PAUMXB","HOMDEL",6,6,"ENSE00001156327",142,1,TRUE,TRUE
"CNA_event_000021","PAUMXB","HOMDEL",7,7,"ENSE00003725338",167,1,TRUE,TRUE
"CNA_event_000021","PAUMXB","HOMDEL",8,8,"ENSE00001156315",225,1,TRUE,TRUE
"CNA_event_000021","PAUMXB","HOMDEL",9,9,"ENSE00001456541",183,1,TRUE,TRUE
"CNA_event_000022","PAUADY","HOMDEL",2,2,"ENSE00001156351",85,1,TRUE,TRUE
"CNA_event_000022","PAUADY","HOMDEL",3,3,"ENSE00001156344",45,1,TRUE,TRUE
"CNA_event_000023","PATTAC","HOMDEL",2,2,"ENSE00001156351",85,1,TRUE,TRUE
"CNA_event_000023","PATTAC","HOMDEL",3,3,"ENSE00001156344",45,1,TRUE,TRUE
"CNA_event_000023","PATTAC","HOMDEL",4,4,"ENSE00003595610",44,1,TRUE,TRUE
"CNA_event_000023","PATTAC","HOMDEL",5,5,"ENSE00001156330",239,1,TRUE,TRUE
"CNA_event_000023","PATTAC","HOMDEL",6,6,"ENSE00001156327",142,1,TRUE,TRUE
"CNA_event_000023","PATTAC","HOMDEL",7,7,"ENSE00003725338",167,1,TRUE,TRUE
"CNA_event_000023","PATTAC","HOMDEL",8,8,"ENSE00001156315",225,1,TRUE,TRUE
"CNA_event_000023","PATTAC","HOMDEL",9,9,"ENSE00001456541",183,1,TRUE,TRUE
"CNA_event_000024","PATSIL","HOMDEL",1,1,"ENSE00004011725",48,0.607594936708861,TRUE,TRUE
"CNA_event_000024","PATSIL","HOMDEL",2,2,"ENSE00001156351",85,1,TRUE,TRUE
"CNA_event_000024","PATSIL","HOMDEL",3,3,"ENSE00001156344",45,1,TRUE,TRUE
"CNA_event_000024","PATSIL","HOMDEL",4,4,"ENSE00003595610",44,1,TRUE,TRUE
"CNA_event_000024","PATSIL","HOMDEL",5,5,"ENSE00001156330",239,1,TRUE,TRUE
"CNA_event_000025","PATKKV","HOMDEL",2,2,"ENSE00001156351",85,1,TRUE,TRUE
"CNA_event_000025","PATKKV","HOMDEL",3,3,"ENSE00001156344",45,1,TRUE,TRUE
"CNA_event_000025","PATKKV","HOMDEL",4,4,"ENSE00003595610",44,1,TRUE,TRUE
"CNA_event_000025","PATKKV","HOMDEL",5,5,"ENSE00001156330",239,1,TRUE,TRUE
"CNA_event_000026","PATHSL","HOMDEL",2,2,"ENSE00001156351",85,1,TRUE,TRUE
"CNA_event_000026","PATHSL","HOMDEL",3,3,"ENSE00001156344",45,1,TRUE,TRUE
"CNA_event_000027","PATHRE","HOMDEL",4,4,"ENSE00003595610",44,1,TRUE,TRUE
"CNA_event_000027","PATHRE","HOMDEL",5,5,"ENSE00001156330",239,1,TRUE,TRUE
"CNA_event_000027","PATHRE","HOMDEL",6,6,"ENSE00001156327",142,1,TRUE,TRUE
"CNA_event_000027","PATHRE","HOMDEL",7,7,"ENSE00003725338",167,1,TRUE,TRUE
"CNA_event_000027","PATHRE","HOMDEL",8,8,"ENSE00001156315",225,1,TRUE,TRUE
"CNA_event_000027","PATHRE","HOMDEL",9,9,"ENSE00001456541",183,1,TRUE,TRUE
"CNA_event_000028","PASVKC","HOMDEL",2,2,"ENSE00001156351",85,1,TRUE,TRUE
"CNA_event_000028","PASVKC","HOMDEL",3,3,"ENSE00001156344",45,1,TRUE,TRUE
"CNA_event_000028","PASVKC","HOMDEL",4,4,"ENSE00003595610",44,1,TRUE,TRUE
"CNA_event_000028","PASVKC","HOMDEL",5,5,"ENSE00001156330",239,1,TRUE,TRUE
"CNA_event_000028","PASVKC","HOMDEL",6,6,"ENSE00001156327",142,1,TRUE,TRUE
"CNA_event_000028","PASVKC","HOMDEL",7,7,"ENSE00003725338",167,1,TRUE,TRUE
"CNA_event_000028","PASVKC","HOMDEL",8,8,"ENSE00001156315",225,1,TRUE,TRUE
"CNA_event_000028","PASVKC","HOMDEL",9,9,"ENSE00001456541",183,1,TRUE,TRUE
"CNA_event_000029","PASMHF","HOMDEL",2,2,"ENSE00001156351",85,1,TRUE,TRUE
"CNA_event_000029","PASMHF","HOMDEL",3,3,"ENSE00001156344",45,1,TRUE,TRUE
"CNA_event_000030","PASHZK","HOMDEL",2,2,"ENSE00001156351",85,1,TRUE,TRUE
"CNA_event_000030","PASHZK","HOMDEL",3,3,"ENSE00001156344",45,1,TRUE,TRUE
"CNA_event_000030","PASHZK","HOMDEL",4,4,"ENSE00003595610",44,1,TRUE,TRUE
"CNA_event_000030","PASHZK","HOMDEL",5,5,"ENSE00001156330",239,1,TRUE,TRUE
"CNA_event_000031","PARVHY","HOMDEL",2,2,"ENSE00001156351",85,1,TRUE,TRUE
"CNA_event_000031","PARVHY","HOMDEL",3,3,"ENSE00001156344",45,1,TRUE,TRUE
"CNA_event_000032","PARNXJ","HOMDEL",2,2,"ENSE00001156351",85,1,TRUE,TRUE
"CNA_event_000032","PARNXJ","HOMDEL",3,3,"ENSE00001156344",45,1,TRUE,TRUE
"CNA_event_000032","PARNXJ","HOMDEL",4,4,"ENSE00003595610",44,1,TRUE,TRUE
"CNA_event_000032","PARNXJ","HOMDEL",5,5,"ENSE00001156330",239,1,TRUE,TRUE
"CNA_event_000032","PARNXJ","HOMDEL",6,6,"ENSE00001156327",142,1,TRUE,TRUE
"CNA_event_000032","PARNXJ","HOMDEL",7,7,"ENSE00003725338",167,1,TRUE,TRUE
"CNA_event_000032","PARNXJ","HOMDEL",8,8,"ENSE00001156315",225,1,TRUE,TRUE
"CNA_event_000032","PARNXJ","HOMDEL",9,9,"ENSE00001456541",183,1,TRUE,TRUE
"CNA_event_000033","PARMJA","HOMDEL",2,2,"ENSE00001156351",85,1,TRUE,TRUE
"CNA_event_000034","PAUPVR","HOMDEL",2,2,"ENSE00001156351",85,1,TRUE,TRUE
"CNA_event_000034","PAUPVR","HOMDEL",3,3,"ENSE00001156344",45,1,TRUE,TRUE
"CNA_event_000034","PAUPVR","HOMDEL",4,4,"ENSE00003595610",44,1,TRUE,TRUE
"CNA_event_000034","PAUPVR","HOMDEL",5,5,"ENSE00001156330",239,1,TRUE,TRUE
"CNA_event_000035","PAUEGE","HOMDEL",2,2,"ENSE00001156351",85,1,TRUE,TRUE
"CNA_event_000035","PAUEGE","HOMDEL",3,3,"ENSE00001156344",45,1,TRUE,TRUE
"CNA_event_000036","PAUEFL","HOMDEL",1,1,"ENSE00004011725",79,1,TRUE,TRUE
"CNA_event_000036","PAUEFL","HOMDEL",2,2,"ENSE00001156351",85,1,TRUE,TRUE
"CNA_event_000036","PAUEFL","HOMDEL",3,3,"ENSE00001156344",45,1,TRUE,TRUE
"CNA_event_000036","PAUEFL","HOMDEL",4,4,"ENSE00003595610",44,1,TRUE,TRUE
"CNA_event_000036","PAUEFL","HOMDEL",5,5,"ENSE00001156330",239,1,TRUE,TRUE
"CNA_event_000036","PAUEFL","HOMDEL",6,6,"ENSE00001156327",142,1,TRUE,TRUE
"CNA_event_000036","PAUEFL","HOMDEL",7,7,"ENSE00003725338",167,1,TRUE,TRUE
"CNA_event_000036","PAUEFL","HOMDEL",8,8,"ENSE00001156315",225,1,TRUE,TRUE
"CNA_event_000036","PAUEFL","HOMDEL",9,9,"ENSE00001456541",183,1,TRUE,TRUE
"CNA_event_000037","PAURXZ","HOMDEL",1,1,"ENSE00004011725",79,1,TRUE,TRUE
"CNA_event_000037","PAURXZ","HOMDEL",2,2,"ENSE00001156351",85,1,TRUE,TRUE
"CNA_event_000037","PAURXZ","HOMDEL",3,3,"ENSE00001156344",45,1,TRUE,TRUE
"CNA_event_000037","PAURXZ","HOMDEL",4,4,"ENSE00003595610",44,1,TRUE,TRUE
"CNA_event_000037","PAURXZ","HOMDEL",5,5,"ENSE00001156330",239,1,TRUE,TRUE
"CNA_event_000037","PAURXZ","HOMDEL",6,6,"ENSE00001156327",142,1,TRUE,TRUE
"CNA_event_000037","PAURXZ","HOMDEL",7,7,"ENSE00003725338",167,1,TRUE,TRUE
"CNA_event_000037","PAURXZ","HOMDEL",8,8,"ENSE00001156315",225,1,TRUE,TRUE
"CNA_event_000037","PAURXZ","HOMDEL",9,9,"ENSE00001456541",183,1,TRUE,TRUE
"CNA_event_000038","PAUUZY","HOMDEL",1,1,"ENSE00004011725",79,1,TRUE,TRUE
"CNA_event_000038","PAUUZY","HOMDEL",2,2,"ENSE00001156351",85,1,TRUE,TRUE
"CNA_event_000038","PAUUZY","HOMDEL",3,3,"ENSE00001156344",45,1,TRUE,TRUE
"CNA_event_000038","PAUUZY","HOMDEL",4,4,"ENSE00003595610",44,1,TRUE,TRUE
"CNA_event_000038","PAUUZY","HOMDEL",5,5,"ENSE00001156330",239,1,TRUE,TRUE
"CNA_event_000038","PAUUZY","HOMDEL",6,6,"ENSE00001156327",142,1,TRUE,TRUE
"CNA_event_000038","PAUUZY","HOMDEL",7,7,"ENSE00003725338",167,1,TRUE,TRUE
"CNA_event_000038","PAUUZY","HOMDEL",8,8,"ENSE00001156315",225,1,TRUE,TRUE
"CNA_event_000038","PAUUZY","HOMDEL",9,9,"ENSE00001456541",183,1,TRUE,TRUE
"CNA_event_000039","PAULMU","HOMDEL",9,9,"ENSE00001456541",183,1,TRUE,TRUE
"CNA_event_000040","PAVPCB","HOMDEL",2,2,"ENSE00001156351",85,1,TRUE,TRUE
"CNA_event_000040","PAVPCB","HOMDEL",3,3,"ENSE00001156344",45,1,TRUE,TRUE
"CNA_event_000041","PAUSLR","HOMDEL",1,1,"ENSE00004011725",79,1,TRUE,TRUE
"CNA_event_000041","PAUSLR","HOMDEL",2,2,"ENSE00001156351",85,1,TRUE,TRUE
"CNA_event_000041","PAUSLR","HOMDEL",3,3,"ENSE00001156344",45,1,TRUE,TRUE
"CNA_event_000041","PAUSLR","HOMDEL",4,4,"ENSE00003595610",44,1,TRUE,TRUE
"CNA_event_000041","PAUSLR","HOMDEL",5,5,"ENSE00001156330",239,1,TRUE,TRUE
"CNA_event_000041","PAUSLR","HOMDEL",6,6,"ENSE00001156327",142,1,TRUE,TRUE
"CNA_event_000041","PAUSLR","HOMDEL",7,7,"ENSE00003725338",167,1,TRUE,TRUE
"CNA_event_000041","PAUSLR","HOMDEL",8,8,"ENSE00001156315",225,1,TRUE,TRUE
"CNA_event_000041","PAUSLR","HOMDEL",9,9,"ENSE00001456541",183,1,TRUE,TRUE
"CNA_event_000042","PARSJG","HOMDEL",4,4,"ENSE00003595610",44,1,TRUE,TRUE
"CNA_event_000042","PARSJG","HOMDEL",5,5,"ENSE00001156330",239,1,TRUE,TRUE
"CNA_event_000042","PARSJG","HOMDEL",6,6,"ENSE00001156327",142,1,TRUE,TRUE
"CNA_event_000042","PARSJG","HOMDEL",7,7,"ENSE00003725338",167,1,TRUE,TRUE
"CNA_event_000042","PARSJG","HOMDEL",8,8,"ENSE00001156315",225,1,TRUE,TRUE
"CNA_event_000042","PARSJG","HOMDEL",9,9,"ENSE00001456541",183,1,TRUE,TRUE
"CNA_event_000043","PAVZXK","HETDEL",2,2,"ENSE00001156351",85,1,TRUE,TRUE
"CNA_event_000043","PAVZXK","HETDEL",3,3,"ENSE00001156344",45,1,TRUE,TRUE
"CNA_event_000043","PAVZXK","HETDEL",4,4,"ENSE00003595610",44,1,TRUE,TRUE
"CNA_event_000043","PAVZXK","HETDEL",5,5,"ENSE00001156330",239,1,TRUE,TRUE
"CNA_event_000043","PAVZXK","HETDEL",6,6,"ENSE00001156327",142,1,TRUE,TRUE
"CNA_event_000043","PAVZXK","HETDEL",7,7,"ENSE00003725338",167,1,TRUE,TRUE
"CNA_event_000043","PAVZXK","HETDEL",8,8,"ENSE00001156315",225,1,TRUE,TRUE
"CNA_event_000043","PAVZXK","HETDEL",9,9,"ENSE00001456541",183,1,TRUE,TRUE
"CNA_event_000044","PAWFYE","HETDEL",2,2,"ENSE00001156351",85,1,TRUE,TRUE
"CNA_event_000044","PAWFYE","HETDEL",3,3,"ENSE00001156344",45,1,TRUE,TRUE
"CNA_event_000044","PAWFYE","HETDEL",4,4,"ENSE00003595610",44,1,TRUE,TRUE
"CNA_event_000044","PAWFYE","HETDEL",5,5,"ENSE00001156330",239,1,TRUE,TRUE
"CNA_event_000044","PAWFYE","HETDEL",6,6,"ENSE00001156327",142,1,TRUE,TRUE
"CNA_event_000045","PAVUYY","HETDEL",1,1,"ENSE00004011725",79,1,TRUE,TRUE
"CNA_event_000045","PAVUYY","HETDEL",2,2,"ENSE00001156351",85,1,TRUE,TRUE
"CNA_event_000045","PAVUYY","HETDEL",3,3,"ENSE00001156344",45,1,TRUE,TRUE
"CNA_event_000045","PAVUYY","HETDEL",4,4,"ENSE00003595610",44,1,TRUE,TRUE
"CNA_event_000045","PAVUYY","HETDEL",5,5,"ENSE00001156330",239,1,TRUE,TRUE
"CNA_event_000045","PAVUYY","HETDEL",6,6,"ENSE00001156327",142,1,TRUE,TRUE
"CNA_event_000045","PAVUYY","HETDEL",7,7,"ENSE00003725338",167,1,TRUE,TRUE
"CNA_event_000045","PAVUYY","HETDEL",8,8,"ENSE00001156315",225,1,TRUE,TRUE
"CNA_event_000045","PAVUYY","HETDEL",9,9,"ENSE00001456541",183,1,TRUE,TRUE
"CNA_event_000046","PATGLV","HETDEL",2,2,"ENSE00001156351",85,1,TRUE,TRUE
"CNA_event_000046","PATGLV","HETDEL",3,3,"ENSE00001156344",45,1,TRUE,TRUE
"CNA_event_000046","PATGLV","HETDEL",4,4,"ENSE00003595610",44,1,TRUE,TRUE
"CNA_event_000046","PATGLV","HETDEL",5,5,"ENSE00001156330",239,1,TRUE,TRUE
"CNA_event_000046","PATGLV","HETDEL",6,6,"ENSE00001156327",142,1,TRUE,TRUE
"CNA_event_000046","PATGLV","HETDEL",7,7,"ENSE00003725338",167,1,TRUE,TRUE
"CNA_event_000046","PATGLV","HETDEL",8,8,"ENSE00001156315",225,1,TRUE,TRUE
"CNA_event_000046","PATGLV","HETDEL",9,9,"ENSE00001456541",183,1,TRUE,TRUE
"CNA_event_000047","PARIET","HETDEL",1,1,"ENSE00004011725",48,0.607594936708861,TRUE,TRUE
"CNA_event_000047","PARIET","HETDEL",2,2,"ENSE00001156351",85,1,TRUE,TRUE
"CNA_event_000047","PARIET","HETDEL",3,3,"ENSE00001156344",45,1,TRUE,TRUE
"CNA_event_000048","PAVESV","HETDEL",4,4,"ENSE00003595610",44,1,TRUE,TRUE
"CNA_event_000048","PAVESV","HETDEL",5,5,"ENSE00001156330",239,1,TRUE,TRUE
"CNA_event_000049","PAUNBU","HETDEL",2,2,"ENSE00001156351",85,1,TRUE,TRUE
"CNA_event_000049","PAUNBU","HETDEL",3,3,"ENSE00001156344",45,1,TRUE,TRUE
"CNA_event_000049","PAUNBU","HETDEL",4,4,"ENSE00003595610",44,1,TRUE,TRUE
"CNA_event_000049","PAUNBU","HETDEL",5,5,"ENSE00001156330",239,1,TRUE,TRUE
"CNA_event_000049","PAUNBU","HETDEL",6,6,"ENSE00001156327",142,1,TRUE,TRUE
"CNA_event_000049","PAUNBU","HETDEL",7,7,"ENSE00003725338",167,1,TRUE,TRUE
"CNA_event_000049","PAUNBU","HETDEL",8,8,"ENSE00001156315",225,1,TRUE,TRUE
"CNA_event_000049","PAUNBU","HETDEL",9,9,"ENSE00001456541",183,1,TRUE,TRUE
"CNA_event_000050","PAVAPE","HETDEL",4,4,"ENSE00003595610",44,1,TRUE,TRUE
"CNA_event_000050","PAVAPE","HETDEL",5,5,"ENSE00001156330",239,1,TRUE,TRUE
"CNA_event_000050","PAVAPE","HETDEL",6,6,"ENSE00001156327",142,1,TRUE,TRUE
"CNA_event_000050","PAVAPE","HETDEL",7,7,"ENSE00003725338",167,1,TRUE,TRUE
"CNA_event_000050","PAVAPE","HETDEL",8,8,"ENSE00001156315",225,1,TRUE,TRUE
"CNA_event_000050","PAVAPE","HETDEL",9,9,"ENSE00001456541",183,1,TRUE,TRUE
"CNA_event_000051","PAWJUJ","HETDEL",2,2,"ENSE00001156351",85,1,TRUE,TRUE
"CNA_event_000051","PAWJUJ","HETDEL",3,3,"ENSE00001156344",45,1,TRUE,TRUE
"CNA_event_000051","PAWJUJ","HETDEL",4,4,"ENSE00003595610",44,1,TRUE,TRUE
"CNA_event_000051","PAWJUJ","HETDEL",5,5,"ENSE00001156330",239,1,TRUE,TRUE
"CNA_event_000051","PAWJUJ","HETDEL",6,6,"ENSE00001156327",142,1,TRUE,TRUE
"CNA_event_000051","PAWJUJ","HETDEL",7,7,"ENSE00003725338",167,1,TRUE,TRUE
"CNA_event_000051","PAWJUJ","HETDEL",8,8,"ENSE00001156315",225,1,TRUE,TRUE
"CNA_event_000051","PAWJUJ","HETDEL",9,9,"ENSE00001456541",183,1,TRUE,TRUE
"CNA_event_000052","PAVPGA","HETDEL",4,4,"ENSE00003595610",44,1,TRUE,TRUE
"CNA_event_000052","PAVPGA","HETDEL",5,5,"ENSE00001156330",239,1,TRUE,TRUE
"CNA_event_000052","PAVPGA","HETDEL",6,6,"ENSE00001156327",142,1,TRUE,TRUE
"CNA_event_000052","PAVPGA","HETDEL",7,7,"ENSE00003725338",167,1,TRUE,TRUE
"CNA_event_000052","PAVPGA","HETDEL",8,8,"ENSE00001156315",225,1,TRUE,TRUE
"CNA_event_000052","PAVPGA","HETDEL",9,9,"ENSE00001456541",183,1,TRUE,TRUE
"CNA_event_000053","PAVKJU","HETDEL",2,2,"ENSE00001156351",85,1,TRUE,TRUE
"CNA_event_000053","PAVKJU","HETDEL",3,3,"ENSE00001156344",45,1,TRUE,TRUE
"CNA_event_000054","PAVIDN","HETDEL",2,2,"ENSE00001156351",85,1,TRUE,TRUE
"CNA_event_000054","PAVIDN","HETDEL",3,3,"ENSE00001156344",45,1,TRUE,TRUE
"CNA_event_000054","PAVIDN","HETDEL",4,4,"ENSE00003595610",44,1,TRUE,TRUE
"CNA_event_000054","PAVIDN","HETDEL",5,5,"ENSE00001156330",239,1,TRUE,TRUE
"CNA_event_000055","PAVGMF","HETDEL",1,1,"ENSE00004011725",79,1,TRUE,TRUE
"CNA_event_000055","PAVGMF","HETDEL",2,2,"ENSE00001156351",85,1,TRUE,TRUE
"CNA_event_000055","PAVGMF","HETDEL",3,3,"ENSE00001156344",45,1,TRUE,TRUE
"CNA_event_000056","PAVESF","HETDEL",4,4,"ENSE00003595610",44,1,TRUE,TRUE
"CNA_event_000056","PAVESF","HETDEL",5,5,"ENSE00001156330",239,1,TRUE,TRUE
"CNA_event_000056","PAVESF","HETDEL",6,6,"ENSE00001156327",142,1,TRUE,TRUE
"CNA_event_000056","PAVESF","HETDEL",7,7,"ENSE00003725338",167,1,TRUE,TRUE
"CNA_event_000056","PAVESF","HETDEL",8,8,"ENSE00001156315",225,1,TRUE,TRUE
"CNA_event_000056","PAVESF","HETDEL",9,9,"ENSE00001456541",183,1,TRUE,TRUE
"CNA_event_000057","PAVDJU","HETDEL",1,1,"ENSE00004011725",48,0.607594936708861,TRUE,TRUE
"CNA_event_000057","PAVDJU","HETDEL",2,2,"ENSE00001156351",85,1,TRUE,TRUE
"CNA_event_000057","PAVDJU","HETDEL",3,3,"ENSE00001156344",45,1,TRUE,TRUE
"CNA_event_000057","PAVDJU","HETDEL",4,4,"ENSE00003595610",44,1,TRUE,TRUE
"CNA_event_000057","PAVDJU","HETDEL",5,5,"ENSE00001156330",239,1,TRUE,TRUE
"CNA_event_000058","PAVCRK","HETDEL",1,1,"ENSE00004011725",79,1,TRUE,TRUE
"CNA_event_000059","PAVAWP","HETDEL",2,2,"ENSE00001156351",85,1,TRUE,TRUE
"CNA_event_000059","PAVAWP","HETDEL",3,3,"ENSE00001156344",45,1,TRUE,TRUE
"CNA_event_000059","PAVAWP","HETDEL",4,4,"ENSE00003595610",44,1,TRUE,TRUE
"CNA_event_000059","PAVAWP","HETDEL",5,5,"ENSE00001156330",239,1,TRUE,TRUE
"CNA_event_000059","PAVAWP","HETDEL",6,6,"ENSE00001156327",142,1,TRUE,TRUE
"CNA_event_000059","PAVAWP","HETDEL",7,7,"ENSE00003725338",167,1,TRUE,TRUE
"CNA_event_000059","PAVAWP","HETDEL",8,8,"ENSE00001156315",225,1,TRUE,TRUE
"CNA_event_000059","PAVAWP","HETDEL",9,9,"ENSE00001456541",183,1,TRUE,TRUE
"CNA_event_000060","PAUYJE","HETDEL",6,6,"ENSE00001156327",142,1,TRUE,TRUE
"CNA_event_000060","PAUYJE","HETDEL",7,7,"ENSE00003725338",167,1,TRUE,TRUE
"CNA_event_000060","PAUYJE","HETDEL",8,8,"ENSE00001156315",225,1,TRUE,TRUE
"CNA_event_000060","PAUYJE","HETDEL",9,9,"ENSE00001456541",183,1,TRUE,TRUE
"CNA_event_000061","PAUWXI","HETDEL",1,1,"ENSE00004011725",79,1,TRUE,TRUE
"CNA_event_000061","PAUWXI","HETDEL",2,2,"ENSE00001156351",85,1,TRUE,TRUE
"CNA_event_000061","PAUWXI","HETDEL",3,3,"ENSE00001156344",45,1,TRUE,TRUE
"CNA_event_000061","PAUWXI","HETDEL",4,4,"ENSE00003595610",44,1,TRUE,TRUE
"CNA_event_000061","PAUWXI","HETDEL",5,5,"ENSE00001156330",239,1,TRUE,TRUE
"CNA_event_000061","PAUWXI","HETDEL",6,6,"ENSE00001156327",142,1,TRUE,TRUE
"CNA_event_000061","PAUWXI","HETDEL",7,7,"ENSE00003725338",167,1,TRUE,TRUE
"CNA_event_000061","PAUWXI","HETDEL",8,8,"ENSE00001156315",225,1,TRUE,TRUE
"CNA_event_000061","PAUWXI","HETDEL",9,9,"ENSE00001456541",183,1,TRUE,TRUE
"CNA_event_000062","PAUWUY","HETDEL",2,2,"ENSE00001156351",85,1,TRUE,TRUE
"CNA_event_000062","PAUWUY","HETDEL",3,3,"ENSE00001156344",45,1,TRUE,TRUE
"CNA_event_000062","PAUWUY","HETDEL",4,4,"ENSE00003595610",44,1,TRUE,TRUE
"CNA_event_000062","PAUWUY","HETDEL",5,5,"ENSE00001156330",239,1,TRUE,TRUE
"CNA_event_000062","PAUWUY","HETDEL",6,6,"ENSE00001156327",142,1,TRUE,TRUE
"CNA_event_000062","PAUWUY","HETDEL",7,7,"ENSE00003725338",167,1,TRUE,TRUE
"CNA_event_000062","PAUWUY","HETDEL",8,8,"ENSE00001156315",225,1,TRUE,TRUE
"CNA_event_000062","PAUWUY","HETDEL",9,9,"ENSE00001456541",183,1,TRUE,TRUE
"CNA_event_000063","PAUTBD","HETDEL",4,4,"ENSE00003595610",44,1,TRUE,TRUE
"CNA_event_000063","PAUTBD","HETDEL",5,5,"ENSE00001156330",239,1,TRUE,TRUE
"CNA_event_000063","PAUTBD","HETDEL",6,6,"ENSE00001156327",142,1,TRUE,TRUE
"CNA_event_000063","PAUTBD","HETDEL",7,7,"ENSE00003725338",167,1,TRUE,TRUE
"CNA_event_000063","PAUTBD","HETDEL",8,8,"ENSE00001156315",225,1,TRUE,TRUE
"CNA_event_000063","PAUTBD","HETDEL",9,9,"ENSE00001456541",183,1,TRUE,TRUE
"CNA_event_000064","PAURLU","HETDEL",4,4,"ENSE00003595610",44,1,TRUE,TRUE
"CNA_event_000064","PAURLU","HETDEL",5,5,"ENSE00001156330",239,1,TRUE,TRUE
"CNA_event_000064","PAURLU","HETDEL",6,6,"ENSE00001156327",142,1,TRUE,TRUE
"CNA_event_000064","PAURLU","HETDEL",7,7,"ENSE00003725338",167,1,TRUE,TRUE
"CNA_event_000065","PAUIEM","HETDEL",2,2,"ENSE00001156351",85,1,TRUE,TRUE
"CNA_event_000066","PAUIEM","HETDEL",4,4,"ENSE00003595610",44,1,TRUE,TRUE
"CNA_event_000066","PAUIEM","HETDEL",5,5,"ENSE00001156330",239,1,TRUE,TRUE
"CNA_event_000066","PAUIEM","HETDEL",6,6,"ENSE00001156327",142,1,TRUE,TRUE
"CNA_event_000066","PAUIEM","HETDEL",7,7,"ENSE00003725338",167,1,TRUE,TRUE
"CNA_event_000066","PAUIEM","HETDEL",8,8,"ENSE00001156315",225,1,TRUE,TRUE
"CNA_event_000066","PAUIEM","HETDEL",9,9,"ENSE00001456541",183,1,TRUE,TRUE
"CNA_event_000068","PAUHYI","HETDEL",4,4,"ENSE00003595610",44,1,TRUE,TRUE
"CNA_event_000068","PAUHYI","HETDEL",5,5,"ENSE00001156330",239,1,TRUE,TRUE
"CNA_event_000069","PAUGLY","HETDEL",2,2,"ENSE00001156351",85,1,TRUE,TRUE
"CNA_event_000069","PAUGLY","HETDEL",3,3,"ENSE00001156344",45,1,TRUE,TRUE
"CNA_event_000069","PAUGLY","HETDEL",4,4,"ENSE00003595610",44,1,TRUE,TRUE
"CNA_event_000069","PAUGLY","HETDEL",5,5,"ENSE00001156330",239,1,TRUE,TRUE
"CNA_event_000069","PAUGLY","HETDEL",6,6,"ENSE00001156327",142,1,TRUE,TRUE
"CNA_event_000069","PAUGLY","HETDEL",7,7,"ENSE00003725338",167,1,TRUE,TRUE
"CNA_event_000069","PAUGLY","HETDEL",8,8,"ENSE00001156315",225,1,TRUE,TRUE
"CNA_event_000069","PAUGLY","HETDEL",9,9,"ENSE00001456541",183,1,TRUE,TRUE
"CNA_event_000070","PAUGDZ","HETDEL",1,1,"ENSE00004011725",79,1,TRUE,TRUE
"CNA_event_000071","PAUGAP","HETDEL",2,2,"ENSE00001156351",85,1,TRUE,TRUE
"CNA_event_000071","PAUGAP","HETDEL",3,3,"ENSE00001156344",45,1,TRUE,TRUE
"CNA_event_000072","PAUCFC","HETDEL",2,2,"ENSE00001156351",85,1,TRUE,TRUE
"CNA_event_000074","PATZXK","HETDEL",2,2,"ENSE00001156351",85,1,TRUE,TRUE
"CNA_event_000074","PATZXK","HETDEL",3,3,"ENSE00001156344",45,1,TRUE,TRUE
"CNA_event_000074","PATZXK","HETDEL",4,4,"ENSE00003595610",44,1,TRUE,TRUE
"CNA_event_000074","PATZXK","HETDEL",5,5,"ENSE00001156330",239,1,TRUE,TRUE
"CNA_event_000074","PATZXK","HETDEL",6,6,"ENSE00001156327",142,1,TRUE,TRUE
"CNA_event_000074","PATZXK","HETDEL",7,7,"ENSE00003725338",167,1,TRUE,TRUE
"CNA_event_000074","PATZXK","HETDEL",8,8,"ENSE00001156315",225,1,TRUE,TRUE
"CNA_event_000074","PATZXK","HETDEL",9,9,"ENSE00001456541",183,1,TRUE,TRUE
"CNA_event_000075","PATKVD","HETDEL",2,2,"ENSE00001156351",85,1,TRUE,TRUE
"CNA_event_000075","PATKVD","HETDEL",3,3,"ENSE00001156344",45,1,TRUE,TRUE
"CNA_event_000075","PATKVD","HETDEL",4,4,"ENSE00003595610",44,1,TRUE,TRUE
"CNA_event_000075","PATKVD","HETDEL",5,5,"ENSE00001156330",239,1,TRUE,TRUE
"CNA_event_000075","PATKVD","HETDEL",6,6,"ENSE00001156327",142,1,TRUE,TRUE
"CNA_event_000076","PATCTR","HETDEL",2,2,"ENSE00001156351",85,1,TRUE,TRUE
"CNA_event_000076","PATCTR","HETDEL",3,3,"ENSE00001156344",45,1,TRUE,TRUE
"CNA_event_000077","PATBTX","HETDEL",2,2,"ENSE00001156351",85,1,TRUE,TRUE
"CNA_event_000077","PATBTX","HETDEL",3,3,"ENSE00001156344",45,1,TRUE,TRUE
"CNA_event_000078","PATBGH","HETDEL",1,1,"ENSE00004011725",79,1,TRUE,TRUE
"CNA_event_000078","PATBGH","HETDEL",2,2,"ENSE00001156351",85,1,TRUE,TRUE
"CNA_event_000078","PATBGH","HETDEL",3,3,"ENSE00001156344",45,1,TRUE,TRUE
"CNA_event_000078","PATBGH","HETDEL",4,4,"ENSE00003595610",44,1,TRUE,TRUE
"CNA_event_000078","PATBGH","HETDEL",5,5,"ENSE00001156330",239,1,TRUE,TRUE
"CNA_event_000078","PATBGH","HETDEL",6,6,"ENSE00001156327",142,1,TRUE,TRUE
"CNA_event_000078","PATBGH","HETDEL",7,7,"ENSE00003725338",167,1,TRUE,TRUE
"CNA_event_000078","PATBGH","HETDEL",8,8,"ENSE00001156315",225,1,TRUE,TRUE
"CNA_event_000078","PATBGH","HETDEL",9,9,"ENSE00001456541",183,1,TRUE,TRUE
"CNA_event_000079","PASYWF","HETDEL",1,1,"ENSE00004011725",79,1,TRUE,TRUE
"CNA_event_000080","PASYWF","HETDEL",2,2,"ENSE00001156351",85,1,TRUE,TRUE
"CNA_event_000080","PASYWF","HETDEL",3,3,"ENSE00001156344",45,1,TRUE,TRUE
"CNA_event_000080","PASYWF","HETDEL",4,4,"ENSE00003595610",44,1,TRUE,TRUE
"CNA_event_000080","PASYWF","HETDEL",5,5,"ENSE00001156330",239,1,TRUE,TRUE
"CNA_event_000080","PASYWF","HETDEL",6,6,"ENSE00001156327",142,1,TRUE,TRUE
"CNA_event_000080","PASYWF","HETDEL",7,7,"ENSE00003725338",167,1,TRUE,TRUE
"CNA_event_000080","PASYWF","HETDEL",8,8,"ENSE00001156315",225,1,TRUE,TRUE
"CNA_event_000080","PASYWF","HETDEL",9,9,"ENSE00001456541",183,1,TRUE,TRUE
"CNA_event_000081","PASYVU","HETDEL",2,2,"ENSE00001156351",85,1,TRUE,TRUE
"CNA_event_000081","PASYVU","HETDEL",3,3,"ENSE00001156344",45,1,TRUE,TRUE
"CNA_event_000081","PASYVU","HETDEL",4,4,"ENSE00003595610",44,1,TRUE,TRUE
"CNA_event_000081","PASYVU","HETDEL",5,5,"ENSE00001156330",239,1,TRUE,TRUE
"CNA_event_000081","PASYVU","HETDEL",6,6,"ENSE00001156327",142,1,TRUE,TRUE
"CNA_event_000081","PASYVU","HETDEL",7,7,"ENSE00003725338",167,1,TRUE,TRUE
"CNA_event_000081","PASYVU","HETDEL",8,8,"ENSE00001156315",225,1,TRUE,TRUE
"CNA_event_000081","PASYVU","HETDEL",9,9,"ENSE00001456541",183,1,TRUE,TRUE
"CNA_event_000082","PASPLG","HETDEL",4,4,"ENSE00003595610",44,1,TRUE,TRUE
"CNA_event_000082","PASPLG","HETDEL",5,5,"ENSE00001156330",239,1,TRUE,TRUE
"CNA_event_000082","PASPLG","HETDEL",6,6,"ENSE00001156327",142,1,TRUE,TRUE
"CNA_event_000082","PASPLG","HETDEL",7,7,"ENSE00003725338",167,1,TRUE,TRUE
"CNA_event_000082","PASPLG","HETDEL",8,8,"ENSE00001156315",225,1,TRUE,TRUE
"CNA_event_000082","PASPLG","HETDEL",9,9,"ENSE00001456541",183,1,TRUE,TRUE
"CNA_event_000083","PASPDS","HETDEL",2,2,"ENSE00001156351",85,1,TRUE,TRUE
"CNA_event_000083","PASPDS","HETDEL",3,3,"ENSE00001156344",45,1,TRUE,TRUE
"CNA_event_000084","PASKAD","HETDEL",2,2,"ENSE00001156351",85,1,TRUE,TRUE
"CNA_event_000084","PASKAD","HETDEL",3,3,"ENSE00001156344",45,1,TRUE,TRUE
"CNA_event_000084","PASKAD","HETDEL",4,4,"ENSE00003595610",44,1,TRUE,TRUE
"CNA_event_000084","PASKAD","HETDEL",5,5,"ENSE00001156330",239,1,TRUE,TRUE
"CNA_event_000085","PARMIH","HETDEL",2,2,"ENSE00001156351",85,1,TRUE,TRUE
"CNA_event_000085","PARMIH","HETDEL",3,3,"ENSE00001156344",45,1,TRUE,TRUE
"CNA_event_000086","PARJPL","HETDEL",1,1,"ENSE00004011725",79,1,TRUE,TRUE
"CNA_event_000087","PAWKIT","HETDEL",2,2,"ENSE00001156351",85,1,TRUE,TRUE
"CNA_event_000087","PAWKIT","HETDEL",3,3,"ENSE00001156344",45,1,TRUE,TRUE
"CNA_event_000087","PAWKIT","HETDEL",4,4,"ENSE00003595610",44,1,TRUE,TRUE
"CNA_event_000087","PAWKIT","HETDEL",5,5,"ENSE00001156330",239,1,TRUE,TRUE
"CNA_event_000088","PAWGYW","HETDEL",2,2,"ENSE00001156351",85,1,TRUE,TRUE
"CNA_event_000088","PAWGYW","HETDEL",3,3,"ENSE00001156344",45,1,TRUE,TRUE
"CNA_event_000088","PAWGYW","HETDEL",4,4,"ENSE00003595610",44,1,TRUE,TRUE
"CNA_event_000088","PAWGYW","HETDEL",5,5,"ENSE00001156330",239,1,TRUE,TRUE
"CNA_event_000088","PAWGYW","HETDEL",6,6,"ENSE00001156327",142,1,TRUE,TRUE
"CNA_event_000088","PAWGYW","HETDEL",7,7,"ENSE00003725338",167,1,TRUE,TRUE
"CNA_event_000088","PAWGYW","HETDEL",8,8,"ENSE00001156315",225,1,TRUE,TRUE
"CNA_event_000088","PAWGYW","HETDEL",9,9,"ENSE00001456541",183,1,TRUE,TRUE
"CNA_event_000089","PAWAYT","HETDEL",1,1,"ENSE00004011725",79,1,TRUE,TRUE
"CNA_event_000089","PAWAYT","HETDEL",2,2,"ENSE00001156351",85,1,TRUE,TRUE
"CNA_event_000089","PAWAYT","HETDEL",3,3,"ENSE00001156344",45,1,TRUE,TRUE
"CNA_event_000089","PAWAYT","HETDEL",4,4,"ENSE00003595610",44,1,TRUE,TRUE
"CNA_event_000089","PAWAYT","HETDEL",5,5,"ENSE00001156330",239,1,TRUE,TRUE
"CNA_event_000089","PAWAYT","HETDEL",6,6,"ENSE00001156327",142,1,TRUE,TRUE
"CNA_event_000089","PAWAYT","HETDEL",7,7,"ENSE00003725338",167,1,TRUE,TRUE
"CNA_event_000089","PAWAYT","HETDEL",8,8,"ENSE00001156315",225,1,TRUE,TRUE
"CNA_event_000089","PAWAYT","HETDEL",9,9,"ENSE00001456541",183,1,TRUE,TRUE
"CNA_event_000090","PAWAIN","HETDEL",1,1,"ENSE00004011725",79,1,TRUE,TRUE
"CNA_event_000091","PAWAIM","HETDEL",4,4,"ENSE00003595610",44,1,TRUE,TRUE
"CNA_event_000091","PAWAIM","HETDEL",5,5,"ENSE00001156330",239,1,TRUE,TRUE
"CNA_event_000092","PAVRYP","HETDEL",2,2,"ENSE00001156351",85,1,TRUE,TRUE
"CNA_event_000092","PAVRYP","HETDEL",3,3,"ENSE00001156344",45,1,TRUE,TRUE
"CNA_event_000093","PAVRUJ","HETDEL",4,4,"ENSE00003595610",44,1,TRUE,TRUE
"CNA_event_000093","PAVRUJ","HETDEL",5,5,"ENSE00001156330",239,1,TRUE,TRUE
"CNA_event_000095","PAVKUU","HETDEL",2,2,"ENSE00001156351",85,1,TRUE,TRUE
"CNA_event_000095","PAVKUU","HETDEL",3,3,"ENSE00001156344",45,1,TRUE,TRUE
"CNA_event_000095","PAVKUU","HETDEL",4,4,"ENSE00003595610",44,1,TRUE,TRUE
"CNA_event_000095","PAVKUU","HETDEL",5,5,"ENSE00001156330",239,1,TRUE,TRUE
"CNA_event_000095","PAVKUU","HETDEL",6,6,"ENSE00001156327",142,1,TRUE,TRUE
"CNA_event_000095","PAVKUU","HETDEL",7,7,"ENSE00003725338",167,1,TRUE,TRUE
"CNA_event_000095","PAVKUU","HETDEL",8,8,"ENSE00001156315",225,1,TRUE,TRUE
"CNA_event_000095","PAVKUU","HETDEL",9,9,"ENSE00001456541",183,1,TRUE,TRUE
"CNA_event_000096","PAVBCW","HETDEL",1,1,"ENSE00004011725",79,1,TRUE,TRUE
"CNA_event_000097","PAVBCW","HETDEL",4,4,"ENSE00003595610",44,1,TRUE,TRUE
"CNA_event_000097","PAVBCW","HETDEL",5,5,"ENSE00001156330",239,1,TRUE,TRUE
"CNA_event_000097","PAVBCW","HETDEL",6,6,"ENSE00001156327",142,1,TRUE,TRUE
"CNA_event_000097","PAVBCW","HETDEL",7,7,"ENSE00003725338",167,1,TRUE,TRUE
"CNA_event_000097","PAVBCW","HETDEL",8,8,"ENSE00001156315",225,1,TRUE,TRUE
"CNA_event_000097","PAVBCW","HETDEL",9,9,"ENSE00001456541",183,1,TRUE,TRUE
"CNA_event_000098","PAVAJG","HETDEL",2,2,"ENSE00001156351",85,1,TRUE,TRUE
"CNA_event_000098","PAVAJG","HETDEL",3,3,"ENSE00001156344",45,1,TRUE,TRUE
"CNA_event_000099","PAUYIK","HETDEL",1,1,"ENSE00004011725",79,1,TRUE,TRUE
"CNA_event_000099","PAUYIK","HETDEL",2,2,"ENSE00001156351",85,1,TRUE,TRUE
"CNA_event_000099","PAUYIK","HETDEL",3,3,"ENSE00001156344",45,1,TRUE,TRUE
"CNA_event_000100","PAUYBP","HETDEL",4,4,"ENSE00003595610",44,1,TRUE,TRUE
"CNA_event_000100","PAUYBP","HETDEL",5,5,"ENSE00001156330",239,1,TRUE,TRUE
"CNA_event_000102","PAUXYI","HETDEL",2,2,"ENSE00001156351",85,1,TRUE,TRUE
"CNA_event_000102","PAUXYI","HETDEL",3,3,"ENSE00001156344",45,1,TRUE,TRUE
"CNA_event_000102","PAUXYI","HETDEL",4,4,"ENSE00003595610",44,1,TRUE,TRUE
"CNA_event_000102","PAUXYI","HETDEL",5,5,"ENSE00001156330",239,1,TRUE,TRUE
"CNA_event_000102","PAUXYI","HETDEL",6,6,"ENSE00001156327",142,1,TRUE,TRUE
"CNA_event_000102","PAUXYI","HETDEL",7,7,"ENSE00003725338",167,1,TRUE,TRUE
"CNA_event_000102","PAUXYI","HETDEL",8,8,"ENSE00001156315",225,1,TRUE,TRUE
"CNA_event_000102","PAUXYI","HETDEL",9,9,"ENSE00001456541",183,1,TRUE,TRUE
"CNA_event_000103","PAUVWZ","HETDEL",2,2,"ENSE00001156351",85,1,TRUE,TRUE
"CNA_event_000103","PAUVWZ","HETDEL",3,3,"ENSE00001156344",45,1,TRUE,TRUE
"CNA_event_000103","PAUVWZ","HETDEL",4,4,"ENSE00003595610",44,1,TRUE,TRUE
"CNA_event_000103","PAUVWZ","HETDEL",5,5,"ENSE00001156330",239,1,TRUE,TRUE
"CNA_event_000104","PAUVUJ","HETDEL",2,2,"ENSE00001156351",85,1,TRUE,TRUE
"CNA_event_000104","PAUVUJ","HETDEL",3,3,"ENSE00001156344",45,1,TRUE,TRUE
"CNA_event_000104","PAUVUJ","HETDEL",4,4,"ENSE00003595610",44,1,TRUE,TRUE
"CNA_event_000104","PAUVUJ","HETDEL",5,5,"ENSE00001156330",239,1,TRUE,TRUE
"CNA_event_000104","PAUVUJ","HETDEL",6,6,"ENSE00001156327",142,1,TRUE,TRUE
"CNA_event_000104","PAUVUJ","HETDEL",7,7,"ENSE00003725338",167,1,TRUE,TRUE
"CNA_event_000104","PAUVUJ","HETDEL",8,8,"ENSE00001156315",225,1,TRUE,TRUE
"CNA_event_000104","PAUVUJ","HETDEL",9,9,"ENSE00001456541",183,1,TRUE,TRUE
"CNA_event_000105","PAUMXB","HETDEL",1,1,"ENSE00004011725",79,1,TRUE,TRUE
"CNA_event_000105","PAUMXB","HETDEL",2,2,"ENSE00001156351",85,1,TRUE,TRUE
"CNA_event_000105","PAUMXB","HETDEL",3,3,"ENSE00001156344",45,1,TRUE,TRUE
"CNA_event_000106","PAUMKW","HETDEL",1,1,"ENSE00004011725",79,1,TRUE,TRUE
"CNA_event_000106","PAUMKW","HETDEL",2,2,"ENSE00001156351",85,1,TRUE,TRUE
"CNA_event_000106","PAUMKW","HETDEL",3,3,"ENSE00001156344",45,1,TRUE,TRUE
"CNA_event_000106","PAUMKW","HETDEL",4,4,"ENSE00003595610",44,1,TRUE,TRUE
"CNA_event_000106","PAUMKW","HETDEL",5,5,"ENSE00001156330",239,1,TRUE,TRUE
"CNA_event_000106","PAUMKW","HETDEL",6,6,"ENSE00001156327",142,1,TRUE,TRUE
"CNA_event_000106","PAUMKW","HETDEL",7,7,"ENSE00003725338",167,1,TRUE,TRUE
"CNA_event_000106","PAUMKW","HETDEL",8,8,"ENSE00001156315",225,1,TRUE,TRUE
"CNA_event_000106","PAUMKW","HETDEL",9,9,"ENSE00001456541",183,1,TRUE,TRUE
"CNA_event_000107","PAUJYN","HETDEL",1,1,"ENSE00004011725",79,1,TRUE,TRUE
"CNA_event_000107","PAUJYN","HETDEL",2,2,"ENSE00001156351",85,1,TRUE,TRUE
"CNA_event_000108","PAUJYN","HETDEL",3,3,"ENSE00001156344",45,1,TRUE,TRUE
"CNA_event_000109","PAUJYN","HETDEL",4,4,"ENSE00003595610",44,1,TRUE,TRUE
"CNA_event_000109","PAUJYN","HETDEL",5,5,"ENSE00001156330",239,1,TRUE,TRUE
"CNA_event_000109","PAUJYN","HETDEL",6,6,"ENSE00001156327",142,1,TRUE,TRUE
"CNA_event_000109","PAUJYN","HETDEL",7,7,"ENSE00003725338",167,1,TRUE,TRUE
"CNA_event_000109","PAUJYN","HETDEL",8,8,"ENSE00001156315",225,1,TRUE,TRUE
"CNA_event_000109","PAUJYN","HETDEL",9,9,"ENSE00001456541",183,1,TRUE,TRUE
"CNA_event_000110","PAUEIL","HETDEL",1,1,"ENSE00004011725",79,1,TRUE,TRUE
"CNA_event_000110","PAUEIL","HETDEL",2,2,"ENSE00001156351",85,1,TRUE,TRUE
"CNA_event_000110","PAUEIL","HETDEL",3,3,"ENSE00001156344",45,1,TRUE,TRUE
"CNA_event_000110","PAUEIL","HETDEL",4,4,"ENSE00003595610",44,1,TRUE,TRUE
"CNA_event_000110","PAUEIL","HETDEL",5,5,"ENSE00001156330",239,1,TRUE,TRUE
"CNA_event_000110","PAUEIL","HETDEL",6,6,"ENSE00001156327",142,1,TRUE,TRUE
"CNA_event_000110","PAUEIL","HETDEL",7,7,"ENSE00003725338",167,1,TRUE,TRUE
"CNA_event_000110","PAUEIL","HETDEL",8,8,"ENSE00001156315",225,1,TRUE,TRUE
"CNA_event_000110","PAUEIL","HETDEL",9,9,"ENSE00001456541",183,1,TRUE,TRUE
"CNA_event_000111","PATXNK","HETDEL",2,2,"ENSE00001156351",85,1,TRUE,TRUE
"CNA_event_000111","PATXNK","HETDEL",3,3,"ENSE00001156344",45,1,TRUE,TRUE
"CNA_event_000111","PATXNK","HETDEL",4,4,"ENSE00003595610",44,1,TRUE,TRUE
"CNA_event_000111","PATXNK","HETDEL",5,5,"ENSE00001156330",239,1,TRUE,TRUE
"CNA_event_000111","PATXNK","HETDEL",6,6,"ENSE00001156327",142,1,TRUE,TRUE
"CNA_event_000111","PATXNK","HETDEL",7,7,"ENSE00003725338",167,1,TRUE,TRUE
"CNA_event_000111","PATXNK","HETDEL",8,8,"ENSE00001156315",225,1,TRUE,TRUE
"CNA_event_000111","PATXNK","HETDEL",9,9,"ENSE00001456541",183,1,TRUE,TRUE
"CNA_event_000113","PATSIL","HETDEL",6,6,"ENSE00001156327",142,1,TRUE,TRUE
"CNA_event_000113","PATSIL","HETDEL",7,7,"ENSE00003725338",167,1,TRUE,TRUE
"CNA_event_000113","PATSIL","HETDEL",8,8,"ENSE00001156315",225,1,TRUE,TRUE
"CNA_event_000113","PATSIL","HETDEL",9,9,"ENSE00001456541",183,1,TRUE,TRUE
"CNA_event_000114","PATLUU","HETDEL",2,2,"ENSE00001156351",85,1,TRUE,TRUE
"CNA_event_000114","PATLUU","HETDEL",3,3,"ENSE00001156344",45,1,TRUE,TRUE
"CNA_event_000114","PATLUU","HETDEL",4,4,"ENSE00003595610",44,1,TRUE,TRUE
"CNA_event_000114","PATLUU","HETDEL",5,5,"ENSE00001156330",239,1,TRUE,TRUE
"CNA_event_000114","PATLUU","HETDEL",6,6,"ENSE00001156327",142,1,TRUE,TRUE
"CNA_event_000114","PATLUU","HETDEL",7,7,"ENSE00003725338",167,1,TRUE,TRUE
"CNA_event_000114","PATLUU","HETDEL",8,8,"ENSE00001156315",225,1,TRUE,TRUE
"CNA_event_000114","PATLUU","HETDEL",9,9,"ENSE00001456541",183,1,TRUE,TRUE
"CNA_event_000115","PATKPW","HETDEL",2,2,"ENSE00001156351",85,1,TRUE,TRUE
"CNA_event_000115","PATKPW","HETDEL",3,3,"ENSE00001156344",45,1,TRUE,TRUE
"CNA_event_000115","PATKPW","HETDEL",4,4,"ENSE00003595610",44,1,TRUE,TRUE
"CNA_event_000115","PATKPW","HETDEL",5,5,"ENSE00001156330",239,1,TRUE,TRUE
"CNA_event_000115","PATKPW","HETDEL",6,6,"ENSE00001156327",142,1,TRUE,TRUE
"CNA_event_000115","PATKPW","HETDEL",7,7,"ENSE00003725338",167,1,TRUE,TRUE
"CNA_event_000115","PATKPW","HETDEL",8,8,"ENSE00001156315",225,1,TRUE,TRUE
"CNA_event_000115","PATKPW","HETDEL",9,9,"ENSE00001456541",183,1,TRUE,TRUE
"CNA_event_000116","PATKKV","HETDEL",6,6,"ENSE00001156327",142,1,TRUE,TRUE
"CNA_event_000116","PATKKV","HETDEL",7,7,"ENSE00003725338",167,1,TRUE,TRUE
"CNA_event_000116","PATKKV","HETDEL",8,8,"ENSE00001156315",225,1,TRUE,TRUE
"CNA_event_000116","PATKKV","HETDEL",9,9,"ENSE00001456541",183,1,TRUE,TRUE
"CNA_event_000117","PATHSL","HETDEL",4,4,"ENSE00003595610",44,1,TRUE,TRUE
"CNA_event_000117","PATHSL","HETDEL",5,5,"ENSE00001156330",239,1,TRUE,TRUE
"CNA_event_000117","PATHSL","HETDEL",6,6,"ENSE00001156327",142,1,TRUE,TRUE
"CNA_event_000117","PATHSL","HETDEL",7,7,"ENSE00003725338",167,1,TRUE,TRUE
"CNA_event_000117","PATHSL","HETDEL",8,8,"ENSE00001156315",225,1,TRUE,TRUE
"CNA_event_000117","PATHSL","HETDEL",9,9,"ENSE00001456541",183,1,TRUE,TRUE
"CNA_event_000118","PATHRE","HETDEL",2,2,"ENSE00001156351",85,1,TRUE,TRUE
"CNA_event_000118","PATHRE","HETDEL",3,3,"ENSE00001156344",45,1,TRUE,TRUE
"CNA_event_000119","PATDEK","HETDEL",1,1,"ENSE00004011725",48,0.607594936708861,TRUE,TRUE
"CNA_event_000119","PATDEK","HETDEL",2,2,"ENSE00001156351",85,1,TRUE,TRUE
"CNA_event_000119","PATDEK","HETDEL",3,3,"ENSE00001156344",45,1,TRUE,TRUE
"CNA_event_000119","PATDEK","HETDEL",4,4,"ENSE00003595610",44,1,TRUE,TRUE
"CNA_event_000119","PATDEK","HETDEL",5,5,"ENSE00001156330",239,1,TRUE,TRUE
"CNA_event_000120","PATCWW","HETDEL",2,2,"ENSE00001156351",85,1,TRUE,TRUE
"CNA_event_000120","PATCWW","HETDEL",3,3,"ENSE00001156344",45,1,TRUE,TRUE
"CNA_event_000120","PATCWW","HETDEL",4,4,"ENSE00003595610",44,1,TRUE,TRUE
"CNA_event_000120","PATCWW","HETDEL",5,5,"ENSE00001156330",239,1,TRUE,TRUE
"CNA_event_000121","PASXAY","HETDEL",1,1,"ENSE00004011725",79,1,TRUE,TRUE
"CNA_event_000121","PASXAY","HETDEL",2,2,"ENSE00001156351",85,1,TRUE,TRUE
"CNA_event_000121","PASXAY","HETDEL",3,3,"ENSE00001156344",45,1,TRUE,TRUE
"CNA_event_000121","PASXAY","HETDEL",4,4,"ENSE00003595610",44,1,TRUE,TRUE
"CNA_event_000121","PASXAY","HETDEL",5,5,"ENSE00001156330",239,1,TRUE,TRUE
"CNA_event_000121","PASXAY","HETDEL",6,6,"ENSE00001156327",142,1,TRUE,TRUE
"CNA_event_000121","PASXAY","HETDEL",7,7,"ENSE00003725338",167,1,TRUE,TRUE
"CNA_event_000121","PASXAY","HETDEL",8,8,"ENSE00001156315",225,1,TRUE,TRUE
"CNA_event_000121","PASXAY","HETDEL",9,9,"ENSE00001456541",183,1,TRUE,TRUE
"CNA_event_000122","PASVZJ","HETDEL",2,2,"ENSE00001156351",85,1,TRUE,TRUE
"CNA_event_000122","PASVZJ","HETDEL",3,3,"ENSE00001156344",45,1,TRUE,TRUE
"CNA_event_000122","PASVZJ","HETDEL",4,4,"ENSE00003595610",44,1,TRUE,TRUE
"CNA_event_000122","PASVZJ","HETDEL",5,5,"ENSE00001156330",239,1,TRUE,TRUE
"CNA_event_000123","PASMHF","HETDEL",4,4,"ENSE00003595610",44,1,TRUE,TRUE
"CNA_event_000123","PASMHF","HETDEL",5,5,"ENSE00001156330",239,1,TRUE,TRUE
"CNA_event_000123","PASMHF","HETDEL",6,6,"ENSE00001156327",142,1,TRUE,TRUE
"CNA_event_000123","PASMHF","HETDEL",7,7,"ENSE00003725338",167,1,TRUE,TRUE
"CNA_event_000123","PASMHF","HETDEL",8,8,"ENSE00001156315",225,1,TRUE,TRUE
"CNA_event_000123","PASMHF","HETDEL",9,9,"ENSE00001456541",183,1,TRUE,TRUE
"CNA_event_000125","PASIJX","HETDEL",1,1,"ENSE00004011725",79,1,TRUE,TRUE
"CNA_event_000125","PASIJX","HETDEL",2,2,"ENSE00001156351",85,1,TRUE,TRUE
"CNA_event_000125","PASIJX","HETDEL",3,3,"ENSE00001156344",45,1,TRUE,TRUE
"CNA_event_000126","PASIJX","HETDEL",4,4,"ENSE00003595610",44,1,TRUE,TRUE
"CNA_event_000126","PASIJX","HETDEL",5,5,"ENSE00001156330",239,1,TRUE,TRUE
"CNA_event_000126","PASIJX","HETDEL",6,6,"ENSE00001156327",142,1,TRUE,TRUE
"CNA_event_000126","PASIJX","HETDEL",7,7,"ENSE00003725338",167,1,TRUE,TRUE
"CNA_event_000126","PASIJX","HETDEL",8,8,"ENSE00001156315",225,1,TRUE,TRUE
"CNA_event_000126","PASIJX","HETDEL",9,9,"ENSE00001456541",183,1,TRUE,TRUE
"CNA_event_000127","PASFSI","HETDEL",1,1,"ENSE00004011725",79,1,TRUE,TRUE
"CNA_event_000127","PASFSI","HETDEL",2,2,"ENSE00001156351",85,1,TRUE,TRUE
"CNA_event_000127","PASFSI","HETDEL",3,3,"ENSE00001156344",45,1,TRUE,TRUE
"CNA_event_000127","PASFSI","HETDEL",4,4,"ENSE00003595610",44,1,TRUE,TRUE
"CNA_event_000127","PASFSI","HETDEL",5,5,"ENSE00001156330",239,1,TRUE,TRUE
"CNA_event_000127","PASFSI","HETDEL",6,6,"ENSE00001156327",142,1,TRUE,TRUE
"CNA_event_000127","PASFSI","HETDEL",7,7,"ENSE00003725338",167,1,TRUE,TRUE
"CNA_event_000127","PASFSI","HETDEL",8,8,"ENSE00001156315",225,1,TRUE,TRUE
"CNA_event_000127","PASFSI","HETDEL",9,9,"ENSE00001456541",183,1,TRUE,TRUE
"CNA_event_000128","PARXHT","HETDEL",2,2,"ENSE00001156351",85,1,TRUE,TRUE
"CNA_event_000128","PARXHT","HETDEL",3,3,"ENSE00001156344",45,1,TRUE,TRUE
"CNA_event_000128","PARXHT","HETDEL",4,4,"ENSE00003595610",44,1,TRUE,TRUE
"CNA_event_000128","PARXHT","HETDEL",5,5,"ENSE00001156330",239,1,TRUE,TRUE
"CNA_event_000128","PARXHT","HETDEL",6,6,"ENSE00001156327",142,1,TRUE,TRUE
"CNA_event_000128","PARXHT","HETDEL",7,7,"ENSE00003725338",167,1,TRUE,TRUE
"CNA_event_000128","PARXHT","HETDEL",8,8,"ENSE00001156315",225,1,TRUE,TRUE
"CNA_event_000128","PARXHT","HETDEL",9,9,"ENSE00001456541",183,1,TRUE,TRUE
"CNA_event_000129","PARMJA","HETDEL",3,3,"ENSE00001156344",45,1,TRUE,TRUE
"CNA_event_000129","PARMJA","HETDEL",4,4,"ENSE00003595610",44,1,TRUE,TRUE
"CNA_event_000129","PARMJA","HETDEL",5,5,"ENSE00001156330",239,1,TRUE,TRUE
"CNA_event_000130","PARGHJ","HETDEL",2,2,"ENSE00001156351",85,1,TRUE,TRUE
"CNA_event_000130","PARGHJ","HETDEL",3,3,"ENSE00001156344",45,1,TRUE,TRUE
"CNA_event_000130","PARGHJ","HETDEL",4,4,"ENSE00003595610",44,1,TRUE,TRUE
"CNA_event_000130","PARGHJ","HETDEL",5,5,"ENSE00001156330",239,1,TRUE,TRUE
"CNA_event_000130","PARGHJ","HETDEL",6,6,"ENSE00001156327",142,1,TRUE,TRUE
"CNA_event_000130","PARGHJ","HETDEL",7,7,"ENSE00003725338",167,1,TRUE,TRUE
"CNA_event_000130","PARGHJ","HETDEL",8,8,"ENSE00001156315",225,1,TRUE,TRUE
"CNA_event_000130","PARGHJ","HETDEL",9,9,"ENSE00001456541",183,1,TRUE,TRUE
"CNA_event_000131","PARBTF","HETDEL",2,2,"ENSE00001156351",85,1,TRUE,TRUE
"CNA_event_000131","PARBTF","HETDEL",3,3,"ENSE00001156344",45,1,TRUE,TRUE
"CNA_event_000131","PARBTF","HETDEL",4,4,"ENSE00003595610",44,1,TRUE,TRUE
"CNA_event_000131","PARBTF","HETDEL",5,5,"ENSE00001156330",239,1,TRUE,TRUE
"CNA_event_000132","PARBTF","HETDEL",6,6,"ENSE00001156327",142,1,TRUE,TRUE
"CNA_event_000132","PARBTF","HETDEL",7,7,"ENSE00003725338",167,1,TRUE,TRUE
"CNA_event_000132","PARBTF","HETDEL",8,8,"ENSE00001156315",225,1,TRUE,TRUE
"CNA_event_000132","PARBTF","HETDEL",9,9,"ENSE00001456541",183,1,TRUE,TRUE
"CNA_event_000133","PAVSZX","HETDEL",1,1,"ENSE00004011725",79,1,TRUE,TRUE
"CNA_event_000133","PAVSZX","HETDEL",2,2,"ENSE00001156351",85,1,TRUE,TRUE
"CNA_event_000133","PAVSZX","HETDEL",3,3,"ENSE00001156344",45,1,TRUE,TRUE
"CNA_event_000133","PAVSZX","HETDEL",4,4,"ENSE00003595610",44,1,TRUE,TRUE
"CNA_event_000133","PAVSZX","HETDEL",5,5,"ENSE00001156330",239,1,TRUE,TRUE
"CNA_event_000133","PAVSZX","HETDEL",6,6,"ENSE00001156327",142,1,TRUE,TRUE
"CNA_event_000133","PAVSZX","HETDEL",7,7,"ENSE00003725338",167,1,TRUE,TRUE
"CNA_event_000133","PAVSZX","HETDEL",8,8,"ENSE00001156315",225,1,TRUE,TRUE
"CNA_event_000133","PAVSZX","HETDEL",9,9,"ENSE00001456541",183,1,TRUE,TRUE
"CNA_event_000134","PAVEUT","HETDEL",1,1,"ENSE00004011725",79,1,TRUE,TRUE
"CNA_event_000134","PAVEUT","HETDEL",2,2,"ENSE00001156351",85,1,TRUE,TRUE
"CNA_event_000134","PAVEUT","HETDEL",3,3,"ENSE00001156344",45,1,TRUE,TRUE
"CNA_event_000135","PAVFAC","HETDEL",2,2,"ENSE00001156351",85,1,TRUE,TRUE
"CNA_event_000135","PAVFAC","HETDEL",3,3,"ENSE00001156344",45,1,TRUE,TRUE
"CNA_event_000135","PAVFAC","HETDEL",4,4,"ENSE00003595610",44,1,TRUE,TRUE
"CNA_event_000135","PAVFAC","HETDEL",5,5,"ENSE00001156330",239,1,TRUE,TRUE
"CNA_event_000136","PAUPVR","HETDEL",6,6,"ENSE00001156327",142,1,TRUE,TRUE
"CNA_event_000136","PAUPVR","HETDEL",7,7,"ENSE00003725338",167,1,TRUE,TRUE
"CNA_event_000136","PAUPVR","HETDEL",8,8,"ENSE00001156315",225,1,TRUE,TRUE
"CNA_event_000136","PAUPVR","HETDEL",9,9,"ENSE00001456541",183,1,TRUE,TRUE
"CNA_event_000137","PAUEGE","HETDEL",4,4,"ENSE00003595610",44,1,TRUE,TRUE
"CNA_event_000137","PAUEGE","HETDEL",5,5,"ENSE00001156330",239,1,TRUE,TRUE
"CNA_event_000137","PAUEGE","HETDEL",6,6,"ENSE00001156327",142,1,TRUE,TRUE
"CNA_event_000137","PAUEGE","HETDEL",7,7,"ENSE00003725338",167,1,TRUE,TRUE
"CNA_event_000137","PAUEGE","HETDEL",8,8,"ENSE00001156315",225,1,TRUE,TRUE
"CNA_event_000137","PAUEGE","HETDEL",9,9,"ENSE00001456541",183,1,TRUE,TRUE
"CNA_event_000138","PAVRLT","HETDEL",2,2,"ENSE00001156351",85,1,TRUE,TRUE
"CNA_event_000138","PAVRLT","HETDEL",3,3,"ENSE00001156344",45,1,TRUE,TRUE
"CNA_event_000138","PAVRLT","HETDEL",4,4,"ENSE00003595610",44,1,TRUE,TRUE
"CNA_event_000138","PAVRLT","HETDEL",5,5,"ENSE00001156330",239,1,TRUE,TRUE
"CNA_event_000138","PAVRLT","HETDEL",6,6,"ENSE00001156327",142,1,TRUE,TRUE
"CNA_event_000138","PAVRLT","HETDEL",7,7,"ENSE00003725338",167,1,TRUE,TRUE
"CNA_event_000138","PAVRLT","HETDEL",8,8,"ENSE00001156315",225,1,TRUE,TRUE
"CNA_event_000138","PAVRLT","HETDEL",9,9,"ENSE00001456541",183,1,TRUE,TRUE
"CNA_event_000139","PATUWK","HETDEL",4,4,"ENSE00003595610",44,1,TRUE,TRUE
"CNA_event_000139","PATUWK","HETDEL",5,5,"ENSE00001156330",239,1,TRUE,TRUE
"CNA_event_000139","PATUWK","HETDEL",6,6,"ENSE00001156327",142,1,TRUE,TRUE
"CNA_event_000139","PATUWK","HETDEL",7,7,"ENSE00003725338",148,0.88622754491018,TRUE,TRUE
"CNA_event_000140","PATKWU","HETDEL",1,1,"ENSE00004011725",79,1,TRUE,TRUE
"CNA_event_000140","PATKWU","HETDEL",2,2,"ENSE00001156351",85,1,TRUE,TRUE
"CNA_event_000140","PATKWU","HETDEL",3,3,"ENSE00001156344",45,1,TRUE,TRUE
"CNA_event_000140","PATKWU","HETDEL",4,4,"ENSE00003595610",44,1,TRUE,TRUE
"CNA_event_000140","PATKWU","HETDEL",5,5,"ENSE00001156330",239,1,TRUE,TRUE
"CNA_event_000141","PASLXY","HETDEL",2,2,"ENSE00001156351",85,1,TRUE,TRUE
"CNA_event_000141","PASLXY","HETDEL",3,3,"ENSE00001156344",45,1,TRUE,TRUE
"CNA_event_000142","PASGEC","HETDEL",1,1,"ENSE00004011725",79,1,TRUE,TRUE
"CNA_event_000142","PASGEC","HETDEL",2,2,"ENSE00001156351",85,1,TRUE,TRUE
"CNA_event_000142","PASGEC","HETDEL",3,3,"ENSE00001156344",45,1,TRUE,TRUE
"CNA_event_000142","PASGEC","HETDEL",4,4,"ENSE00003595610",44,1,TRUE,TRUE
"CNA_event_000142","PASGEC","HETDEL",5,5,"ENSE00001156330",239,1,TRUE,TRUE
"CNA_event_000142","PASGEC","HETDEL",6,6,"ENSE00001156327",142,1,TRUE,TRUE
"CNA_event_000142","PASGEC","HETDEL",7,7,"ENSE00003725338",167,1,TRUE,TRUE
"CNA_event_000142","PASGEC","HETDEL",8,8,"ENSE00001156315",225,1,TRUE,TRUE
"CNA_event_000142","PASGEC","HETDEL",9,9,"ENSE00001456541",183,1,TRUE,TRUE
"CNA_event_000143","PAWCUT","HETDEL",2,2,"ENSE00001156351",85,1,TRUE,TRUE
"CNA_event_000143","PAWCUT","HETDEL",3,3,"ENSE00001156344",45,1,TRUE,TRUE
"CNA_event_000143","PAWCUT","HETDEL",4,4,"ENSE00003595610",44,1,TRUE,TRUE
"CNA_event_000143","PAWCUT","HETDEL",5,5,"ENSE00001156330",239,1,TRUE,TRUE
"CNA_event_000144","PAVMVL","HETDEL",2,2,"ENSE00001156351",85,1,TRUE,TRUE
"CNA_event_000144","PAVMVL","HETDEL",3,3,"ENSE00001156344",45,1,TRUE,TRUE
"CNA_event_000144","PAVMVL","HETDEL",4,4,"ENSE00003595610",44,1,TRUE,TRUE
"CNA_event_000144","PAVMVL","HETDEL",5,5,"ENSE00001156330",239,1,TRUE,TRUE
"CNA_event_000144","PAVMVL","HETDEL",6,6,"ENSE00001156327",142,1,TRUE,TRUE
"CNA_event_000144","PAVMVL","HETDEL",7,7,"ENSE00003725338",167,1,TRUE,TRUE
"CNA_event_000144","PAVMVL","HETDEL",8,8,"ENSE00001156315",225,1,TRUE,TRUE
"CNA_event_000144","PAVMVL","HETDEL",9,9,"ENSE00001456541",183,1,TRUE,TRUE
"CNA_event_000146","PAUKMA","HETDEL",1,1,"ENSE00004011725",79,1,TRUE,TRUE
"CNA_event_000146","PAUKMA","HETDEL",2,2,"ENSE00001156351",85,1,TRUE,TRUE
"CNA_event_000147","PATDRC","HETDEL",1,1,"ENSE00004011725",79,1,TRUE,TRUE
"CNA_event_000147","PATDRC","HETDEL",2,2,"ENSE00001156351",85,1,TRUE,TRUE
"CNA_event_000147","PATDRC","HETDEL",3,3,"ENSE00001156344",45,1,TRUE,TRUE
"CNA_event_000147","PATDRC","HETDEL",4,4,"ENSE00003595610",44,1,TRUE,TRUE
"CNA_event_000147","PATDRC","HETDEL",5,5,"ENSE00001156330",239,1,TRUE,TRUE
"CNA_event_000147","PATDRC","HETDEL",6,6,"ENSE00001156327",142,1,TRUE,TRUE
"CNA_event_000147","PATDRC","HETDEL",7,7,"ENSE00003725338",167,1,TRUE,TRUE
"CNA_event_000147","PATDRC","HETDEL",8,8,"ENSE00001156315",225,1,TRUE,TRUE
"CNA_event_000147","PATDRC","HETDEL",9,9,"ENSE00001456541",183,1,TRUE,TRUE
"CNA_event_000148","PAWGTV","HETDEL",1,1,"ENSE00004011725",79,1,TRUE,TRUE
"CNA_event_000148","PAWGTV","HETDEL",2,2,"ENSE00001156351",85,1,TRUE,TRUE
"CNA_event_000148","PAWGTV","HETDEL",3,3,"ENSE00001156344",45,1,TRUE,TRUE
"CNA_event_000148","PAWGTV","HETDEL",4,4,"ENSE00003595610",44,1,TRUE,TRUE
"CNA_event_000148","PAWGTV","HETDEL",5,5,"ENSE00001156330",239,1,TRUE,TRUE
"CNA_event_000148","PAWGTV","HETDEL",6,6,"ENSE00001156327",142,1,TRUE,TRUE
"CNA_event_000148","PAWGTV","HETDEL",7,7,"ENSE00003725338",167,1,TRUE,TRUE
"CNA_event_000148","PAWGTV","HETDEL",8,8,"ENSE00001156315",225,1,TRUE,TRUE
"CNA_event_000148","PAWGTV","HETDEL",9,9,"ENSE00001456541",183,1,TRUE,TRUE
"CNA_event_000149","PAWFBT","HETDEL",1,1,"ENSE00004011725",79,1,TRUE,TRUE
"CNA_event_000149","PAWFBT","HETDEL",2,2,"ENSE00001156351",85,1,TRUE,TRUE
"CNA_event_000149","PAWFBT","HETDEL",3,3,"ENSE00001156344",45,1,TRUE,TRUE
"CNA_event_000149","PAWFBT","HETDEL",4,4,"ENSE00003595610",44,1,TRUE,TRUE
"CNA_event_000149","PAWFBT","HETDEL",5,5,"ENSE00001156330",239,1,TRUE,TRUE
"CNA_event_000149","PAWFBT","HETDEL",6,6,"ENSE00001156327",142,1,TRUE,TRUE
"CNA_event_000149","PAWFBT","HETDEL",7,7,"ENSE00003725338",167,1,TRUE,TRUE
"CNA_event_000149","PAWFBT","HETDEL",8,8,"ENSE00001156315",225,1,TRUE,TRUE
"CNA_event_000149","PAWFBT","HETDEL",9,9,"ENSE00001456541",183,1,TRUE,TRUE
"CNA_event_000150","PAVKLI","HETDEL",1,1,"ENSE00004011725",79,1,TRUE,TRUE
"CNA_event_000150","PAVKLI","HETDEL",2,2,"ENSE00001156351",85,1,TRUE,TRUE
"CNA_event_000150","PAVKLI","HETDEL",3,3,"ENSE00001156344",45,1,TRUE,TRUE
"CNA_event_000150","PAVKLI","HETDEL",4,4,"ENSE00003595610",44,1,TRUE,TRUE
"CNA_event_000150","PAVKLI","HETDEL",5,5,"ENSE00001156330",239,1,TRUE,TRUE
"CNA_event_000150","PAVKLI","HETDEL",6,6,"ENSE00001156327",142,1,TRUE,TRUE
"CNA_event_000150","PAVKLI","HETDEL",7,7,"ENSE00003725338",167,1,TRUE,TRUE
"CNA_event_000150","PAVKLI","HETDEL",8,8,"ENSE00001156315",225,1,TRUE,TRUE
"CNA_event_000150","PAVKLI","HETDEL",9,9,"ENSE00001456541",183,1,TRUE,TRUE
"CNA_event_000151","PAULMU","HETDEL",1,1,"ENSE00004011725",79,1,TRUE,TRUE
"CNA_event_000151","PAULMU","HETDEL",2,2,"ENSE00001156351",85,1,TRUE,TRUE
"CNA_event_000151","PAULMU","HETDEL",3,3,"ENSE00001156344",45,1,TRUE,TRUE
"CNA_event_000151","PAULMU","HETDEL",4,4,"ENSE00003595610",44,1,TRUE,TRUE
"CNA_event_000151","PAULMU","HETDEL",5,5,"ENSE00001156330",239,1,TRUE,TRUE
"CNA_event_000151","PAULMU","HETDEL",6,6,"ENSE00001156327",142,1,TRUE,TRUE
"CNA_event_000151","PAULMU","HETDEL",7,7,"ENSE00003725338",167,1,TRUE,TRUE
"CNA_event_000151","PAULMU","HETDEL",8,8,"ENSE00001156315",225,1,TRUE,TRUE
"CNA_event_000152","PATHJF","HETDEL",1,1,"ENSE00004011725",79,1,TRUE,TRUE
"CNA_event_000152","PATHJF","HETDEL",2,2,"ENSE00001156351",85,1,TRUE,TRUE
"CNA_event_000152","PATHJF","HETDEL",3,3,"ENSE00001156344",45,1,TRUE,TRUE
"CNA_event_000152","PATHJF","HETDEL",4,4,"ENSE00003595610",44,1,TRUE,TRUE
"CNA_event_000152","PATHJF","HETDEL",5,5,"ENSE00001156330",239,1,TRUE,TRUE
"CNA_event_000152","PATHJF","HETDEL",6,6,"ENSE00001156327",142,1,TRUE,TRUE
"CNA_event_000152","PATHJF","HETDEL",7,7,"ENSE00003725338",167,1,TRUE,TRUE
"CNA_event_000152","PATHJF","HETDEL",8,8,"ENSE00001156315",225,1,TRUE,TRUE
"CNA_event_000152","PATHJF","HETDEL",9,9,"ENSE00001456541",183,1,TRUE,TRUE
"CNA_event_000153","PAWCXD","GAIN",1,1,"ENSE00004011725",79,1,TRUE,TRUE
"CNA_event_000153","PAWCXD","GAIN",2,2,"ENSE00001156351",85,1,TRUE,TRUE
"CNA_event_000153","PAWCXD","GAIN",3,3,"ENSE00001156344",45,1,TRUE,TRUE
"CNA_event_000153","PAWCXD","GAIN",4,4,"ENSE00003595610",44,1,TRUE,TRUE
"CNA_event_000153","PAWCXD","GAIN",5,5,"ENSE00001156330",239,1,TRUE,TRUE
"CNA_event_000153","PAWCXD","GAIN",6,6,"ENSE00001156327",142,1,TRUE,TRUE
"CNA_event_000153","PAWCXD","GAIN",7,7,"ENSE00003725338",167,1,TRUE,TRUE
"CNA_event_000153","PAWCXD","GAIN",8,8,"ENSE00001156315",225,1,TRUE,TRUE
"CNA_event_000153","PAWCXD","GAIN",9,9,"ENSE00001456541",183,1,TRUE,TRUE
"CNA_event_000154","PAWAFV","GAIN",1,1,"ENSE00004011725",79,1,TRUE,TRUE
"CNA_event_000155","PATRTG","GAIN",1,1,"ENSE00004011725",79,1,TRUE,TRUE
"CNA_event_000155","PATRTG","GAIN",2,2,"ENSE00001156351",85,1,TRUE,TRUE
"CNA_event_000155","PATRTG","GAIN",3,3,"ENSE00001156344",45,1,TRUE,TRUE
"CNA_event_000155","PATRTG","GAIN",4,4,"ENSE00003595610",44,1,TRUE,TRUE
"CNA_event_000155","PATRTG","GAIN",5,5,"ENSE00001156330",239,1,TRUE,TRUE
"CNA_event_000155","PATRTG","GAIN",6,6,"ENSE00001156327",142,1,TRUE,TRUE
"CNA_event_000155","PATRTG","GAIN",7,7,"ENSE00003725338",167,1,TRUE,TRUE
"CNA_event_000155","PATRTG","GAIN",8,8,"ENSE00001156315",225,1,TRUE,TRUE
"CNA_event_000155","PATRTG","GAIN",9,9,"ENSE00001456541",183,1,TRUE,TRUE
"CNA_event_000156","PAWDXE","GAIN",1,1,"ENSE00004011725",79,1,TRUE,TRUE
"CNA_event_000156","PAWDXE","GAIN",2,2,"ENSE00001156351",85,1,TRUE,TRUE
"CNA_event_000156","PAWDXE","GAIN",3,3,"ENSE00001156344",45,1,TRUE,TRUE
"CNA_event_000156","PAWDXE","GAIN",4,4,"ENSE00003595610",44,1,TRUE,TRUE
"CNA_event_000156","PAWDXE","GAIN",5,5,"ENSE00001156330",239,1,TRUE,TRUE
"CNA_event_000156","PAWDXE","GAIN",6,6,"ENSE00001156327",142,1,TRUE,TRUE
"CNA_event_000156","PAWDXE","GAIN",7,7,"ENSE00003725338",167,1,TRUE,TRUE
"CNA_event_000156","PAWDXE","GAIN",8,8,"ENSE00001156315",225,1,TRUE,TRUE
"CNA_event_000156","PAWDXE","GAIN",9,9,"ENSE00001456541",183,1,TRUE,TRUE
"CNA_event_000157","PAUTBB","GAIN",3,3,"ENSE00001156344",45,1,TRUE,TRUE
"CNA_event_000157","PAUTBB","GAIN",4,4,"ENSE00003595610",44,1,TRUE,TRUE
"CNA_event_000157","PAUTBB","GAIN",5,5,"ENSE00001156330",239,1,TRUE,TRUE
"CNA_event_000157","PAUTBB","GAIN",6,6,"ENSE00001156327",142,1,TRUE,TRUE
"CNA_event_000157","PAUTBB","GAIN",7,7,"ENSE00003725338",167,1,TRUE,TRUE
"CNA_event_000157","PAUTBB","GAIN",8,8,"ENSE00001156315",225,1,TRUE,TRUE
"CNA_event_000157","PAUTBB","GAIN",9,9,"ENSE00001456541",183,1,TRUE,TRUE
"CNA_event_000158","PAWGIT","GAIN",6,6,"ENSE00001156327",142,1,TRUE,TRUE
"CNA_event_000158","PAWGIT","GAIN",7,7,"ENSE00003725338",167,1,TRUE,TRUE
"CNA_event_000158","PAWGIT","GAIN",8,8,"ENSE00001156315",225,1,TRUE,TRUE
"CNA_event_000158","PAWGIT","GAIN",9,9,"ENSE00001456541",183,1,TRUE,TRUE
"CNA_event_000159","PAWFNJ","GAIN",7,7,"ENSE00003725338",167,1,TRUE,TRUE
"CNA_event_000160","PAUPFF","GAIN",1,1,"ENSE00004011725",79,1,TRUE,TRUE
"CNA_event_000160","PAUPFF","GAIN",2,2,"ENSE00001156351",85,1,TRUE,TRUE
"CNA_event_000160","PAUPFF","GAIN",3,3,"ENSE00001156344",45,1,TRUE,TRUE
"CNA_event_000160","PAUPFF","GAIN",4,4,"ENSE00003595610",44,1,TRUE,TRUE
"CNA_event_000160","PAUPFF","GAIN",5,5,"ENSE00001156330",239,1,TRUE,TRUE
"CNA_event_000160","PAUPFF","GAIN",6,6,"ENSE00001156327",142,1,TRUE,TRUE
"CNA_event_000160","PAUPFF","GAIN",7,7,"ENSE00003725338",167,1,TRUE,TRUE
"CNA_event_000160","PAUPFF","GAIN",8,8,"ENSE00001156315",225,1,TRUE,TRUE
"CNA_event_000160","PAUPFF","GAIN",9,9,"ENSE00001456541",183,1,TRUE,TRUE
"CNA_event_000161","PASXUC","GAIN",1,1,"ENSE00004011725",79,1,TRUE,TRUE
"CNA_event_000161","PASXUC","GAIN",2,2,"ENSE00001156351",85,1,TRUE,TRUE
"CNA_event_000161","PASXUC","GAIN",3,3,"ENSE00001156344",45,1,TRUE,TRUE
"CNA_event_000161","PASXUC","GAIN",4,4,"ENSE00003595610",44,1,TRUE,TRUE
"CNA_event_000161","PASXUC","GAIN",5,5,"ENSE00001156330",239,1,TRUE,TRUE
"CNA_event_000161","PASXUC","GAIN",6,6,"ENSE00001156327",142,1,TRUE,TRUE
"CNA_event_000161","PASXUC","GAIN",7,7,"ENSE00003725338",167,1,TRUE,TRUE
"CNA_event_000161","PASXUC","GAIN",8,8,"ENSE00001156315",225,1,TRUE,TRUE
"CNA_event_000161","PASXUC","GAIN",9,9,"ENSE00001456541",183,1,TRUE,TRUE
"CNA_event_000162","PASIWE","GAIN",1,1,"ENSE00004011725",79,1,TRUE,TRUE
"CNA_event_000162","PASIWE","GAIN",2,2,"ENSE00001156351",85,1,TRUE,TRUE
"CNA_event_000162","PASIWE","GAIN",3,3,"ENSE00001156344",45,1,TRUE,TRUE
"CNA_event_000162","PASIWE","GAIN",4,4,"ENSE00003595610",44,1,TRUE,TRUE
"CNA_event_000162","PASIWE","GAIN",5,5,"ENSE00001156330",239,1,TRUE,TRUE
"CNA_event_000162","PASIWE","GAIN",6,6,"ENSE00001156327",142,1,TRUE,TRUE
"CNA_event_000162","PASIWE","GAIN",7,7,"ENSE00003725338",167,1,TRUE,TRUE
"CNA_event_000162","PASIWE","GAIN",8,8,"ENSE00001156315",225,1,TRUE,TRUE
"CNA_event_000162","PASIWE","GAIN",9,9,"ENSE00001456541",183,1,TRUE,TRUE
"CNA_event_000163","PARUCV","GAIN",1,1,"ENSE00004011725",79,1,TRUE,TRUE
"CNA_event_000163","PARUCV","GAIN",2,2,"ENSE00001156351",85,1,TRUE,TRUE
"CNA_event_000163","PARUCV","GAIN",3,3,"ENSE00001156344",45,1,TRUE,TRUE
"CNA_event_000163","PARUCV","GAIN",4,4,"ENSE00003595610",44,1,TRUE,TRUE
"CNA_event_000163","PARUCV","GAIN",5,5,"ENSE00001156330",239,1,TRUE,TRUE
"CNA_event_000163","PARUCV","GAIN",6,6,"ENSE00001156327",142,1,TRUE,TRUE
"CNA_event_000163","PARUCV","GAIN",7,7,"ENSE00003725338",167,1,TRUE,TRUE
"CNA_event_000163","PARUCV","GAIN",8,8,"ENSE00001156315",225,1,TRUE,TRUE
"CNA_event_000163","PARUCV","GAIN",9,9,"ENSE00001456541",183,1,TRUE,TRUE
"CNA_event_000164","PARHBT","GAIN",1,1,"ENSE00004011725",79,1,TRUE,TRUE
"CNA_event_000164","PARHBT","GAIN",2,2,"ENSE00001156351",85,1,TRUE,TRUE
"CNA_event_000164","PARHBT","GAIN",3,3,"ENSE00001156344",45,1,TRUE,TRUE
"CNA_event_000164","PARHBT","GAIN",4,4,"ENSE00003595610",44,1,TRUE,TRUE
"CNA_event_000164","PARHBT","GAIN",5,5,"ENSE00001156330",239,1,TRUE,TRUE
"CNA_event_000164","PARHBT","GAIN",6,6,"ENSE00001156327",142,1,TRUE,TRUE
"CNA_event_000164","PARHBT","GAIN",7,7,"ENSE00003725338",167,1,TRUE,TRUE
"CNA_event_000164","PARHBT","GAIN",8,8,"ENSE00001156315",225,1,TRUE,TRUE
"CNA_event_000164","PARHBT","GAIN",9,9,"ENSE00001456541",183,1,TRUE,TRUE
"CNA_event_000165","PAVARZ","GAIN",1,1,"ENSE00004011725",79,1,TRUE,TRUE
"CNA_event_000165","PAVARZ","GAIN",2,2,"ENSE00001156351",85,1,TRUE,TRUE
"CNA_event_000165","PAVARZ","GAIN",3,3,"ENSE00001156344",45,1,TRUE,TRUE
"CNA_event_000165","PAVARZ","GAIN",4,4,"ENSE00003595610",44,1,TRUE,TRUE
"CNA_event_000165","PAVARZ","GAIN",5,5,"ENSE00001156330",239,1,TRUE,TRUE
"CNA_event_000165","PAVARZ","GAIN",6,6,"ENSE00001156327",142,1,TRUE,TRUE
"CNA_event_000165","PAVARZ","GAIN",7,7,"ENSE00003725338",167,1,TRUE,TRUE
"CNA_event_000165","PAVARZ","GAIN",8,8,"ENSE00001156315",225,1,TRUE,TRUE
"CNA_event_000165","PAVARZ","GAIN",9,9,"ENSE00001456541",183,1,TRUE,TRUE
"CNA_event_000166","PATALJ","GAIN",4,4,"ENSE00003595610",44,1,TRUE,TRUE
"CNA_event_000166","PATALJ","GAIN",5,5,"ENSE00001156330",227,0.949790794979079,TRUE,TRUE
"CNA_event_000167","PAWGPI","GAIN",1,1,"ENSE00004011725",79,1,TRUE,TRUE
"CNA_event_000167","PAWGPI","GAIN",2,2,"ENSE00001156351",85,1,TRUE,TRUE
"CNA_event_000167","PAWGPI","GAIN",3,3,"ENSE00001156344",45,1,TRUE,TRUE
"CNA_event_000167","PAWGPI","GAIN",4,4,"ENSE00003595610",44,1,TRUE,TRUE
"CNA_event_000167","PAWGPI","GAIN",5,5,"ENSE00001156330",239,1,TRUE,TRUE
"CNA_event_000167","PAWGPI","GAIN",6,6,"ENSE00001156327",142,1,TRUE,TRUE
"CNA_event_000167","PAWGPI","GAIN",7,7,"ENSE00003725338",167,1,TRUE,TRUE
"CNA_event_000167","PAWGPI","GAIN",8,8,"ENSE00001156315",225,1,TRUE,TRUE
"CNA_event_000167","PAWGPI","GAIN",9,9,"ENSE00001456541",183,1,TRUE,TRUE
"CNA_event_000168","PAVLGT","GAIN",1,1,"ENSE00004011725",79,1,TRUE,TRUE
"CNA_event_000168","PAVLGT","GAIN",2,2,"ENSE00001156351",85,1,TRUE,TRUE
"CNA_event_000168","PAVLGT","GAIN",3,3,"ENSE00001156344",45,1,TRUE,TRUE
"CNA_event_000168","PAVLGT","GAIN",4,4,"ENSE00003595610",44,1,TRUE,TRUE
"CNA_event_000168","PAVLGT","GAIN",5,5,"ENSE00001156330",239,1,TRUE,TRUE
"CNA_event_000168","PAVLGT","GAIN",6,6,"ENSE00001156327",142,1,TRUE,TRUE
"CNA_event_000168","PAVLGT","GAIN",7,7,"ENSE00003725338",167,1,TRUE,TRUE
"CNA_event_000168","PAVLGT","GAIN",8,8,"ENSE00001156315",225,1,TRUE,TRUE
"CNA_event_000168","PAVLGT","GAIN",9,9,"ENSE00001456541",183,1,TRUE,TRUE
"CNA_event_000169","PAUNZE","GAIN",1,1,"ENSE00004011725",79,1,TRUE,TRUE
"CNA_event_000169","PAUNZE","GAIN",2,2,"ENSE00001156351",85,1,TRUE,TRUE
"CNA_event_000169","PAUNZE","GAIN",3,3,"ENSE00001156344",45,1,TRUE,TRUE
"CNA_event_000169","PAUNZE","GAIN",4,4,"ENSE00003595610",44,1,TRUE,TRUE
"CNA_event_000169","PAUNZE","GAIN",5,5,"ENSE00001156330",239,1,TRUE,TRUE
"CNA_event_000169","PAUNZE","GAIN",6,6,"ENSE00001156327",142,1,TRUE,TRUE
"CNA_event_000169","PAUNZE","GAIN",7,7,"ENSE00003725338",167,1,TRUE,TRUE
"CNA_event_000169","PAUNZE","GAIN",8,8,"ENSE00001156315",225,1,TRUE,TRUE
"CNA_event_000169","PAUNZE","GAIN",9,9,"ENSE00001456541",183,1,TRUE,TRUE
"CNA_event_000170","PAUNDK","GAIN",1,1,"ENSE00004011725",79,1,TRUE,TRUE
"CNA_event_000170","PAUNDK","GAIN",2,2,"ENSE00001156351",85,1,TRUE,TRUE
"CNA_event_000170","PAUNDK","GAIN",3,3,"ENSE00001156344",45,1,TRUE,TRUE
"CNA_event_000170","PAUNDK","GAIN",4,4,"ENSE00003595610",44,1,TRUE,TRUE
"CNA_event_000170","PAUNDK","GAIN",5,5,"ENSE00001156330",239,1,TRUE,TRUE
"CNA_event_000170","PAUNDK","GAIN",6,6,"ENSE00001156327",142,1,TRUE,TRUE
"CNA_event_000170","PAUNDK","GAIN",7,7,"ENSE00003725338",167,1,TRUE,TRUE
"CNA_event_000170","PAUNDK","GAIN",8,8,"ENSE00001156315",225,1,TRUE,TRUE
"CNA_event_000170","PAUNDK","GAIN",9,9,"ENSE00001456541",183,1,TRUE,TRUE
"CNA_event_000171","PAUEYF","GAIN",1,1,"ENSE00004011725",79,1,TRUE,TRUE
"CNA_event_000171","PAUEYF","GAIN",2,2,"ENSE00001156351",85,1,TRUE,TRUE
"CNA_event_000171","PAUEYF","GAIN",3,3,"ENSE00001156344",45,1,TRUE,TRUE
"CNA_event_000171","PAUEYF","GAIN",4,4,"ENSE00003595610",44,1,TRUE,TRUE
"CNA_event_000171","PAUEYF","GAIN",5,5,"ENSE00001156330",239,1,TRUE,TRUE
"CNA_event_000171","PAUEYF","GAIN",6,6,"ENSE00001156327",142,1,TRUE,TRUE
"CNA_event_000171","PAUEYF","GAIN",7,7,"ENSE00003725338",167,1,TRUE,TRUE
"CNA_event_000171","PAUEYF","GAIN",8,8,"ENSE00001156315",225,1,TRUE,TRUE
"CNA_event_000171","PAUEYF","GAIN",9,9,"ENSE00001456541",183,1,TRUE,TRUE
"CNA_event_000172","PATRNH","GAIN",1,1,"ENSE00004011725",79,1,TRUE,TRUE
"CNA_event_000172","PATRNH","GAIN",2,2,"ENSE00001156351",85,1,TRUE,TRUE
"CNA_event_000172","PATRNH","GAIN",3,3,"ENSE00001156344",45,1,TRUE,TRUE
"CNA_event_000172","PATRNH","GAIN",4,4,"ENSE00003595610",44,1,TRUE,TRUE
"CNA_event_000172","PATRNH","GAIN",5,5,"ENSE00001156330",239,1,TRUE,TRUE
"CNA_event_000172","PATRNH","GAIN",6,6,"ENSE00001156327",142,1,TRUE,TRUE
"CNA_event_000172","PATRNH","GAIN",7,7,"ENSE00003725338",167,1,TRUE,TRUE
"CNA_event_000172","PATRNH","GAIN",8,8,"ENSE00001156315",225,1,TRUE,TRUE
"CNA_event_000172","PATRNH","GAIN",9,9,"ENSE00001456541",183,1,TRUE,TRUE
"CNA_event_000173","PATGZA","GAIN",1,1,"ENSE00004011725",79,1,TRUE,TRUE
"CNA_event_000173","PATGZA","GAIN",2,2,"ENSE00001156351",85,1,TRUE,TRUE
"CNA_event_000173","PATGZA","GAIN",3,3,"ENSE00001156344",45,1,TRUE,TRUE
"CNA_event_000173","PATGZA","GAIN",4,4,"ENSE00003595610",44,1,TRUE,TRUE
"CNA_event_000173","PATGZA","GAIN",5,5,"ENSE00001156330",239,1,TRUE,TRUE
"CNA_event_000173","PATGZA","GAIN",6,6,"ENSE00001156327",142,1,TRUE,TRUE
"CNA_event_000173","PATGZA","GAIN",7,7,"ENSE00003725338",167,1,TRUE,TRUE
"CNA_event_000173","PATGZA","GAIN",8,8,"ENSE00001156315",225,1,TRUE,TRUE
"CNA_event_000173","PATGZA","GAIN",9,9,"ENSE00001456541",183,1,TRUE,TRUE
"CNA_event_000174","PATCKV","GAIN",1,1,"ENSE00004011725",79,1,TRUE,TRUE
"CNA_event_000174","PATCKV","GAIN",2,2,"ENSE00001156351",85,1,TRUE,TRUE
"CNA_event_000174","PATCKV","GAIN",3,3,"ENSE00001156344",45,1,TRUE,TRUE
"CNA_event_000174","PATCKV","GAIN",4,4,"ENSE00003595610",44,1,TRUE,TRUE
"CNA_event_000174","PATCKV","GAIN",5,5,"ENSE00001156330",239,1,TRUE,TRUE
"CNA_event_000174","PATCKV","GAIN",6,6,"ENSE00001156327",142,1,TRUE,TRUE
"CNA_event_000174","PATCKV","GAIN",7,7,"ENSE00003725338",167,1,TRUE,TRUE
"CNA_event_000174","PATCKV","GAIN",8,8,"ENSE00001156315",225,1,TRUE,TRUE
"CNA_event_000174","PATCKV","GAIN",9,9,"ENSE00001456541",183,1,TRUE,TRUE
"CNA_event_000176","PASYKJ","GAIN",1,1,"ENSE00004011725",79,1,TRUE,TRUE
"CNA_event_000176","PASYKJ","GAIN",2,2,"ENSE00001156351",85,1,TRUE,TRUE
"CNA_event_000176","PASYKJ","GAIN",3,3,"ENSE00001156344",45,1,TRUE,TRUE
"CNA_event_000176","PASYKJ","GAIN",4,4,"ENSE00003595610",44,1,TRUE,TRUE
"CNA_event_000176","PASYKJ","GAIN",5,5,"ENSE00001156330",239,1,TRUE,TRUE
"CNA_event_000176","PASYKJ","GAIN",6,6,"ENSE00001156327",142,1,TRUE,TRUE
"CNA_event_000176","PASYKJ","GAIN",7,7,"ENSE00003725338",167,1,TRUE,TRUE
"CNA_event_000176","PASYKJ","GAIN",8,8,"ENSE00001156315",225,1,TRUE,TRUE
"CNA_event_000176","PASYKJ","GAIN",9,9,"ENSE00001456541",183,1,TRUE,TRUE
"CNA_event_000177","PASKSY","GAIN",1,1,"ENSE00004011725",79,1,TRUE,TRUE
"CNA_event_000177","PASKSY","GAIN",2,2,"ENSE00001156351",85,1,TRUE,TRUE
"CNA_event_000177","PASKSY","GAIN",3,3,"ENSE00001156344",45,1,TRUE,TRUE
"CNA_event_000177","PASKSY","GAIN",4,4,"ENSE00003595610",44,1,TRUE,TRUE
"CNA_event_000177","PASKSY","GAIN",5,5,"ENSE00001156330",239,1,TRUE,TRUE
"CNA_event_000177","PASKSY","GAIN",6,6,"ENSE00001156327",142,1,TRUE,TRUE
"CNA_event_000177","PASKSY","GAIN",7,7,"ENSE00003725338",167,1,TRUE,TRUE
"CNA_event_000177","PASKSY","GAIN",8,8,"ENSE00001156315",225,1,TRUE,TRUE
"CNA_event_000177","PASKSY","GAIN",9,9,"ENSE00001456541",183,1,TRUE,TRUE
"CNA_event_000178","PASGRU","GAIN",1,1,"ENSE00004011725",79,1,TRUE,TRUE
"CNA_event_000180","PASGRU","GAIN",2,2,"ENSE00001156351",85,1,TRUE,TRUE
"CNA_event_000180","PASGRU","GAIN",3,3,"ENSE00001156344",45,1,TRUE,TRUE
"CNA_event_000180","PASGRU","GAIN",4,4,"ENSE00003595610",44,1,TRUE,TRUE
"CNA_event_000180","PASGRU","GAIN",5,5,"ENSE00001156330",239,1,TRUE,TRUE
"CNA_event_000180","PASGRU","GAIN",6,6,"ENSE00001156327",142,1,TRUE,TRUE
"CNA_event_000180","PASGRU","GAIN",7,7,"ENSE00003725338",167,1,TRUE,TRUE
"CNA_event_000180","PASGRU","GAIN",8,8,"ENSE00001156315",225,1,TRUE,TRUE
"CNA_event_000180","PASGRU","GAIN",9,9,"ENSE00001456541",183,1,TRUE,TRUE
"CNA_event_000181","PARRWT","GAIN",1,1,"ENSE00004011725",79,1,TRUE,TRUE
"CNA_event_000181","PARRWT","GAIN",2,2,"ENSE00001156351",85,1,TRUE,TRUE
"CNA_event_000181","PARRWT","GAIN",3,3,"ENSE00001156344",45,1,TRUE,TRUE
"CNA_event_000181","PARRWT","GAIN",4,4,"ENSE00003595610",44,1,TRUE,TRUE
"CNA_event_000181","PARRWT","GAIN",5,5,"ENSE00001156330",239,1,TRUE,TRUE
"CNA_event_000181","PARRWT","GAIN",6,6,"ENSE00001156327",142,1,TRUE,TRUE
"CNA_event_000181","PARRWT","GAIN",7,7,"ENSE00003725338",167,1,TRUE,TRUE
"CNA_event_000181","PARRWT","GAIN",8,8,"ENSE00001156315",225,1,TRUE,TRUE
"CNA_event_000181","PARRWT","GAIN",9,9,"ENSE00001456541",183,1,TRUE,TRUE
"CNA_event_000182","PARNPX","GAIN",1,1,"ENSE00004011725",79,1,TRUE,TRUE
"CNA_event_000182","PARNPX","GAIN",2,2,"ENSE00001156351",85,1,TRUE,TRUE
"CNA_event_000182","PARNPX","GAIN",3,3,"ENSE00001156344",45,1,TRUE,TRUE
"CNA_event_000182","PARNPX","GAIN",4,4,"ENSE00003595610",44,1,TRUE,TRUE
"CNA_event_000182","PARNPX","GAIN",5,5,"ENSE00001156330",239,1,TRUE,TRUE
"CNA_event_000182","PARNPX","GAIN",6,6,"ENSE00001156327",142,1,TRUE,TRUE
"CNA_event_000182","PARNPX","GAIN",7,7,"ENSE00003725338",167,1,TRUE,TRUE
"CNA_event_000182","PARNPX","GAIN",8,8,"ENSE00001156315",225,1,TRUE,TRUE
"CNA_event_000182","PARNPX","GAIN",9,9,"ENSE00001456541",183,1,TRUE,TRUE
"CNA_event_000183","PARHEL","GAIN",1,1,"ENSE00004011725",79,1,TRUE,TRUE
"CNA_event_000183","PARHEL","GAIN",2,2,"ENSE00001156351",85,1,TRUE,TRUE
"CNA_event_000183","PARHEL","GAIN",3,3,"ENSE00001156344",45,1,TRUE,TRUE
"CNA_event_000183","PARHEL","GAIN",4,4,"ENSE00003595610",44,1,TRUE,TRUE
"CNA_event_000183","PARHEL","GAIN",5,5,"ENSE00001156330",239,1,TRUE,TRUE
"CNA_event_000183","PARHEL","GAIN",6,6,"ENSE00001156327",142,1,TRUE,TRUE
"CNA_event_000183","PARHEL","GAIN",7,7,"ENSE00003725338",167,1,TRUE,TRUE
"CNA_event_000183","PARHEL","GAIN",8,8,"ENSE00001156315",225,1,TRUE,TRUE
"CNA_event_000183","PARHEL","GAIN",9,9,"ENSE00001456541",183,1,TRUE,TRUE
"CNA_event_000184","PARDFP","GAIN",1,1,"ENSE00004011725",79,1,TRUE,TRUE
"CNA_event_000184","PARDFP","GAIN",2,2,"ENSE00001156351",85,1,TRUE,TRUE
"CNA_event_000184","PARDFP","GAIN",3,3,"ENSE00001156344",45,1,TRUE,TRUE
"CNA_event_000184","PARDFP","GAIN",4,4,"ENSE00003595610",44,1,TRUE,TRUE
"CNA_event_000184","PARDFP","GAIN",5,5,"ENSE00001156330",239,1,TRUE,TRUE
"CNA_event_000184","PARDFP","GAIN",6,6,"ENSE00001156327",142,1,TRUE,TRUE
"CNA_event_000184","PARDFP","GAIN",7,7,"ENSE00003725338",167,1,TRUE,TRUE
"CNA_event_000184","PARDFP","GAIN",8,8,"ENSE00001156315",225,1,TRUE,TRUE
"CNA_event_000184","PARDFP","GAIN",9,9,"ENSE00001456541",183,1,TRUE,TRUE
"CNA_event_000185","PATTWG","GAIN",1,1,"ENSE00004011725",79,1,TRUE,TRUE
"CNA_event_000185","PATTWG","GAIN",2,2,"ENSE00001156351",85,1,TRUE,TRUE
"CNA_event_000185","PATTWG","GAIN",3,3,"ENSE00001156344",45,1,TRUE,TRUE
"CNA_event_000185","PATTWG","GAIN",4,4,"ENSE00003595610",44,1,TRUE,TRUE
"CNA_event_000185","PATTWG","GAIN",5,5,"ENSE00001156330",239,1,TRUE,TRUE
"CNA_event_000185","PATTWG","GAIN",6,6,"ENSE00001156327",142,1,TRUE,TRUE
"CNA_event_000185","PATTWG","GAIN",7,7,"ENSE00003725338",167,1,TRUE,TRUE
"CNA_event_000185","PATTWG","GAIN",8,8,"ENSE00001156315",225,1,TRUE,TRUE
"CNA_event_000185","PATTWG","GAIN",9,9,"ENSE00001456541",183,1,TRUE,TRUE
