"protein","transcript","cluster_id","analysis_type","exon_ids","exon_orders","residue_segments","n_residues","residues","mapping_interpretation"
"PTEN","ENST00000371953","HOMDEL_cluster_0001","HOMDEL","ENSE00001156330;ENSE00001156351;ENSE00004011725","1;2;5","85-164;27-55;1-27",135,"1;2;3;4;5;6;7;8;9;10;11;12;13;14;15;16;17;18;19;20;21;22;23;24;25;26;27;28;29;30;31;32;33;34;35;36;37;38;39;40;41;42;43;44;45;46;47;48;49;50;51;52;53;54;55;85;86;87;88;89;90;91;92;93;94;95;96;97;98;99;100;101;102;103;104;105;106;107;108;109;110;111;112;113;114;115;116;117;118;119;120;121;122;123;124;125;126;127;128;129;130;131;132;133;134;135;136;137;138;139;140;141;142;143;144;145;146;147;148;149;150;151;152;153;154;155;156;157;158;159;160;161;162;163;164","Union of residues encoded by candidate exons; shared splice-boundary residues deduplicated"
"PTEN","ENST00000371953","HOMDEL_cluster_0002","HOMDEL","ENSE00001156344;ENSE00003595610","3;4","55-70;70-85",31,"55;56;57;58;59;60;61;62;63;64;65;66;67;68;69;70;71;72;73;74;75;76;77;78;79;80;81;82;83;84;85","Union of residues encoded by candidate exons; shared splice-boundary residues deduplicated"
"PTEN","ENST00000371953","HOMDEL_cluster_0003","HOMDEL","ENSE00001156330;ENSE00001156351","2;5","85-164;27-55",109,"27;28;29;30;31;32;33;34;35;36;37;38;39;40;41;42;43;44;45;46;47;48;49;50;51;52;53;54;55;85;86;87;88;89;90;91;92;93;94;95;96;97;98;99;100;101;102;103;104;105;106;107;108;109;110;111;112;113;114;115;116;117;118;119;120;121;122;123;124;125;126;127;128;129;130;131;132;133;134;135;136;137;138;139;140;141;142;143;144;145;146;147;148;149;150;151;152;153;154;155;156;157;158;159;160;161;162;163;164","Union of residues encoded by candidate exons; shared splice-boundary residues deduplicated"
"PTEN","ENST00000371953","HOMDEL_cluster_0004","HOMDEL","ENSE00001156344;ENSE00001156351;ENSE00003595610;ENSE00004011725","1;2;3;4","55-70;27-55;70-85;1-27",85,"1;2;3;4;5;6;7;8;9;10;11;12;13;14;15;16;17;18;19;20;21;22;23;24;25;26;27;28;29;30;31;32;33;34;35;36;37;38;39;40;41;42;43;44;45;46;47;48;49;50;51;52;53;54;55;56;57;58;59;60;61;62;63;64;65;66;67;68;69;70;71;72;73;74;75;76;77;78;79;80;81;82;83;84;85","Union of residues encoded by candidate exons; shared splice-boundary residues deduplicated"
"PTEN","ENST00000371953","HOMDEL_cluster_0005","HOMDEL","ENSE00001156330;ENSE00001156344;ENSE00001156351;ENSE00003595610;ENSE00004011725","1;2;3;4;5","85-164;55-70;27-55;70-85;1-27",164,"1;2;3;4;5;6;7;8;9;10;11;12;13;14;15;16;17;18;19;20;21;22;23;24;25;26;27;28;29;30;31;32;33;34;35;36;37;38;39;40;41;42;43;44;45;46;47;48;49;50;51;52;53;54;55;56;57;58;59;60;61;62;63;64;65;66;67;68;69;70;71;72;73;74;75;76;77;78;79;80;81;82;83;84;85;86;87;88;89;90;91;92;93;94;95;96;97;98;99;100;101;102;103;104;105;106;107;108;109;110;111;112;113;114;115;116;117;118;119;120;121;122;123;124;125;126;127;128;129;130;131;132;133;134;135;136;137;138;139;140;141;142;143;144;145;146;147;148;149;150;151;152;153;154;155;156;157;158;159;160;161;162;163;164","Union of residues encoded by candidate exons; shared splice-boundary residues deduplicated"
"PTEN","ENST00000371953","HOMDEL_cluster_0006","HOMDEL","ENSE00001156351;ENSE00004011725","1;2","27-55;1-27",55,"1;2;3;4;5;6;7;8;9;10;11;12;13;14;15;16;17;18;19;20;21;22;23;24;25;26;27;28;29;30;31;32;33;34;35;36;37;38;39;40;41;42;43;44;45;46;47;48;49;50;51;52;53;54;55","Union of residues encoded by candidate exons; shared splice-boundary residues deduplicated"
"PTEN","ENST00000371953","HOMDEL_cluster_0007","HOMDEL","ENSE00001156315;ENSE00003725338","7;8","268-342;212-267",131,"212;213;214;215;216;217;218;219;220;221;222;223;224;225;226;227;228;229;230;231;232;233;234;235;236;237;238;239;240;241;242;243;244;245;246;247;248;249;250;251;252;253;254;255;256;257;258;259;260;261;262;263;264;265;266;267;268;269;270;271;272;273;274;275;276;277;278;279;280;281;282;283;284;285;286;287;288;289;290;291;292;293;294;295;296;297;298;299;300;301;302;303;304;305;306;307;308;309;310;311;312;313;314;315;316;317;318;319;320;321;322;323;324;325;326;327;328;329;330;331;332;333;334;335;336;337;338;339;340;341;342","Union of residues encoded by candidate exons; shared splice-boundary residues deduplicated"
"PTEN","ENST00000371953","HOMDEL_cluster_0008","HOMDEL","ENSE00001156327;ENSE00001456541","6;9","165-212;343-403",109,"165;166;167;168;169;170;171;172;173;174;175;176;177;178;179;180;181;182;183;184;185;186;187;188;189;190;191;192;193;194;195;196;197;198;199;200;201;202;203;204;205;206;207;208;209;210;211;212;343;344;345;346;347;348;349;350;351;352;353;354;355;356;357;358;359;360;361;362;363;364;365;366;367;368;369;370;371;372;373;374;375;376;377;378;379;380;381;382;383;384;385;386;387;388;389;390;391;392;393;394;395;396;397;398;399;400;401;402;403","Union of residues encoded by candidate exons; shared splice-boundary residues deduplicated"
"PTEN","ENST00000371953","HOMDEL_cluster_0009","HOMDEL","ENSE00001156315;ENSE00001156327;ENSE00001456541;ENSE00003725338","6;7;8;9","268-342;165-212;343-403;212-267",239,"165;166;167;168;169;170;171;172;173;174;175;176;177;178;179;180;181;182;183;184;185;186;187;188;189;190;191;192;193;194;195;196;197;198;199;200;201;202;203;204;205;206;207;208;209;210;211;212;213;214;215;216;217;218;219;220;221;222;223;224;225;226;227;228;229;230;231;232;233;234;235;236;237;238;239;240;241;242;243;244;245;246;247;248;249;250;251;252;253;254;255;256;257;258;259;260;261;262;263;264;265;266;267;268;269;270;271;272;273;274;275;276;277;278;279;280;281;282;283;284;285;286;287;288;289;290;291;292;293;294;295;296;297;298;299;300;301;302;303;304;305;306;307;308;309;310;311;312;313;314;315;316;317;318;319;320;321;322;323;324;325;326;327;328;329;330;331;332;333;334;335;336;337;338;339;340;341;342;343;344;345;346;347;348;349;350;351;352;353;354;355;356;357;358;359;360;361;362;363;364;365;366;367;368;369;370;371;372;373;374;375;376;377;378;379;380;381;382;383;384;385;386;387;388;389;390;391;392;393;394;395;396;397;398;399;400;401;402;403","Union of residues encoded by candidate exons; shared splice-boundary residues deduplicated"
"PTEN","ENST00000371953","HOMDEL_cluster_0010","HOMDEL","ENSE00001156315;ENSE00001456541;ENSE00003725338","7;8;9","268-342;343-403;212-267",192,"212;213;214;215;216;217;218;219;220;221;222;223;224;225;226;227;228;229;230;231;232;233;234;235;236;237;238;239;240;241;242;243;244;245;246;247;248;249;250;251;252;253;254;255;256;257;258;259;260;261;262;263;264;265;266;267;268;269;270;271;272;273;274;275;276;277;278;279;280;281;282;283;284;285;286;287;288;289;290;291;292;293;294;295;296;297;298;299;300;301;302;303;304;305;306;307;308;309;310;311;312;313;314;315;316;317;318;319;320;321;322;323;324;325;326;327;328;329;330;331;332;333;334;335;336;337;338;339;340;341;342;343;344;345;346;347;348;349;350;351;352;353;354;355;356;357;358;359;360;361;362;363;364;365;366;367;368;369;370;371;372;373;374;375;376;377;378;379;380;381;382;383;384;385;386;387;388;389;390;391;392;393;394;395;396;397;398;399;400;401;402;403","Union of residues encoded by candidate exons; shared splice-boundary residues deduplicated"
"PTEN","ENST00000371953","HOMDEL_cluster_0011","HOMDEL","ENSE00001156327;ENSE00001156330","5;6","165-212;85-164",128,"85;86;87;88;89;90;91;92;93;94;95;96;97;98;99;100;101;102;103;104;105;106;107;108;109;110;111;112;113;114;115;116;117;118;119;120;121;122;123;124;125;126;127;128;129;130;131;132;133;134;135;136;137;138;139;140;141;142;143;144;145;146;147;148;149;150;151;152;153;154;155;156;157;158;159;160;161;162;163;164;165;166;167;168;169;170;171;172;173;174;175;176;177;178;179;180;181;182;183;184;185;186;187;188;189;190;191;192;193;194;195;196;197;198;199;200;201;202;203;204;205;206;207;208;209;210;211;212","Union of residues encoded by candidate exons; shared splice-boundary residues deduplicated"
"PTEN","ENST00000371953","HOMDEL_cluster_0012","HOMDEL","ENSE00001156315;ENSE00001156327;ENSE00001156330;ENSE00001456541;ENSE00003725338","5;6;7;8;9","268-342;165-212;85-164;343-403;212-267",319,"85;86;87;88;89;90;91;92;93;94;95;96;97;98;99;100;101;102;103;104;105;106;107;108;109;110;111;112;113;114;115;116;117;118;119;120;121;122;123;124;125;126;127;128;129;130;131;132;133;134;135;136;137;138;139;140;141;142;143;144;145;146;147;148;149;150;151;152;153;154;155;156;157;158;159;160;161;162;163;164;165;166;167;168;169;170;171;172;173;174;175;176;177;178;179;180;181;182;183;184;185;186;187;188;189;190;191;192;193;194;195;196;197;198;199;200;201;202;203;204;205;206;207;208;209;210;211;212;213;214;215;216;217;218;219;220;221;222;223;224;225;226;227;228;229;230;231;232;233;234;235;236;237;238;239;240;241;242;243;244;245;246;247;248;249;250;251;252;253;254;255;256;257;258;259;260;261;262;263;264;265;266;267;268;269;270;271;272;273;274;275;276;277;278;279;280;281;282;283;284;285;286;287;288;289;290;291;292;293;294;295;296;297;298;299;300;301;302;303;304;305;306;307;308;309;310;311;312;313;314;315;316;317;318;319;320;321;322;323;324;325;326;327;328;329;330;331;332;333;334;335;336;337;338;339;340;341;342;343;344;345;346;347;348;349;350;351;352;353;354;355;356;357;358;359;360;361;362;363;364;365;366;367;368;369;370;371;372;373;374;375;376;377;378;379;380;381;382;383;384;385;386;387;388;389;390;391;392;393;394;395;396;397;398;399;400;401;402;403","Union of residues encoded by candidate exons; shared splice-boundary residues deduplicated"
"PTEN","ENST00000371953","HOMDEL_cluster_0013","HOMDEL","ENSE00001156315;ENSE00001156327;ENSE00001156330;ENSE00001156344;ENSE00001156351;ENSE00001456541;ENSE00003595610;ENSE00003725338;ENSE00004011725","1;2;3;4;5;6;7;8;9","268-342;165-212;85-164;55-70;27-55;343-403;70-85;212-267;1-27",403,"1;2;3;4;5;6;7;8;9;10;11;12;13;14;15;16;17;18;19;20;21;22;23;24;25;26;27;28;29;30;31;32;33;34;35;36;37;38;39;40;41;42;43;44;45;46;47;48;49;50;51;52;53;54;55;56;57;58;59;60;61;62;63;64;65;66;67;68;69;70;71;72;73;74;75;76;77;78;79;80;81;82;83;84;85;86;87;88;89;90;91;92;93;94;95;96;97;98;99;100;101;102;103;104;105;106;107;108;109;110;111;112;113;114;115;116;117;118;119;120;121;122;123;124;125;126;127;128;129;130;131;132;133;134;135;136;137;138;139;140;141;142;143;144;145;146;147;148;149;150;151;152;153;154;155;156;157;158;159;160;161;162;163;164;165;166;167;168;169;170;171;172;173;174;175;176;177;178;179;180;181;182;183;184;185;186;187;188;189;190;191;192;193;194;195;196;197;198;199;200;201;202;203;204;205;206;207;208;209;210;211;212;213;214;215;216;217;218;219;220;221;222;223;224;225;226;227;228;229;230;231;232;233;234;235;236;237;238;239;240;241;242;243;244;245;246;247;248;249;250;251;252;253;254;255;256;257;258;259;260;261;262;263;264;265;266;267;268;269;270;271;272;273;274;275;276;277;278;279;280;281;282;283;284;285;286;287;288;289;290;291;292;293;294;295;296;297;298;299;300;301;302;303;304;305;306;307;308;309;310;311;312;313;314;315;316;317;318;319;320;321;322;323;324;325;326;327;328;329;330;331;332;333;334;335;336;337;338;339;340;341;342;343;344;345;346;347;348;349;350;351;352;353;354;355;356;357;358;359;360;361;362;363;364;365;366;367;368;369;370;371;372;373;374;375;376;377;378;379;380;381;382;383;384;385;386;387;388;389;390;391;392;393;394;395;396;397;398;399;400;401;402;403","Union of residues encoded by candidate exons; shared splice-boundary residues deduplicated"
"PTEN","ENST00000371953","HOMDEL_cluster_0014","HOMDEL","ENSE00004011725","1","1-27",27,"1;2;3;4;5;6;7;8;9;10;11;12;13;14;15;16;17;18;19;20;21;22;23;24;25;26;27","Union of residues encoded by candidate exons; shared splice-boundary residues deduplicated"
"PTEN","ENST00000371953","HOMDEL_cluster_0015","HOMDEL","ENSE00001156351","2","27-55",29,"27;28;29;30;31;32;33;34;35;36;37;38;39;40;41;42;43;44;45;46;47;48;49;50;51;52;53;54;55","Union of residues encoded by candidate exons; shared splice-boundary residues deduplicated"
"PTEN","ENST00000371953","HOMDEL_cluster_0016","HOMDEL","ENSE00001156344","3","55-70",16,"55;56;57;58;59;60;61;62;63;64;65;66;67;68;69;70","Union of residues encoded by candidate exons; shared splice-boundary residues deduplicated"
"PTEN","ENST00000371953","HOMDEL_cluster_0017","HOMDEL","ENSE00003595610","4","70-85",16,"70;71;72;73;74;75;76;77;78;79;80;81;82;83;84;85","Union of residues encoded by candidate exons; shared splice-boundary residues deduplicated"
"PTEN","ENST00000371953","HOMDEL_cluster_0018","HOMDEL","ENSE00001156330","5","85-164",80,"85;86;87;88;89;90;91;92;93;94;95;96;97;98;99;100;101;102;103;104;105;106;107;108;109;110;111;112;113;114;115;116;117;118;119;120;121;122;123;124;125;126;127;128;129;130;131;132;133;134;135;136;137;138;139;140;141;142;143;144;145;146;147;148;149;150;151;152;153;154;155;156;157;158;159;160;161;162;163;164","Union of residues encoded by candidate exons; shared splice-boundary residues deduplicated"
"PTEN","ENST00000371953","HOMDEL_cluster_0019","HOMDEL","ENSE00001156327","6","165-212",48,"165;166;167;168;169;170;171;172;173;174;175;176;177;178;179;180;181;182;183;184;185;186;187;188;189;190;191;192;193;194;195;196;197;198;199;200;201;202;203;204;205;206;207;208;209;210;211;212","Union of residues encoded by candidate exons; shared splice-boundary residues deduplicated"
"PTEN","ENST00000371953","HOMDEL_cluster_0020","HOMDEL","ENSE00003725338","7","212-267",56,"212;213;214;215;216;217;218;219;220;221;222;223;224;225;226;227;228;229;230;231;232;233;234;235;236;237;238;239;240;241;242;243;244;245;246;247;248;249;250;251;252;253;254;255;256;257;258;259;260;261;262;263;264;265;266;267","Union of residues encoded by candidate exons; shared splice-boundary residues deduplicated"
"PTEN","ENST00000371953","HOMDEL_cluster_0021","HOMDEL","ENSE00001156315","8","268-342",75,"268;269;270;271;272;273;274;275;276;277;278;279;280;281;282;283;284;285;286;287;288;289;290;291;292;293;294;295;296;297;298;299;300;301;302;303;304;305;306;307;308;309;310;311;312;313;314;315;316;317;318;319;320;321;322;323;324;325;326;327;328;329;330;331;332;333;334;335;336;337;338;339;340;341;342","Union of residues encoded by candidate exons; shared splice-boundary residues deduplicated"
"PTEN","ENST00000371953","HOMDEL_cluster_0022","HOMDEL","ENSE00001456541","9","343-403",61,"343;344;345;346;347;348;349;350;351;352;353;354;355;356;357;358;359;360;361;362;363;364;365;366;367;368;369;370;371;372;373;374;375;376;377;378;379;380;381;382;383;384;385;386;387;388;389;390;391;392;393;394;395;396;397;398;399;400;401;402;403","Union of residues encoded by candidate exons; shared splice-boundary residues deduplicated"
"PTEN","ENST00000371953","HETDEL_cluster_0001","HETDEL","ENSE00001156330;ENSE00001156351;ENSE00004011725","1;2;5","85-164;27-55;1-27",135,"1;2;3;4;5;6;7;8;9;10;11;12;13;14;15;16;17;18;19;20;21;22;23;24;25;26;27;28;29;30;31;32;33;34;35;36;37;38;39;40;41;42;43;44;45;46;47;48;49;50;51;52;53;54;55;85;86;87;88;89;90;91;92;93;94;95;96;97;98;99;100;101;102;103;104;105;106;107;108;109;110;111;112;113;114;115;116;117;118;119;120;121;122;123;124;125;126;127;128;129;130;131;132;133;134;135;136;137;138;139;140;141;142;143;144;145;146;147;148;149;150;151;152;153;154;155;156;157;158;159;160;161;162;163;164","Union of residues encoded by candidate exons; shared splice-boundary residues deduplicated"
"PTEN","ENST00000371953","HETDEL_cluster_0002","HETDEL","ENSE00001156344;ENSE00001156351;ENSE00003595610;ENSE00004011725","1;2;3;4","55-70;27-55;70-85;1-27",85,"1;2;3;4;5;6;7;8;9;10;11;12;13;14;15;16;17;18;19;20;21;22;23;24;25;26;27;28;29;30;31;32;33;34;35;36;37;38;39;40;41;42;43;44;45;46;47;48;49;50;51;52;53;54;55;56;57;58;59;60;61;62;63;64;65;66;67;68;69;70;71;72;73;74;75;76;77;78;79;80;81;82;83;84;85","Union of residues encoded by candidate exons; shared splice-boundary residues deduplicated"
"PTEN","ENST00000371953","HETDEL_cluster_0003","HETDEL","ENSE00001156344;ENSE00003595610","3;4","55-70;70-85",31,"55;56;57;58;59;60;61;62;63;64;65;66;67;68;69;70;71;72;73;74;75;76;77;78;79;80;81;82;83;84;85","Union of residues encoded by candidate exons; shared splice-boundary residues deduplicated"
"PTEN","ENST00000371953","HETDEL_cluster_0004","HETDEL","ENSE00001156330;ENSE00001156344;ENSE00001156351;ENSE00003595610;ENSE00004011725","1;2;3;4;5","85-164;55-70;27-55;70-85;1-27",164,"1;2;3;4;5;6;7;8;9;10;11;12;13;14;15;16;17;18;19;20;21;22;23;24;25;26;27;28;29;30;31;32;33;34;35;36;37;38;39;40;41;42;43;44;45;46;47;48;49;50;51;52;53;54;55;56;57;58;59;60;61;62;63;64;65;66;67;68;69;70;71;72;73;74;75;76;77;78;79;80;81;82;83;84;85;86;87;88;89;90;91;92;93;94;95;96;97;98;99;100;101;102;103;104;105;106;107;108;109;110;111;112;113;114;115;116;117;118;119;120;121;122;123;124;125;126;127;128;129;130;131;132;133;134;135;136;137;138;139;140;141;142;143;144;145;146;147;148;149;150;151;152;153;154;155;156;157;158;159;160;161;162;163;164","Union of residues encoded by candidate exons; shared splice-boundary residues deduplicated"
"PTEN","ENST00000371953","HETDEL_cluster_0005","HETDEL","ENSE00001156330;ENSE00001156351","2;5","85-164;27-55",109,"27;28;29;30;31;32;33;34;35;36;37;38;39;40;41;42;43;44;45;46;47;48;49;50;51;52;53;54;55;85;86;87;88;89;90;91;92;93;94;95;96;97;98;99;100;101;102;103;104;105;106;107;108;109;110;111;112;113;114;115;116;117;118;119;120;121;122;123;124;125;126;127;128;129;130;131;132;133;134;135;136;137;138;139;140;141;142;143;144;145;146;147;148;149;150;151;152;153;154;155;156;157;158;159;160;161;162;163;164","Union of residues encoded by candidate exons; shared splice-boundary residues deduplicated"
"PTEN","ENST00000371953","HETDEL_cluster_0006","HETDEL","ENSE00001156351;ENSE00004011725","1;2","27-55;1-27",55,"1;2;3;4;5;6;7;8;9;10;11;12;13;14;15;16;17;18;19;20;21;22;23;24;25;26;27;28;29;30;31;32;33;34;35;36;37;38;39;40;41;42;43;44;45;46;47;48;49;50;51;52;53;54;55","Union of residues encoded by candidate exons; shared splice-boundary residues deduplicated"
"PTEN","ENST00000371953","HETDEL_cluster_0007","HETDEL","ENSE00001156315;ENSE00003725338","7;8","268-342;212-267",131,"212;213;214;215;216;217;218;219;220;221;222;223;224;225;226;227;228;229;230;231;232;233;234;235;236;237;238;239;240;241;242;243;244;245;246;247;248;249;250;251;252;253;254;255;256;257;258;259;260;261;262;263;264;265;266;267;268;269;270;271;272;273;274;275;276;277;278;279;280;281;282;283;284;285;286;287;288;289;290;291;292;293;294;295;296;297;298;299;300;301;302;303;304;305;306;307;308;309;310;311;312;313;314;315;316;317;318;319;320;321;322;323;324;325;326;327;328;329;330;331;332;333;334;335;336;337;338;339;340;341;342","Union of residues encoded by candidate exons; shared splice-boundary residues deduplicated"
"PTEN","ENST00000371953","HETDEL_cluster_0008","HETDEL","ENSE00001156315;ENSE00001456541;ENSE00003725338","7;8;9","268-342;343-403;212-267",192,"212;213;214;215;216;217;218;219;220;221;222;223;224;225;226;227;228;229;230;231;232;233;234;235;236;237;238;239;240;241;242;243;244;245;246;247;248;249;250;251;252;253;254;255;256;257;258;259;260;261;262;263;264;265;266;267;268;269;270;271;272;273;274;275;276;277;278;279;280;281;282;283;284;285;286;287;288;289;290;291;292;293;294;295;296;297;298;299;300;301;302;303;304;305;306;307;308;309;310;311;312;313;314;315;316;317;318;319;320;321;322;323;324;325;326;327;328;329;330;331;332;333;334;335;336;337;338;339;340;341;342;343;344;345;346;347;348;349;350;351;352;353;354;355;356;357;358;359;360;361;362;363;364;365;366;367;368;369;370;371;372;373;374;375;376;377;378;379;380;381;382;383;384;385;386;387;388;389;390;391;392;393;394;395;396;397;398;399;400;401;402;403","Union of residues encoded by candidate exons; shared splice-boundary residues deduplicated"
"PTEN","ENST00000371953","HETDEL_cluster_0009","HETDEL","ENSE00001156327;ENSE00001456541","6;9","165-212;343-403",109,"165;166;167;168;169;170;171;172;173;174;175;176;177;178;179;180;181;182;183;184;185;186;187;188;189;190;191;192;193;194;195;196;197;198;199;200;201;202;203;204;205;206;207;208;209;210;211;212;343;344;345;346;347;348;349;350;351;352;353;354;355;356;357;358;359;360;361;362;363;364;365;366;367;368;369;370;371;372;373;374;375;376;377;378;379;380;381;382;383;384;385;386;387;388;389;390;391;392;393;394;395;396;397;398;399;400;401;402;403","Union of residues encoded by candidate exons; shared splice-boundary residues deduplicated"
"PTEN","ENST00000371953","HETDEL_cluster_0010","HETDEL","ENSE00001156327;ENSE00001156330","5;6","165-212;85-164",128,"85;86;87;88;89;90;91;92;93;94;95;96;97;98;99;100;101;102;103;104;105;106;107;108;109;110;111;112;113;114;115;116;117;118;119;120;121;122;123;124;125;126;127;128;129;130;131;132;133;134;135;136;137;138;139;140;141;142;143;144;145;146;147;148;149;150;151;152;153;154;155;156;157;158;159;160;161;162;163;164;165;166;167;168;169;170;171;172;173;174;175;176;177;178;179;180;181;182;183;184;185;186;187;188;189;190;191;192;193;194;195;196;197;198;199;200;201;202;203;204;205;206;207;208;209;210;211;212","Union of residues encoded by candidate exons; shared splice-boundary residues deduplicated"
"PTEN","ENST00000371953","HETDEL_cluster_0011","HETDEL","ENSE00001156315;ENSE00001156327;ENSE00001456541;ENSE00003725338","6;7;8;9","268-342;165-212;343-403;212-267",239,"165;166;167;168;169;170;171;172;173;174;175;176;177;178;179;180;181;182;183;184;185;186;187;188;189;190;191;192;193;194;195;196;197;198;199;200;201;202;203;204;205;206;207;208;209;210;211;212;213;214;215;216;217;218;219;220;221;222;223;224;225;226;227;228;229;230;231;232;233;234;235;236;237;238;239;240;241;242;243;244;245;246;247;248;249;250;251;252;253;254;255;256;257;258;259;260;261;262;263;264;265;266;267;268;269;270;271;272;273;274;275;276;277;278;279;280;281;282;283;284;285;286;287;288;289;290;291;292;293;294;295;296;297;298;299;300;301;302;303;304;305;306;307;308;309;310;311;312;313;314;315;316;317;318;319;320;321;322;323;324;325;326;327;328;329;330;331;332;333;334;335;336;337;338;339;340;341;342;343;344;345;346;347;348;349;350;351;352;353;354;355;356;357;358;359;360;361;362;363;364;365;366;367;368;369;370;371;372;373;374;375;376;377;378;379;380;381;382;383;384;385;386;387;388;389;390;391;392;393;394;395;396;397;398;399;400;401;402;403","Union of residues encoded by candidate exons; shared splice-boundary residues deduplicated"
"PTEN","ENST00000371953","HETDEL_cluster_0012","HETDEL","ENSE00001156315;ENSE00001156327;ENSE00001156330;ENSE00001456541;ENSE00003725338","5;6;7;8;9","268-342;165-212;85-164;343-403;212-267",319,"85;86;87;88;89;90;91;92;93;94;95;96;97;98;99;100;101;102;103;104;105;106;107;108;109;110;111;112;113;114;115;116;117;118;119;120;121;122;123;124;125;126;127;128;129;130;131;132;133;134;135;136;137;138;139;140;141;142;143;144;145;146;147;148;149;150;151;152;153;154;155;156;157;158;159;160;161;162;163;164;165;166;167;168;169;170;171;172;173;174;175;176;177;178;179;180;181;182;183;184;185;186;187;188;189;190;191;192;193;194;195;196;197;198;199;200;201;202;203;204;205;206;207;208;209;210;211;212;213;214;215;216;217;218;219;220;221;222;223;224;225;226;227;228;229;230;231;232;233;234;235;236;237;238;239;240;241;242;243;244;245;246;247;248;249;250;251;252;253;254;255;256;257;258;259;260;261;262;263;264;265;266;267;268;269;270;271;272;273;274;275;276;277;278;279;280;281;282;283;284;285;286;287;288;289;290;291;292;293;294;295;296;297;298;299;300;301;302;303;304;305;306;307;308;309;310;311;312;313;314;315;316;317;318;319;320;321;322;323;324;325;326;327;328;329;330;331;332;333;334;335;336;337;338;339;340;341;342;343;344;345;346;347;348;349;350;351;352;353;354;355;356;357;358;359;360;361;362;363;364;365;366;367;368;369;370;371;372;373;374;375;376;377;378;379;380;381;382;383;384;385;386;387;388;389;390;391;392;393;394;395;396;397;398;399;400;401;402;403","Union of residues encoded by candidate exons; shared splice-boundary residues deduplicated"
"PTEN","ENST00000371953","HETDEL_cluster_0013","HETDEL","ENSE00004011725","1","1-27",27,"1;2;3;4;5;6;7;8;9;10;11;12;13;14;15;16;17;18;19;20;21;22;23;24;25;26;27","Union of residues encoded by candidate exons; shared splice-boundary residues deduplicated"
"PTEN","ENST00000371953","HETDEL_cluster_0014","HETDEL","ENSE00001156351","2","27-55",29,"27;28;29;30;31;32;33;34;35;36;37;38;39;40;41;42;43;44;45;46;47;48;49;50;51;52;53;54;55","Union of residues encoded by candidate exons; shared splice-boundary residues deduplicated"
"PTEN","ENST00000371953","HETDEL_cluster_0015","HETDEL","ENSE00001156344","3","55-70",16,"55;56;57;58;59;60;61;62;63;64;65;66;67;68;69;70","Union of residues encoded by candidate exons; shared splice-boundary residues deduplicated"
"PTEN","ENST00000371953","HETDEL_cluster_0016","HETDEL","ENSE00003595610","4","70-85",16,"70;71;72;73;74;75;76;77;78;79;80;81;82;83;84;85","Union of residues encoded by candidate exons; shared splice-boundary residues deduplicated"
"PTEN","ENST00000371953","HETDEL_cluster_0017","HETDEL","ENSE00001156330","5","85-164",80,"85;86;87;88;89;90;91;92;93;94;95;96;97;98;99;100;101;102;103;104;105;106;107;108;109;110;111;112;113;114;115;116;117;118;119;120;121;122;123;124;125;126;127;128;129;130;131;132;133;134;135;136;137;138;139;140;141;142;143;144;145;146;147;148;149;150;151;152;153;154;155;156;157;158;159;160;161;162;163;164","Union of residues encoded by candidate exons; shared splice-boundary residues deduplicated"
"PTEN","ENST00000371953","HETDEL_cluster_0018","HETDEL","ENSE00001156327","6","165-212",48,"165;166;167;168;169;170;171;172;173;174;175;176;177;178;179;180;181;182;183;184;185;186;187;188;189;190;191;192;193;194;195;196;197;198;199;200;201;202;203;204;205;206;207;208;209;210;211;212","Union of residues encoded by candidate exons; shared splice-boundary residues deduplicated"
"PTEN","ENST00000371953","HETDEL_cluster_0019","HETDEL","ENSE00003725338","7","212-267",56,"212;213;214;215;216;217;218;219;220;221;222;223;224;225;226;227;228;229;230;231;232;233;234;235;236;237;238;239;240;241;242;243;244;245;246;247;248;249;250;251;252;253;254;255;256;257;258;259;260;261;262;263;264;265;266;267","Union of residues encoded by candidate exons; shared splice-boundary residues deduplicated"
"PTEN","ENST00000371953","HETDEL_cluster_0020","HETDEL","ENSE00001156315","8","268-342",75,"268;269;270;271;272;273;274;275;276;277;278;279;280;281;282;283;284;285;286;287;288;289;290;291;292;293;294;295;296;297;298;299;300;301;302;303;304;305;306;307;308;309;310;311;312;313;314;315;316;317;318;319;320;321;322;323;324;325;326;327;328;329;330;331;332;333;334;335;336;337;338;339;340;341;342","Union of residues encoded by candidate exons; shared splice-boundary residues deduplicated"
"PTEN","ENST00000371953","HETDEL_cluster_0021","HETDEL","ENSE00001456541","9","343-403",61,"343;344;345;346;347;348;349;350;351;352;353;354;355;356;357;358;359;360;361;362;363;364;365;366;367;368;369;370;371;372;373;374;375;376;377;378;379;380;381;382;383;384;385;386;387;388;389;390;391;392;393;394;395;396;397;398;399;400;401;402;403","Union of residues encoded by candidate exons; shared splice-boundary residues deduplicated"
"PTEN","ENST00000371953","HETDEL_cluster_0022","HETDEL","ENSE00001156315;ENSE00001156327;ENSE00001156330;ENSE00001156344;ENSE00001156351;ENSE00001456541;ENSE00003595610;ENSE00003725338;ENSE00004011725","1;2;3;4;5;6;7;8;9","268-342;165-212;85-164;55-70;27-55;343-403;70-85;212-267;1-27",403,"1;2;3;4;5;6;7;8;9;10;11;12;13;14;15;16;17;18;19;20;21;22;23;24;25;26;27;28;29;30;31;32;33;34;35;36;37;38;39;40;41;42;43;44;45;46;47;48;49;50;51;52;53;54;55;56;57;58;59;60;61;62;63;64;65;66;67;68;69;70;71;72;73;74;75;76;77;78;79;80;81;82;83;84;85;86;87;88;89;90;91;92;93;94;95;96;97;98;99;100;101;102;103;104;105;106;107;108;109;110;111;112;113;114;115;116;117;118;119;120;121;122;123;124;125;126;127;128;129;130;131;132;133;134;135;136;137;138;139;140;141;142;143;144;145;146;147;148;149;150;151;152;153;154;155;156;157;158;159;160;161;162;163;164;165;166;167;168;169;170;171;172;173;174;175;176;177;178;179;180;181;182;183;184;185;186;187;188;189;190;191;192;193;194;195;196;197;198;199;200;201;202;203;204;205;206;207;208;209;210;211;212;213;214;215;216;217;218;219;220;221;222;223;224;225;226;227;228;229;230;231;232;233;234;235;236;237;238;239;240;241;242;243;244;245;246;247;248;249;250;251;252;253;254;255;256;257;258;259;260;261;262;263;264;265;266;267;268;269;270;271;272;273;274;275;276;277;278;279;280;281;282;283;284;285;286;287;288;289;290;291;292;293;294;295;296;297;298;299;300;301;302;303;304;305;306;307;308;309;310;311;312;313;314;315;316;317;318;319;320;321;322;323;324;325;326;327;328;329;330;331;332;333;334;335;336;337;338;339;340;341;342;343;344;345;346;347;348;349;350;351;352;353;354;355;356;357;358;359;360;361;362;363;364;365;366;367;368;369;370;371;372;373;374;375;376;377;378;379;380;381;382;383;384;385;386;387;388;389;390;391;392;393;394;395;396;397;398;399;400;401;402;403","Union of residues encoded by candidate exons; shared splice-boundary residues deduplicated"
"PTEN","ENST00000371953","GAIN_cluster_0001","GAIN","ENSE00001156315;ENSE00001156327;ENSE00001156330;ENSE00001456541;ENSE00003725338","5;6;7;8;9","268-342;165-212;85-164;343-403;212-267",319,"85;86;87;88;89;90;91;92;93;94;95;96;97;98;99;100;101;102;103;104;105;106;107;108;109;110;111;112;113;114;115;116;117;118;119;120;121;122;123;124;125;126;127;128;129;130;131;132;133;134;135;136;137;138;139;140;141;142;143;144;145;146;147;148;149;150;151;152;153;154;155;156;157;158;159;160;161;162;163;164;165;166;167;168;169;170;171;172;173;174;175;176;177;178;179;180;181;182;183;184;185;186;187;188;189;190;191;192;193;194;195;196;197;198;199;200;201;202;203;204;205;206;207;208;209;210;211;212;213;214;215;216;217;218;219;220;221;222;223;224;225;226;227;228;229;230;231;232;233;234;235;236;237;238;239;240;241;242;243;244;245;246;247;248;249;250;251;252;253;254;255;256;257;258;259;260;261;262;263;264;265;266;267;268;269;270;271;272;273;274;275;276;277;278;279;280;281;282;283;284;285;286;287;288;289;290;291;292;293;294;295;296;297;298;299;300;301;302;303;304;305;306;307;308;309;310;311;312;313;314;315;316;317;318;319;320;321;322;323;324;325;326;327;328;329;330;331;332;333;334;335;336;337;338;339;340;341;342;343;344;345;346;347;348;349;350;351;352;353;354;355;356;357;358;359;360;361;362;363;364;365;366;367;368;369;370;371;372;373;374;375;376;377;378;379;380;381;382;383;384;385;386;387;388;389;390;391;392;393;394;395;396;397;398;399;400;401;402;403","Union of residues encoded by candidate exons; shared splice-boundary residues deduplicated"
"PTEN","ENST00000371953","GAIN_cluster_0002","GAIN","ENSE00001156315;ENSE00003725338","7;8","268-342;212-267",131,"212;213;214;215;216;217;218;219;220;221;222;223;224;225;226;227;228;229;230;231;232;233;234;235;236;237;238;239;240;241;242;243;244;245;246;247;248;249;250;251;252;253;254;255;256;257;258;259;260;261;262;263;264;265;266;267;268;269;270;271;272;273;274;275;276;277;278;279;280;281;282;283;284;285;286;287;288;289;290;291;292;293;294;295;296;297;298;299;300;301;302;303;304;305;306;307;308;309;310;311;312;313;314;315;316;317;318;319;320;321;322;323;324;325;326;327;328;329;330;331;332;333;334;335;336;337;338;339;340;341;342","Union of residues encoded by candidate exons; shared splice-boundary residues deduplicated"
"PTEN","ENST00000371953","GAIN_cluster_0003","GAIN","ENSE00001156330;ENSE00001156351","2;5","85-164;27-55",109,"27;28;29;30;31;32;33;34;35;36;37;38;39;40;41;42;43;44;45;46;47;48;49;50;51;52;53;54;55;85;86;87;88;89;90;91;92;93;94;95;96;97;98;99;100;101;102;103;104;105;106;107;108;109;110;111;112;113;114;115;116;117;118;119;120;121;122;123;124;125;126;127;128;129;130;131;132;133;134;135;136;137;138;139;140;141;142;143;144;145;146;147;148;149;150;151;152;153;154;155;156;157;158;159;160;161;162;163;164","Union of residues encoded by candidate exons; shared splice-boundary residues deduplicated"
"PTEN","ENST00000371953","GAIN_cluster_0004","GAIN","ENSE00001156327;ENSE00001456541","6;9","165-212;343-403",109,"165;166;167;168;169;170;171;172;173;174;175;176;177;178;179;180;181;182;183;184;185;186;187;188;189;190;191;192;193;194;195;196;197;198;199;200;201;202;203;204;205;206;207;208;209;210;211;212;343;344;345;346;347;348;349;350;351;352;353;354;355;356;357;358;359;360;361;362;363;364;365;366;367;368;369;370;371;372;373;374;375;376;377;378;379;380;381;382;383;384;385;386;387;388;389;390;391;392;393;394;395;396;397;398;399;400;401;402;403","Union of residues encoded by candidate exons; shared splice-boundary residues deduplicated"
"PTEN","ENST00000371953","GAIN_cluster_0005","GAIN","ENSE00001156351;ENSE00004011725","1;2","27-55;1-27",55,"1;2;3;4;5;6;7;8;9;10;11;12;13;14;15;16;17;18;19;20;21;22;23;24;25;26;27;28;29;30;31;32;33;34;35;36;37;38;39;40;41;42;43;44;45;46;47;48;49;50;51;52;53;54;55","Union of residues encoded by candidate exons; shared splice-boundary residues deduplicated"
"PTEN","ENST00000371953","GAIN_cluster_0006","GAIN","ENSE00001156327;ENSE00001156330","5;6","165-212;85-164",128,"85;86;87;88;89;90;91;92;93;94;95;96;97;98;99;100;101;102;103;104;105;106;107;108;109;110;111;112;113;114;115;116;117;118;119;120;121;122;123;124;125;126;127;128;129;130;131;132;133;134;135;136;137;138;139;140;141;142;143;144;145;146;147;148;149;150;151;152;153;154;155;156;157;158;159;160;161;162;163;164;165;166;167;168;169;170;171;172;173;174;175;176;177;178;179;180;181;182;183;184;185;186;187;188;189;190;191;192;193;194;195;196;197;198;199;200;201;202;203;204;205;206;207;208;209;210;211;212","Union of residues encoded by candidate exons; shared splice-boundary residues deduplicated"
"PTEN","ENST00000371953","GAIN_cluster_0007","GAIN","ENSE00001156330;ENSE00001156351;ENSE00004011725","1;2;5","85-164;27-55;1-27",135,"1;2;3;4;5;6;7;8;9;10;11;12;13;14;15;16;17;18;19;20;21;22;23;24;25;26;27;28;29;30;31;32;33;34;35;36;37;38;39;40;41;42;43;44;45;46;47;48;49;50;51;52;53;54;55;85;86;87;88;89;90;91;92;93;94;95;96;97;98;99;100;101;102;103;104;105;106;107;108;109;110;111;112;113;114;115;116;117;118;119;120;121;122;123;124;125;126;127;128;129;130;131;132;133;134;135;136;137;138;139;140;141;142;143;144;145;146;147;148;149;150;151;152;153;154;155;156;157;158;159;160;161;162;163;164","Union of residues encoded by candidate exons; shared splice-boundary residues deduplicated"
"PTEN","ENST00000371953","GAIN_cluster_0008","GAIN","ENSE00001156344;ENSE00003595610","3;4","55-70;70-85",31,"55;56;57;58;59;60;61;62;63;64;65;66;67;68;69;70;71;72;73;74;75;76;77;78;79;80;81;82;83;84;85","Union of residues encoded by candidate exons; shared splice-boundary residues deduplicated"
"PTEN","ENST00000371953","GAIN_cluster_0009","GAIN","ENSE00001156315;ENSE00001156327;ENSE00001456541;ENSE00003725338","6;7;8;9","268-342;165-212;343-403;212-267",239,"165;166;167;168;169;170;171;172;173;174;175;176;177;178;179;180;181;182;183;184;185;186;187;188;189;190;191;192;193;194;195;196;197;198;199;200;201;202;203;204;205;206;207;208;209;210;211;212;213;214;215;216;217;218;219;220;221;222;223;224;225;226;227;228;229;230;231;232;233;234;235;236;237;238;239;240;241;242;243;244;245;246;247;248;249;250;251;252;253;254;255;256;257;258;259;260;261;262;263;264;265;266;267;268;269;270;271;272;273;274;275;276;277;278;279;280;281;282;283;284;285;286;287;288;289;290;291;292;293;294;295;296;297;298;299;300;301;302;303;304;305;306;307;308;309;310;311;312;313;314;315;316;317;318;319;320;321;322;323;324;325;326;327;328;329;330;331;332;333;334;335;336;337;338;339;340;341;342;343;344;345;346;347;348;349;350;351;352;353;354;355;356;357;358;359;360;361;362;363;364;365;366;367;368;369;370;371;372;373;374;375;376;377;378;379;380;381;382;383;384;385;386;387;388;389;390;391;392;393;394;395;396;397;398;399;400;401;402;403","Union of residues encoded by candidate exons; shared splice-boundary residues deduplicated"
"PTEN","ENST00000371953","GAIN_cluster_0010","GAIN","ENSE00001156315;ENSE00001456541;ENSE00003725338","7;8;9","268-342;343-403;212-267",192,"212;213;214;215;216;217;218;219;220;221;222;223;224;225;226;227;228;229;230;231;232;233;234;235;236;237;238;239;240;241;242;243;244;245;246;247;248;249;250;251;252;253;254;255;256;257;258;259;260;261;262;263;264;265;266;267;268;269;270;271;272;273;274;275;276;277;278;279;280;281;282;283;284;285;286;287;288;289;290;291;292;293;294;295;296;297;298;299;300;301;302;303;304;305;306;307;308;309;310;311;312;313;314;315;316;317;318;319;320;321;322;323;324;325;326;327;328;329;330;331;332;333;334;335;336;337;338;339;340;341;342;343;344;345;346;347;348;349;350;351;352;353;354;355;356;357;358;359;360;361;362;363;364;365;366;367;368;369;370;371;372;373;374;375;376;377;378;379;380;381;382;383;384;385;386;387;388;389;390;391;392;393;394;395;396;397;398;399;400;401;402;403","Union of residues encoded by candidate exons; shared splice-boundary residues deduplicated"
"PTEN","ENST00000371953","GAIN_cluster_0011","GAIN","ENSE00001156344;ENSE00001156351;ENSE00003595610;ENSE00004011725","1;2;3;4","55-70;27-55;70-85;1-27",85,"1;2;3;4;5;6;7;8;9;10;11;12;13;14;15;16;17;18;19;20;21;22;23;24;25;26;27;28;29;30;31;32;33;34;35;36;37;38;39;40;41;42;43;44;45;46;47;48;49;50;51;52;53;54;55;56;57;58;59;60;61;62;63;64;65;66;67;68;69;70;71;72;73;74;75;76;77;78;79;80;81;82;83;84;85","Union of residues encoded by candidate exons; shared splice-boundary residues deduplicated"
"PTEN","ENST00000371953","GAIN_cluster_0012","GAIN","ENSE00001156330;ENSE00001156344;ENSE00001156351;ENSE00003595610;ENSE00004011725","1;2;3;4;5","85-164;55-70;27-55;70-85;1-27",164,"1;2;3;4;5;6;7;8;9;10;11;12;13;14;15;16;17;18;19;20;21;22;23;24;25;26;27;28;29;30;31;32;33;34;35;36;37;38;39;40;41;42;43;44;45;46;47;48;49;50;51;52;53;54;55;56;57;58;59;60;61;62;63;64;65;66;67;68;69;70;71;72;73;74;75;76;77;78;79;80;81;82;83;84;85;86;87;88;89;90;91;92;93;94;95;96;97;98;99;100;101;102;103;104;105;106;107;108;109;110;111;112;113;114;115;116;117;118;119;120;121;122;123;124;125;126;127;128;129;130;131;132;133;134;135;136;137;138;139;140;141;142;143;144;145;146;147;148;149;150;151;152;153;154;155;156;157;158;159;160;161;162;163;164","Union of residues encoded by candidate exons; shared splice-boundary residues deduplicated"
"PTEN","ENST00000371953","GAIN_cluster_0013","GAIN","ENSE00001156315;ENSE00001156327;ENSE00001156330;ENSE00001156344;ENSE00001156351;ENSE00001456541;ENSE00003595610;ENSE00003725338;ENSE00004011725","1;2;3;4;5;6;7;8;9","268-342;165-212;85-164;55-70;27-55;343-403;70-85;212-267;1-27",403,"1;2;3;4;5;6;7;8;9;10;11;12;13;14;15;16;17;18;19;20;21;22;23;24;25;26;27;28;29;30;31;32;33;34;35;36;37;38;39;40;41;42;43;44;45;46;47;48;49;50;51;52;53;54;55;56;57;58;59;60;61;62;63;64;65;66;67;68;69;70;71;72;73;74;75;76;77;78;79;80;81;82;83;84;85;86;87;88;89;90;91;92;93;94;95;96;97;98;99;100;101;102;103;104;105;106;107;108;109;110;111;112;113;114;115;116;117;118;119;120;121;122;123;124;125;126;127;128;129;130;131;132;133;134;135;136;137;138;139;140;141;142;143;144;145;146;147;148;149;150;151;152;153;154;155;156;157;158;159;160;161;162;163;164;165;166;167;168;169;170;171;172;173;174;175;176;177;178;179;180;181;182;183;184;185;186;187;188;189;190;191;192;193;194;195;196;197;198;199;200;201;202;203;204;205;206;207;208;209;210;211;212;213;214;215;216;217;218;219;220;221;222;223;224;225;226;227;228;229;230;231;232;233;234;235;236;237;238;239;240;241;242;243;244;245;246;247;248;249;250;251;252;253;254;255;256;257;258;259;260;261;262;263;264;265;266;267;268;269;270;271;272;273;274;275;276;277;278;279;280;281;282;283;284;285;286;287;288;289;290;291;292;293;294;295;296;297;298;299;300;301;302;303;304;305;306;307;308;309;310;311;312;313;314;315;316;317;318;319;320;321;322;323;324;325;326;327;328;329;330;331;332;333;334;335;336;337;338;339;340;341;342;343;344;345;346;347;348;349;350;351;352;353;354;355;356;357;358;359;360;361;362;363;364;365;366;367;368;369;370;371;372;373;374;375;376;377;378;379;380;381;382;383;384;385;386;387;388;389;390;391;392;393;394;395;396;397;398;399;400;401;402;403","Union of residues encoded by candidate exons; shared splice-boundary residues deduplicated"
"PTEN","ENST00000371953","GAIN_cluster_0014","GAIN","ENSE00004011725","1","1-27",27,"1;2;3;4;5;6;7;8;9;10;11;12;13;14;15;16;17;18;19;20;21;22;23;24;25;26;27","Union of residues encoded by candidate exons; shared splice-boundary residues deduplicated"
"PTEN","ENST00000371953","GAIN_cluster_0015","GAIN","ENSE00001156344","3","55-70",16,"55;56;57;58;59;60;61;62;63;64;65;66;67;68;69;70","Union of residues encoded by candidate exons; shared splice-boundary residues deduplicated"
"PTEN","ENST00000371953","GAIN_cluster_0016","GAIN","ENSE00003595610","4","70-85",16,"70;71;72;73;74;75;76;77;78;79;80;81;82;83;84;85","Union of residues encoded by candidate exons; shared splice-boundary residues deduplicated"
"PTEN","ENST00000371953","GAIN_cluster_0017","GAIN","ENSE00001156330","5","85-164",80,"85;86;87;88;89;90;91;92;93;94;95;96;97;98;99;100;101;102;103;104;105;106;107;108;109;110;111;112;113;114;115;116;117;118;119;120;121;122;123;124;125;126;127;128;129;130;131;132;133;134;135;136;137;138;139;140;141;142;143;144;145;146;147;148;149;150;151;152;153;154;155;156;157;158;159;160;161;162;163;164","Union of residues encoded by candidate exons; shared splice-boundary residues deduplicated"
"PTEN","ENST00000371953","GAIN_cluster_0018","GAIN","ENSE00001156327","6","165-212",48,"165;166;167;168;169;170;171;172;173;174;175;176;177;178;179;180;181;182;183;184;185;186;187;188;189;190;191;192;193;194;195;196;197;198;199;200;201;202;203;204;205;206;207;208;209;210;211;212","Union of residues encoded by candidate exons; shared splice-boundary residues deduplicated"
"PTEN","ENST00000371953","GAIN_cluster_0019","GAIN","ENSE00003725338","7","212-267",56,"212;213;214;215;216;217;218;219;220;221;222;223;224;225;226;227;228;229;230;231;232;233;234;235;236;237;238;239;240;241;242;243;244;245;246;247;248;249;250;251;252;253;254;255;256;257;258;259;260;261;262;263;264;265;266;267","Union of residues encoded by candidate exons; shared splice-boundary residues deduplicated"
"PTEN","ENST00000371953","GAIN_cluster_0020","GAIN","ENSE00001156315","8","268-342",75,"268;269;270;271;272;273;274;275;276;277;278;279;280;281;282;283;284;285;286;287;288;289;290;291;292;293;294;295;296;297;298;299;300;301;302;303;304;305;306;307;308;309;310;311;312;313;314;315;316;317;318;319;320;321;322;323;324;325;326;327;328;329;330;331;332;333;334;335;336;337;338;339;340;341;342","Union of residues encoded by candidate exons; shared splice-boundary residues deduplicated"
"PTEN","ENST00000371953","GAIN_cluster_0021","GAIN","ENSE00001456541","9","343-403",61,"343;344;345;346;347;348;349;350;351;352;353;354;355;356;357;358;359;360;361;362;363;364;365;366;367;368;369;370;371;372;373;374;375;376;377;378;379;380;381;382;383;384;385;386;387;388;389;390;391;392;393;394;395;396;397;398;399;400;401;402;403","Union of residues encoded by candidate exons; shared splice-boundary residues deduplicated"
"PTEN","ENST00000371953","ALL_CNA_cluster_0001","ALL_CNA","ENSE00001156330;ENSE00001156351;ENSE00004011725","1;2;5","85-164;27-55;1-27",135,"1;2;3;4;5;6;7;8;9;10;11;12;13;14;15;16;17;18;19;20;21;22;23;24;25;26;27;28;29;30;31;32;33;34;35;36;37;38;39;40;41;42;43;44;45;46;47;48;49;50;51;52;53;54;55;85;86;87;88;89;90;91;92;93;94;95;96;97;98;99;100;101;102;103;104;105;106;107;108;109;110;111;112;113;114;115;116;117;118;119;120;121;122;123;124;125;126;127;128;129;130;131;132;133;134;135;136;137;138;139;140;141;142;143;144;145;146;147;148;149;150;151;152;153;154;155;156;157;158;159;160;161;162;163;164","Union of residues encoded by candidate exons; shared splice-boundary residues deduplicated"
"PTEN","ENST00000371953","ALL_CNA_cluster_0002","ALL_CNA","ENSE00001156344;ENSE00001156351;ENSE00003595610;ENSE00004011725","1;2;3;4","55-70;27-55;70-85;1-27",85,"1;2;3;4;5;6;7;8;9;10;11;12;13;14;15;16;17;18;19;20;21;22;23;24;25;26;27;28;29;30;31;32;33;34;35;36;37;38;39;40;41;42;43;44;45;46;47;48;49;50;51;52;53;54;55;56;57;58;59;60;61;62;63;64;65;66;67;68;69;70;71;72;73;74;75;76;77;78;79;80;81;82;83;84;85","Union of residues encoded by candidate exons; shared splice-boundary residues deduplicated"
"PTEN","ENST00000371953","ALL_CNA_cluster_0003","ALL_CNA","ENSE00001156330;ENSE00001156344;ENSE00001156351;ENSE00003595610;ENSE00004011725","1;2;3;4;5","85-164;55-70;27-55;70-85;1-27",164,"1;2;3;4;5;6;7;8;9;10;11;12;13;14;15;16;17;18;19;20;21;22;23;24;25;26;27;28;29;30;31;32;33;34;35;36;37;38;39;40;41;42;43;44;45;46;47;48;49;50;51;52;53;54;55;56;57;58;59;60;61;62;63;64;65;66;67;68;69;70;71;72;73;74;75;76;77;78;79;80;81;82;83;84;85;86;87;88;89;90;91;92;93;94;95;96;97;98;99;100;101;102;103;104;105;106;107;108;109;110;111;112;113;114;115;116;117;118;119;120;121;122;123;124;125;126;127;128;129;130;131;132;133;134;135;136;137;138;139;140;141;142;143;144;145;146;147;148;149;150;151;152;153;154;155;156;157;158;159;160;161;162;163;164","Union of residues encoded by candidate exons; shared splice-boundary residues deduplicated"
"PTEN","ENST00000371953","ALL_CNA_cluster_0004","ALL_CNA","ENSE00001156330;ENSE00001156351","2;5","85-164;27-55",109,"27;28;29;30;31;32;33;34;35;36;37;38;39;40;41;42;43;44;45;46;47;48;49;50;51;52;53;54;55;85;86;87;88;89;90;91;92;93;94;95;96;97;98;99;100;101;102;103;104;105;106;107;108;109;110;111;112;113;114;115;116;117;118;119;120;121;122;123;124;125;126;127;128;129;130;131;132;133;134;135;136;137;138;139;140;141;142;143;144;145;146;147;148;149;150;151;152;153;154;155;156;157;158;159;160;161;162;163;164","Union of residues encoded by candidate exons; shared splice-boundary residues deduplicated"
"PTEN","ENST00000371953","ALL_CNA_cluster_0005","ALL_CNA","ENSE00001156344;ENSE00003595610","3;4","55-70;70-85",31,"55;56;57;58;59;60;61;62;63;64;65;66;67;68;69;70;71;72;73;74;75;76;77;78;79;80;81;82;83;84;85","Union of residues encoded by candidate exons; shared splice-boundary residues deduplicated"
"PTEN","ENST00000371953","ALL_CNA_cluster_0006","ALL_CNA","ENSE00001156351;ENSE00004011725","1;2","27-55;1-27",55,"1;2;3;4;5;6;7;8;9;10;11;12;13;14;15;16;17;18;19;20;21;22;23;24;25;26;27;28;29;30;31;32;33;34;35;36;37;38;39;40;41;42;43;44;45;46;47;48;49;50;51;52;53;54;55","Union of residues encoded by candidate exons; shared splice-boundary residues deduplicated"
"PTEN","ENST00000371953","ALL_CNA_cluster_0007","ALL_CNA","ENSE00001156315;ENSE00003725338","7;8","268-342;212-267",131,"212;213;214;215;216;217;218;219;220;221;222;223;224;225;226;227;228;229;230;231;232;233;234;235;236;237;238;239;240;241;242;243;244;245;246;247;248;249;250;251;252;253;254;255;256;257;258;259;260;261;262;263;264;265;266;267;268;269;270;271;272;273;274;275;276;277;278;279;280;281;282;283;284;285;286;287;288;289;290;291;292;293;294;295;296;297;298;299;300;301;302;303;304;305;306;307;308;309;310;311;312;313;314;315;316;317;318;319;320;321;322;323;324;325;326;327;328;329;330;331;332;333;334;335;336;337;338;339;340;341;342","Union of residues encoded by candidate exons; shared splice-boundary residues deduplicated"
"PTEN","ENST00000371953","ALL_CNA_cluster_0008","ALL_CNA","ENSE00001156315;ENSE00001456541;ENSE00003725338","7;8;9","268-342;343-403;212-267",192,"212;213;214;215;216;217;218;219;220;221;222;223;224;225;226;227;228;229;230;231;232;233;234;235;236;237;238;239;240;241;242;243;244;245;246;247;248;249;250;251;252;253;254;255;256;257;258;259;260;261;262;263;264;265;266;267;268;269;270;271;272;273;274;275;276;277;278;279;280;281;282;283;284;285;286;287;288;289;290;291;292;293;294;295;296;297;298;299;300;301;302;303;304;305;306;307;308;309;310;311;312;313;314;315;316;317;318;319;320;321;322;323;324;325;326;327;328;329;330;331;332;333;334;335;336;337;338;339;340;341;342;343;344;345;346;347;348;349;350;351;352;353;354;355;356;357;358;359;360;361;362;363;364;365;366;367;368;369;370;371;372;373;374;375;376;377;378;379;380;381;382;383;384;385;386;387;388;389;390;391;392;393;394;395;396;397;398;399;400;401;402;403","Union of residues encoded by candidate exons; shared splice-boundary residues deduplicated"
"PTEN","ENST00000371953","ALL_CNA_cluster_0009","ALL_CNA","ENSE00001156327;ENSE00001456541","6;9","165-212;343-403",109,"165;166;167;168;169;170;171;172;173;174;175;176;177;178;179;180;181;182;183;184;185;186;187;188;189;190;191;192;193;194;195;196;197;198;199;200;201;202;203;204;205;206;207;208;209;210;211;212;343;344;345;346;347;348;349;350;351;352;353;354;355;356;357;358;359;360;361;362;363;364;365;366;367;368;369;370;371;372;373;374;375;376;377;378;379;380;381;382;383;384;385;386;387;388;389;390;391;392;393;394;395;396;397;398;399;400;401;402;403","Union of residues encoded by candidate exons; shared splice-boundary residues deduplicated"
"PTEN","ENST00000371953","ALL_CNA_cluster_0010","ALL_CNA","ENSE00001156315;ENSE00001156327;ENSE00001456541;ENSE00003725338","6;7;8;9","268-342;165-212;343-403;212-267",239,"165;166;167;168;169;170;171;172;173;174;175;176;177;178;179;180;181;182;183;184;185;186;187;188;189;190;191;192;193;194;195;196;197;198;199;200;201;202;203;204;205;206;207;208;209;210;211;212;213;214;215;216;217;218;219;220;221;222;223;224;225;226;227;228;229;230;231;232;233;234;235;236;237;238;239;240;241;242;243;244;245;246;247;248;249;250;251;252;253;254;255;256;257;258;259;260;261;262;263;264;265;266;267;268;269;270;271;272;273;274;275;276;277;278;279;280;281;282;283;284;285;286;287;288;289;290;291;292;293;294;295;296;297;298;299;300;301;302;303;304;305;306;307;308;309;310;311;312;313;314;315;316;317;318;319;320;321;322;323;324;325;326;327;328;329;330;331;332;333;334;335;336;337;338;339;340;341;342;343;344;345;346;347;348;349;350;351;352;353;354;355;356;357;358;359;360;361;362;363;364;365;366;367;368;369;370;371;372;373;374;375;376;377;378;379;380;381;382;383;384;385;386;387;388;389;390;391;392;393;394;395;396;397;398;399;400;401;402;403","Union of residues encoded by candidate exons; shared splice-boundary residues deduplicated"
"PTEN","ENST00000371953","ALL_CNA_cluster_0011","ALL_CNA","ENSE00001156327;ENSE00001156330","5;6","165-212;85-164",128,"85;86;87;88;89;90;91;92;93;94;95;96;97;98;99;100;101;102;103;104;105;106;107;108;109;110;111;112;113;114;115;116;117;118;119;120;121;122;123;124;125;126;127;128;129;130;131;132;133;134;135;136;137;138;139;140;141;142;143;144;145;146;147;148;149;150;151;152;153;154;155;156;157;158;159;160;161;162;163;164;165;166;167;168;169;170;171;172;173;174;175;176;177;178;179;180;181;182;183;184;185;186;187;188;189;190;191;192;193;194;195;196;197;198;199;200;201;202;203;204;205;206;207;208;209;210;211;212","Union of residues encoded by candidate exons; shared splice-boundary residues deduplicated"
"PTEN","ENST00000371953","ALL_CNA_cluster_0012","ALL_CNA","ENSE00001156315;ENSE00001156327;ENSE00001156330;ENSE00001456541;ENSE00003725338","5;6;7;8;9","268-342;165-212;85-164;343-403;212-267",319,"85;86;87;88;89;90;91;92;93;94;95;96;97;98;99;100;101;102;103;104;105;106;107;108;109;110;111;112;113;114;115;116;117;118;119;120;121;122;123;124;125;126;127;128;129;130;131;132;133;134;135;136;137;138;139;140;141;142;143;144;145;146;147;148;149;150;151;152;153;154;155;156;157;158;159;160;161;162;163;164;165;166;167;168;169;170;171;172;173;174;175;176;177;178;179;180;181;182;183;184;185;186;187;188;189;190;191;192;193;194;195;196;197;198;199;200;201;202;203;204;205;206;207;208;209;210;211;212;213;214;215;216;217;218;219;220;221;222;223;224;225;226;227;228;229;230;231;232;233;234;235;236;237;238;239;240;241;242;243;244;245;246;247;248;249;250;251;252;253;254;255;256;257;258;259;260;261;262;263;264;265;266;267;268;269;270;271;272;273;274;275;276;277;278;279;280;281;282;283;284;285;286;287;288;289;290;291;292;293;294;295;296;297;298;299;300;301;302;303;304;305;306;307;308;309;310;311;312;313;314;315;316;317;318;319;320;321;322;323;324;325;326;327;328;329;330;331;332;333;334;335;336;337;338;339;340;341;342;343;344;345;346;347;348;349;350;351;352;353;354;355;356;357;358;359;360;361;362;363;364;365;366;367;368;369;370;371;372;373;374;375;376;377;378;379;380;381;382;383;384;385;386;387;388;389;390;391;392;393;394;395;396;397;398;399;400;401;402;403","Union of residues encoded by candidate exons; shared splice-boundary residues deduplicated"
"PTEN","ENST00000371953","ALL_CNA_cluster_0013","ALL_CNA","ENSE00001156315;ENSE00001156327;ENSE00001156330;ENSE00001156344;ENSE00001156351;ENSE00001456541;ENSE00003595610;ENSE00003725338;ENSE00004011725","1;2;3;4;5;6;7;8;9","268-342;165-212;85-164;55-70;27-55;343-403;70-85;212-267;1-27",403,"1;2;3;4;5;6;7;8;9;10;11;12;13;14;15;16;17;18;19;20;21;22;23;24;25;26;27;28;29;30;31;32;33;34;35;36;37;38;39;40;41;42;43;44;45;46;47;48;49;50;51;52;53;54;55;56;57;58;59;60;61;62;63;64;65;66;67;68;69;70;71;72;73;74;75;76;77;78;79;80;81;82;83;84;85;86;87;88;89;90;91;92;93;94;95;96;97;98;99;100;101;102;103;104;105;106;107;108;109;110;111;112;113;114;115;116;117;118;119;120;121;122;123;124;125;126;127;128;129;130;131;132;133;134;135;136;137;138;139;140;141;142;143;144;145;146;147;148;149;150;151;152;153;154;155;156;157;158;159;160;161;162;163;164;165;166;167;168;169;170;171;172;173;174;175;176;177;178;179;180;181;182;183;184;185;186;187;188;189;190;191;192;193;194;195;196;197;198;199;200;201;202;203;204;205;206;207;208;209;210;211;212;213;214;215;216;217;218;219;220;221;222;223;224;225;226;227;228;229;230;231;232;233;234;235;236;237;238;239;240;241;242;243;244;245;246;247;248;249;250;251;252;253;254;255;256;257;258;259;260;261;262;263;264;265;266;267;268;269;270;271;272;273;274;275;276;277;278;279;280;281;282;283;284;285;286;287;288;289;290;291;292;293;294;295;296;297;298;299;300;301;302;303;304;305;306;307;308;309;310;311;312;313;314;315;316;317;318;319;320;321;322;323;324;325;326;327;328;329;330;331;332;333;334;335;336;337;338;339;340;341;342;343;344;345;346;347;348;349;350;351;352;353;354;355;356;357;358;359;360;361;362;363;364;365;366;367;368;369;370;371;372;373;374;375;376;377;378;379;380;381;382;383;384;385;386;387;388;389;390;391;392;393;394;395;396;397;398;399;400;401;402;403","Union of residues encoded by candidate exons; shared splice-boundary residues deduplicated"
"PTEN","ENST00000371953","ALL_CNA_cluster_0014","ALL_CNA","ENSE00004011725","1","1-27",27,"1;2;3;4;5;6;7;8;9;10;11;12;13;14;15;16;17;18;19;20;21;22;23;24;25;26;27","Union of residues encoded by candidate exons; shared splice-boundary residues deduplicated"
"PTEN","ENST00000371953","ALL_CNA_cluster_0015","ALL_CNA","ENSE00001156351","2","27-55",29,"27;28;29;30;31;32;33;34;35;36;37;38;39;40;41;42;43;44;45;46;47;48;49;50;51;52;53;54;55","Union of residues encoded by candidate exons; shared splice-boundary residues deduplicated"
"PTEN","ENST00000371953","ALL_CNA_cluster_0016","ALL_CNA","ENSE00001156344","3","55-70",16,"55;56;57;58;59;60;61;62;63;64;65;66;67;68;69;70","Union of residues encoded by candidate exons; shared splice-boundary residues deduplicated"
"PTEN","ENST00000371953","ALL_CNA_cluster_0017","ALL_CNA","ENSE00003595610","4","70-85",16,"70;71;72;73;74;75;76;77;78;79;80;81;82;83;84;85","Union of residues encoded by candidate exons; shared splice-boundary residues deduplicated"
"PTEN","ENST00000371953","ALL_CNA_cluster_0018","ALL_CNA","ENSE00001156330","5","85-164",80,"85;86;87;88;89;90;91;92;93;94;95;96;97;98;99;100;101;102;103;104;105;106;107;108;109;110;111;112;113;114;115;116;117;118;119;120;121;122;123;124;125;126;127;128;129;130;131;132;133;134;135;136;137;138;139;140;141;142;143;144;145;146;147;148;149;150;151;152;153;154;155;156;157;158;159;160;161;162;163;164","Union of residues encoded by candidate exons; shared splice-boundary residues deduplicated"
"PTEN","ENST00000371953","ALL_CNA_cluster_0019","ALL_CNA","ENSE00001156327","6","165-212",48,"165;166;167;168;169;170;171;172;173;174;175;176;177;178;179;180;181;182;183;184;185;186;187;188;189;190;191;192;193;194;195;196;197;198;199;200;201;202;203;204;205;206;207;208;209;210;211;212","Union of residues encoded by candidate exons; shared splice-boundary residues deduplicated"
"PTEN","ENST00000371953","ALL_CNA_cluster_0020","ALL_CNA","ENSE00003725338","7","212-267",56,"212;213;214;215;216;217;218;219;220;221;222;223;224;225;226;227;228;229;230;231;232;233;234;235;236;237;238;239;240;241;242;243;244;245;246;247;248;249;250;251;252;253;254;255;256;257;258;259;260;261;262;263;264;265;266;267","Union of residues encoded by candidate exons; shared splice-boundary residues deduplicated"
"PTEN","ENST00000371953","ALL_CNA_cluster_0021","ALL_CNA","ENSE00001156315","8","268-342",75,"268;269;270;271;272;273;274;275;276;277;278;279;280;281;282;283;284;285;286;287;288;289;290;291;292;293;294;295;296;297;298;299;300;301;302;303;304;305;306;307;308;309;310;311;312;313;314;315;316;317;318;319;320;321;322;323;324;325;326;327;328;329;330;331;332;333;334;335;336;337;338;339;340;341;342","Union of residues encoded by candidate exons; shared splice-boundary residues deduplicated"
"PTEN","ENST00000371953","ALL_CNA_cluster_0022","ALL_CNA","ENSE00001456541","9","343-403",61,"343;344;345;346;347;348;349;350;351;352;353;354;355;356;357;358;359;360;361;362;363;364;365;366;367;368;369;370;371;372;373;374;375;376;377;378;379;380;381;382;383;384;385;386;387;388;389;390;391;392;393;394;395;396;397;398;399;400;401;402;403","Union of residues encoded by candidate exons; shared splice-boundary residues deduplicated"
