"recurrence_scope","recurrence_scope_description","analysis_type","exon_order","transcript_exon_rank","exon_id","n_coding_residues","n_structural_residues","mapped_fraction","structurally_eligible","structural_eligibility_reason","n_events","n_subjects","test_key","row_key","n_unique_null_event_counts","n_unique_null_subject_counts","null_event_count_sd","null_subject_count_sd","event_recurrence_testable","subject_recurrence_testable","event_recurrence_testability_reason","subject_recurrence_testability_reason","p_events_exon","p_subjects_exon","p_events_typewide","p_subjects_typewide","p_events_omnibus","p_subjects_omnibus","p_events_bonferroni","p_subjects_bonferroni","significant_subject_recurrence","significant_event_recurrence","recurrence_class","n_scope_events_total","n_events_with_alternative_windows","n_events_permutation_testable","fraction_events_permutation_testable","median_effective_number_of_windows","minimum_effective_number_of_windows","maximum_observed_window_probability","p_events_scope_omnibus","p_subjects_scope_omnibus","p_events_across_scopes","p_subjects_across_scopes","significant_subject_recurrence_within_scope","significant_event_recurrence_within_scope"
"ALL_OVERLAP","All analyzed CNAs overlapping the coding sequence; genomic width is preserved in the conditional interval-placement null","HETDEL",1,1,"ENSE00001136349",71,71,1,TRUE,"eligible",30,30,"HETDEL|1","ALL_OVERLAP|HETDEL|1",36,36,5.6434291253007,5.64398002392909,TRUE,TRUE,"","",1,1,1,1,1,1,1,1,FALSE,FALSE,"No significant exon recurrence",,,,,,,,1,1,1,1,FALSE,FALSE
"ALL_OVERLAP","All analyzed CNAs overlapping the coding sequence; genomic width is preserved in the conditional interval-placement null","HETDEL",2,2,"ENSE00003638064",23,23,1,TRUE,"eligible",113,113,"HETDEL|2","ALL_OVERLAP|HETDEL|2",34,34,5.74512057405328,5.74509409027444,TRUE,TRUE,"","",0.000999000999000999,0.000999000999000999,0.000999000999000999,0.000999000999000999,0.000999000999000999,0.000999000999000999,0.032967032967033,0.032967032967033,TRUE,TRUE,"Subject and event recurrence",,,,,,,,0.000999000999000999,0.000999000999000999,0.001998001998002,0.001998001998002,TRUE,TRUE
"ALL_OVERLAP","All analyzed CNAs overlapping the coding sequence; genomic width is preserved in the conditional interval-placement null","HETDEL",3,3,"ENSE00003515141",45,45,1,TRUE,"eligible",115,115,"HETDEL|3","ALL_OVERLAP|HETDEL|3",35,35,5.7327982675109,5.7293399564292,TRUE,TRUE,"","",0.000999000999000999,0.000999000999000999,0.000999000999000999,0.000999000999000999,0.000999000999000999,0.000999000999000999,0.032967032967033,0.032967032967033,TRUE,TRUE,"Subject and event recurrence",,,,,,,,0.000999000999000999,0.000999000999000999,0.001998001998002,0.001998001998002,TRUE,TRUE
"ALL_OVERLAP","All analyzed CNAs overlapping the coding sequence; genomic width is preserved in the conditional interval-placement null","HETDEL",4,4,"ENSE00003558404",45,45,1,TRUE,"eligible",44,44,"HETDEL|4","ALL_OVERLAP|HETDEL|4",32,32,5.38994345893261,5.38751420502159,TRUE,TRUE,"","",0.983016983016983,0.983016983016983,1,1,1,1,1,1,FALSE,FALSE,"No significant exon recurrence",,,,,,,,1,1,1,1,FALSE,FALSE
"ALL_OVERLAP","All analyzed CNAs overlapping the coding sequence; genomic width is preserved in the conditional interval-placement null","HETDEL",5,5,"ENSE00003663409",31,31,1,TRUE,"eligible",39,39,"HETDEL|5","ALL_OVERLAP|HETDEL|5",34,34,5.3912745098762,5.38582241473696,TRUE,TRUE,"","",1,1,1,1,1,1,1,1,FALSE,FALSE,"No significant exon recurrence",,,,,,,,1,1,1,1,FALSE,FALSE
"ALL_OVERLAP","All analyzed CNAs overlapping the coding sequence; genomic width is preserved in the conditional interval-placement null","HETDEL",6,6,"ENSE00003468993",29,29,1,TRUE,"eligible",35,35,"HETDEL|6","ALL_OVERLAP|HETDEL|6",34,34,5.46859182024921,5.46891296410987,TRUE,TRUE,"","",1,1,1,1,1,1,1,1,FALSE,FALSE,"No significant exon recurrence",,,,,,,,1,1,1,1,FALSE,FALSE
"ALL_OVERLAP","All analyzed CNAs overlapping the coding sequence; genomic width is preserved in the conditional interval-placement null","HETDEL",7,7,"ENSE00003478404",42,42,1,TRUE,"eligible",28,28,"HETDEL|7","ALL_OVERLAP|HETDEL|7",36,37,5.51143900991019,5.50361706523999,TRUE,TRUE,"","",1,1,1,1,1,1,1,1,FALSE,FALSE,"No significant exon recurrence",,,,,,,,1,1,1,1,FALSE,FALSE
"ALL_OVERLAP","All analyzed CNAs overlapping the coding sequence; genomic width is preserved in the conditional interval-placement null","HETDEL",8,8,"ENSE00003604670",55,55,1,TRUE,"eligible",27,27,"HETDEL|8","ALL_OVERLAP|HETDEL|8",36,36,5.58315068501394,5.5756782715817,TRUE,TRUE,"","",1,1,1,1,1,1,1,1,FALSE,FALSE,"No significant exon recurrence",,,,,,,,1,1,1,1,FALSE,FALSE
"ALL_OVERLAP","All analyzed CNAs overlapping the coding sequence; genomic width is preserved in the conditional interval-placement null","HETDEL",9,9,"ENSE00003651348",36,36,1,TRUE,"eligible",22,22,"HETDEL|9","ALL_OVERLAP|HETDEL|9",33,33,5.56444418060232,5.5574859108818,TRUE,TRUE,"","",1,1,1,1,1,1,1,1,FALSE,FALSE,"No significant exon recurrence",,,,,,,,1,1,1,1,FALSE,FALSE
"ALL_OVERLAP","All analyzed CNAs overlapping the coding sequence; genomic width is preserved in the conditional interval-placement null","HETDEL",10,10,"ENSE00003530344",17,17,1,TRUE,"eligible",20,20,"HETDEL|10","ALL_OVERLAP|HETDEL|10",34,34,5.65362489686701,5.64561280499681,TRUE,TRUE,"","",1,1,1,1,1,1,1,1,FALSE,FALSE,"No significant exon recurrence",,,,,,,,1,1,1,1,FALSE,FALSE
"ALL_OVERLAP","All analyzed CNAs overlapping the coding sequence; genomic width is preserved in the conditional interval-placement null","HETDEL",11,11,"ENSE00003510092",11,11,1,TRUE,"eligible",20,20,"HETDEL|11","ALL_OVERLAP|HETDEL|11",36,36,5.67213091078379,5.67038554882049,TRUE,TRUE,"","",1,1,1,1,1,1,1,1,FALSE,FALSE,"No significant exon recurrence",,,,,,,,1,1,1,1,FALSE,FALSE
"ALL_OVERLAP","All analyzed CNAs overlapping the coding sequence; genomic width is preserved in the conditional interval-placement null","HOMDEL",1,1,"ENSE00001136349",71,71,1,TRUE,"eligible",4,4,"HOMDEL|1","ALL_OVERLAP|HOMDEL|1",17,17,2.50522976514654,2.50522976514654,TRUE,TRUE,"","",0.998001998001998,0.998001998001998,1,1,1,1,1,1,FALSE,FALSE,"No significant exon recurrence",,,,,,,,1,1,1,1,FALSE,FALSE
"ALL_OVERLAP","All analyzed CNAs overlapping the coding sequence; genomic width is preserved in the conditional interval-placement null","HOMDEL",2,2,"ENSE00003638064",23,23,1,TRUE,"eligible",30,30,"HOMDEL|2","ALL_OVERLAP|HOMDEL|2",16,16,2.47258522151971,2.47258522151971,TRUE,TRUE,"","",0.000999000999000999,0.000999000999000999,0.000999000999000999,0.000999000999000999,0.000999000999000999,0.000999000999000999,0.032967032967033,0.032967032967033,TRUE,TRUE,"Subject and event recurrence",,,,,,,,0.000999000999000999,0.000999000999000999,0.001998001998002,0.001998001998002,TRUE,TRUE
"ALL_OVERLAP","All analyzed CNAs overlapping the coding sequence; genomic width is preserved in the conditional interval-placement null","HOMDEL",3,3,"ENSE00003515141",45,45,1,TRUE,"eligible",30,30,"HOMDEL|3","ALL_OVERLAP|HOMDEL|3",17,17,2.53207630422355,2.53207630422355,TRUE,TRUE,"","",0.000999000999000999,0.000999000999000999,0.000999000999000999,0.000999000999000999,0.000999000999000999,0.000999000999000999,0.032967032967033,0.032967032967033,TRUE,TRUE,"Subject and event recurrence",,,,,,,,0.000999000999000999,0.000999000999000999,0.001998001998002,0.001998001998002,TRUE,TRUE
"ALL_OVERLAP","All analyzed CNAs overlapping the coding sequence; genomic width is preserved in the conditional interval-placement null","HOMDEL",4,4,"ENSE00003558404",45,45,1,TRUE,"eligible",2,2,"HOMDEL|4","ALL_OVERLAP|HOMDEL|4",16,16,2.48202829646731,2.48202829646731,TRUE,TRUE,"","",1,1,1,1,1,1,1,1,FALSE,FALSE,"No significant exon recurrence",,,,,,,,1,1,1,1,FALSE,FALSE
"ALL_OVERLAP","All analyzed CNAs overlapping the coding sequence; genomic width is preserved in the conditional interval-placement null","HOMDEL",5,5,"ENSE00003663409",31,31,1,TRUE,"eligible",2,2,"HOMDEL|5","ALL_OVERLAP|HOMDEL|5",16,16,2.49920427776963,2.49920427776963,TRUE,TRUE,"","",1,1,1,1,1,1,1,1,FALSE,FALSE,"No significant exon recurrence",,,,,,,,1,1,1,1,FALSE,FALSE
"ALL_OVERLAP","All analyzed CNAs overlapping the coding sequence; genomic width is preserved in the conditional interval-placement null","HOMDEL",6,6,"ENSE00003468993",29,29,1,TRUE,"eligible",2,2,"HOMDEL|6","ALL_OVERLAP|HOMDEL|6",16,16,2.51304902765853,2.51304902765853,TRUE,TRUE,"","",1,1,1,1,1,1,1,1,FALSE,FALSE,"No significant exon recurrence",,,,,,,,1,1,1,1,FALSE,FALSE
"ALL_OVERLAP","All analyzed CNAs overlapping the coding sequence; genomic width is preserved in the conditional interval-placement null","HOMDEL",7,7,"ENSE00003478404",42,42,1,TRUE,"eligible",1,1,"HOMDEL|7","ALL_OVERLAP|HOMDEL|7",17,17,2.57448479738606,2.57448479738606,TRUE,TRUE,"","",1,1,1,1,1,1,1,1,FALSE,FALSE,"No significant exon recurrence",,,,,,,,1,1,1,1,FALSE,FALSE
"ALL_OVERLAP","All analyzed CNAs overlapping the coding sequence; genomic width is preserved in the conditional interval-placement null","HOMDEL",8,8,"ENSE00003604670",55,55,1,TRUE,"eligible",1,1,"HOMDEL|8","ALL_OVERLAP|HOMDEL|8",18,18,2.60479249537153,2.60479249537153,TRUE,TRUE,"","",1,1,1,1,1,1,1,1,FALSE,FALSE,"No significant exon recurrence",,,,,,,,1,1,1,1,FALSE,FALSE
"ALL_OVERLAP","All analyzed CNAs overlapping the coding sequence; genomic width is preserved in the conditional interval-placement null","HOMDEL",9,9,"ENSE00003651348",36,36,1,TRUE,"eligible",1,1,"HOMDEL|9","ALL_OVERLAP|HOMDEL|9",16,16,2.50612143453677,2.50612143453677,TRUE,TRUE,"","",1,1,1,1,1,1,1,1,FALSE,FALSE,"No significant exon recurrence",,,,,,,,1,1,1,1,FALSE,FALSE
"ALL_OVERLAP","All analyzed CNAs overlapping the coding sequence; genomic width is preserved in the conditional interval-placement null","HOMDEL",10,10,"ENSE00003530344",17,17,1,TRUE,"eligible",0,0,"HOMDEL|10","ALL_OVERLAP|HOMDEL|10",17,17,2.46110870464026,2.46110870464026,TRUE,TRUE,"","",1,1,1,1,1,1,1,1,FALSE,FALSE,"No significant exon recurrence",,,,,,,,1,1,1,1,FALSE,FALSE
"ALL_OVERLAP","All analyzed CNAs overlapping the coding sequence; genomic width is preserved in the conditional interval-placement null","HOMDEL",11,11,"ENSE00003510092",11,11,1,TRUE,"eligible",0,0,"HOMDEL|11","ALL_OVERLAP|HOMDEL|11",17,17,2.45629586764082,2.45629586764082,TRUE,TRUE,"","",1,1,1,1,1,1,1,1,FALSE,FALSE,"No significant exon recurrence",,,,,,,,1,1,1,1,FALSE,FALSE
"ALL_OVERLAP","All analyzed CNAs overlapping the coding sequence; genomic width is preserved in the conditional interval-placement null","ALL_CNA",1,1,"ENSE00001136349",71,71,1,TRUE,"eligible",34,34,"ALL_CNA|1","ALL_OVERLAP|ALL_CNA|1",38,36,6.22302096975336,5.94221683725366,TRUE,TRUE,"","",1,1,1,1,1,1,1,1,FALSE,FALSE,"No significant exon recurrence",,,,,,,,1,1,1,1,FALSE,FALSE
"ALL_OVERLAP","All analyzed CNAs overlapping the coding sequence; genomic width is preserved in the conditional interval-placement null","ALL_CNA",2,2,"ENSE00003638064",23,23,1,TRUE,"eligible",143,143,"ALL_CNA|2","ALL_OVERLAP|ALL_CNA|2",39,36,6.19957827362239,5.97810184771903,TRUE,TRUE,"","",0.000999000999000999,0.000999000999000999,0.000999000999000999,0.000999000999000999,0.000999000999000999,0.000999000999000999,0.032967032967033,0.032967032967033,TRUE,TRUE,"Subject and event recurrence",,,,,,,,0.000999000999000999,0.000999000999000999,0.001998001998002,0.001998001998002,TRUE,TRUE
"ALL_OVERLAP","All analyzed CNAs overlapping the coding sequence; genomic width is preserved in the conditional interval-placement null","ALL_CNA",3,3,"ENSE00003515141",45,45,1,TRUE,"eligible",145,145,"ALL_CNA|3","ALL_OVERLAP|ALL_CNA|3",40,37,6.26276026733949,6.03860752001494,TRUE,TRUE,"","",0.000999000999000999,0.000999000999000999,0.000999000999000999,0.000999000999000999,0.000999000999000999,0.000999000999000999,0.032967032967033,0.032967032967033,TRUE,TRUE,"Subject and event recurrence",,,,,,,,0.000999000999000999,0.000999000999000999,0.001998001998002,0.001998001998002,TRUE,TRUE
"ALL_OVERLAP","All analyzed CNAs overlapping the coding sequence; genomic width is preserved in the conditional interval-placement null","ALL_CNA",4,4,"ENSE00003558404",45,45,1,TRUE,"eligible",46,46,"ALL_CNA|4","ALL_OVERLAP|ALL_CNA|4",36,34,6.00933333133444,5.71037506503588,TRUE,TRUE,"","",0.999000999000999,0.998001998001998,1,1,1,1,1,1,FALSE,FALSE,"No significant exon recurrence",,,,,,,,1,1,1,1,FALSE,FALSE
"ALL_OVERLAP","All analyzed CNAs overlapping the coding sequence; genomic width is preserved in the conditional interval-placement null","ALL_CNA",5,5,"ENSE00003663409",31,31,1,TRUE,"eligible",41,41,"ALL_CNA|5","ALL_OVERLAP|ALL_CNA|5",34,32,5.97946025531945,5.64948596703202,TRUE,TRUE,"","",1,1,1,1,1,1,1,1,FALSE,FALSE,"No significant exon recurrence",,,,,,,,1,1,1,1,FALSE,FALSE
"ALL_OVERLAP","All analyzed CNAs overlapping the coding sequence; genomic width is preserved in the conditional interval-placement null","ALL_CNA",6,6,"ENSE00003468993",29,29,1,TRUE,"eligible",37,37,"ALL_CNA|6","ALL_OVERLAP|ALL_CNA|6",37,35,6.02125954984225,5.72278089928499,TRUE,TRUE,"","",1,1,1,1,1,1,1,1,FALSE,FALSE,"No significant exon recurrence",,,,,,,,1,1,1,1,FALSE,FALSE
"ALL_OVERLAP","All analyzed CNAs overlapping the coding sequence; genomic width is preserved in the conditional interval-placement null","ALL_CNA",7,7,"ENSE00003478404",42,42,1,TRUE,"eligible",29,29,"ALL_CNA|7","ALL_OVERLAP|ALL_CNA|7",38,36,6.08500478909288,5.80386456112165,TRUE,TRUE,"","",1,1,1,1,1,1,1,1,FALSE,FALSE,"No significant exon recurrence",,,,,,,,1,1,1,1,FALSE,FALSE
"ALL_OVERLAP","All analyzed CNAs overlapping the coding sequence; genomic width is preserved in the conditional interval-placement null","ALL_CNA",8,8,"ENSE00003604670",55,55,1,TRUE,"eligible",28,28,"ALL_CNA|8","ALL_OVERLAP|ALL_CNA|8",38,34,6.0847072783054,5.8179962255127,TRUE,TRUE,"","",1,1,1,1,1,1,1,1,FALSE,FALSE,"No significant exon recurrence",,,,,,,,1,1,1,1,FALSE,FALSE
"ALL_OVERLAP","All analyzed CNAs overlapping the coding sequence; genomic width is preserved in the conditional interval-placement null","ALL_CNA",9,9,"ENSE00003651348",36,36,1,TRUE,"eligible",23,23,"ALL_CNA|9","ALL_OVERLAP|ALL_CNA|9",39,38,6.15793343128555,5.91935924013858,TRUE,TRUE,"","",1,1,1,1,1,1,1,1,FALSE,FALSE,"No significant exon recurrence",,,,,,,,1,1,1,1,FALSE,FALSE
"ALL_OVERLAP","All analyzed CNAs overlapping the coding sequence; genomic width is preserved in the conditional interval-placement null","ALL_CNA",10,10,"ENSE00003530344",17,17,1,TRUE,"eligible",20,20,"ALL_CNA|10","ALL_OVERLAP|ALL_CNA|10",38,36,6.16828109700682,5.95341239283146,TRUE,TRUE,"","",1,1,1,1,1,1,1,1,FALSE,FALSE,"No significant exon recurrence",,,,,,,,1,1,1,1,FALSE,FALSE
"ALL_OVERLAP","All analyzed CNAs overlapping the coding sequence; genomic width is preserved in the conditional interval-placement null","ALL_CNA",11,11,"ENSE00003510092",11,11,1,TRUE,"eligible",20,20,"ALL_CNA|11","ALL_OVERLAP|ALL_CNA|11",37,38,6.16343150265238,5.98278444452996,TRUE,TRUE,"","",1,1,1,1,1,1,1,1,FALSE,FALSE,"No significant exon recurrence",,,,,,,,1,1,1,1,FALSE,FALSE
"PARTIAL_LOCALIZABLE","Only partial structurally localizable CNAs; subject, type, exon span and approximate coding-residue span are preserved in the null","HETDEL",1,1,"ENSE00001136349",71,71,1,TRUE,"eligible",25,25,"HETDEL|1","PARTIAL_LOCALIZABLE|HETDEL|1",26,26,3.77848288773853,3.77848288773853,TRUE,TRUE,"","",0.0559440559440559,0.0559440559440559,0.3996003996004,0.3996003996004,0.646353646353646,0.646353646353646,1,1,FALSE,FALSE,"No significant exon recurrence",129,129,129,1,9.26723655280226,1.96840244140754,0.563349008323516,0.646353646353646,0.646353646353646,1,1,FALSE,FALSE
"PARTIAL_LOCALIZABLE","Only partial structurally localizable CNAs; subject, type, exon span and approximate coding-residue span are preserved in the null","HETDEL",2,2,"ENSE00003638064",23,23,1,TRUE,"eligible",108,108,"HETDEL|2","PARTIAL_LOCALIZABLE|HETDEL|2",29,29,4.578278238774,4.578278238774,TRUE,TRUE,"","",0.000999000999000999,0.000999000999000999,0.000999000999000999,0.000999000999000999,0.000999000999000999,0.000999000999000999,0.032967032967033,0.032967032967033,TRUE,TRUE,"Subject and event recurrence",129,129,129,1,9.26723655280226,1.96840244140754,0.563349008323516,0.000999000999000999,0.000999000999000999,0.001998001998002,0.001998001998002,TRUE,TRUE
"PARTIAL_LOCALIZABLE","Only partial structurally localizable CNAs; subject, type, exon span and approximate coding-residue span are preserved in the null","HETDEL",3,3,"ENSE00003515141",45,45,1,TRUE,"eligible",110,110,"HETDEL|3","PARTIAL_LOCALIZABLE|HETDEL|3",31,31,4.79656199866186,4.79656199866186,TRUE,TRUE,"","",0.000999000999000999,0.000999000999000999,0.000999000999000999,0.000999000999000999,0.000999000999000999,0.000999000999000999,0.032967032967033,0.032967032967033,TRUE,TRUE,"Subject and event recurrence",129,129,129,1,9.26723655280226,1.96840244140754,0.563349008323516,0.000999000999000999,0.000999000999000999,0.001998001998002,0.001998001998002,TRUE,TRUE
"PARTIAL_LOCALIZABLE","Only partial structurally localizable CNAs; subject, type, exon span and approximate coding-residue span are preserved in the null","HETDEL",4,4,"ENSE00003558404",45,45,1,TRUE,"eligible",39,39,"HETDEL|4","PARTIAL_LOCALIZABLE|HETDEL|4",30,30,4.63960741409841,4.63960741409841,TRUE,TRUE,"","",0.972027972027972,0.972027972027972,1,1,1,1,1,1,FALSE,FALSE,"No significant exon recurrence",129,129,129,1,9.26723655280226,1.96840244140754,0.563349008323516,1,1,1,1,FALSE,FALSE
"PARTIAL_LOCALIZABLE","Only partial structurally localizable CNAs; subject, type, exon span and approximate coding-residue span are preserved in the null","HETDEL",5,5,"ENSE00003663409",31,31,1,TRUE,"eligible",34,34,"HETDEL|5","PARTIAL_LOCALIZABLE|HETDEL|5",26,26,4.4619068359405,4.4619068359405,TRUE,TRUE,"","",1,1,1,1,1,1,1,1,FALSE,FALSE,"No significant exon recurrence",129,129,129,1,9.26723655280226,1.96840244140754,0.563349008323516,1,1,1,1,FALSE,FALSE
"PARTIAL_LOCALIZABLE","Only partial structurally localizable CNAs; subject, type, exon span and approximate coding-residue span are preserved in the null","HETDEL",6,6,"ENSE00003468993",29,29,1,TRUE,"eligible",30,30,"HETDEL|6","PARTIAL_LOCALIZABLE|HETDEL|6",28,28,4.59314674237575,4.59314674237575,TRUE,TRUE,"","",1,1,1,1,1,1,1,1,FALSE,FALSE,"No significant exon recurrence",129,129,129,1,9.26723655280226,1.96840244140754,0.563349008323516,1,1,1,1,FALSE,FALSE
"PARTIAL_LOCALIZABLE","Only partial structurally localizable CNAs; subject, type, exon span and approximate coding-residue span are preserved in the null","HETDEL",7,7,"ENSE00003478404",42,42,1,TRUE,"eligible",23,23,"HETDEL|7","PARTIAL_LOCALIZABLE|HETDEL|7",29,29,4.63336206701398,4.63336206701398,TRUE,TRUE,"","",1,1,1,1,1,1,1,1,FALSE,FALSE,"No significant exon recurrence",129,129,129,1,9.26723655280226,1.96840244140754,0.563349008323516,1,1,1,1,FALSE,FALSE
"PARTIAL_LOCALIZABLE","Only partial structurally localizable CNAs; subject, type, exon span and approximate coding-residue span are preserved in the null","HETDEL",8,8,"ENSE00003604670",55,55,1,TRUE,"eligible",22,22,"HETDEL|8","PARTIAL_LOCALIZABLE|HETDEL|8",31,31,4.43062856369944,4.43062856369944,TRUE,TRUE,"","",1,1,1,1,1,1,1,1,FALSE,FALSE,"No significant exon recurrence",129,129,129,1,9.26723655280226,1.96840244140754,0.563349008323516,1,1,1,1,FALSE,FALSE
"PARTIAL_LOCALIZABLE","Only partial structurally localizable CNAs; subject, type, exon span and approximate coding-residue span are preserved in the null","HETDEL",9,9,"ENSE00003651348",36,36,1,TRUE,"eligible",17,17,"HETDEL|9","PARTIAL_LOCALIZABLE|HETDEL|9",29,29,4.42262802399645,4.42262802399645,TRUE,TRUE,"","",1,1,1,1,1,1,1,1,FALSE,FALSE,"No significant exon recurrence",129,129,129,1,9.26723655280226,1.96840244140754,0.563349008323516,1,1,1,1,FALSE,FALSE
"PARTIAL_LOCALIZABLE","Only partial structurally localizable CNAs; subject, type, exon span and approximate coding-residue span are preserved in the null","HETDEL",10,10,"ENSE00003530344",17,17,1,TRUE,"eligible",15,15,"HETDEL|10","PARTIAL_LOCALIZABLE|HETDEL|10",26,26,4.00594952934153,4.00594952934153,TRUE,TRUE,"","",1,1,1,1,1,1,1,1,FALSE,FALSE,"No significant exon recurrence",129,129,129,1,9.26723655280226,1.96840244140754,0.563349008323516,1,1,1,1,FALSE,FALSE
"PARTIAL_LOCALIZABLE","Only partial structurally localizable CNAs; subject, type, exon span and approximate coding-residue span are preserved in the null","HETDEL",11,11,"ENSE00003510092",11,11,1,TRUE,"eligible",15,15,"HETDEL|11","PARTIAL_LOCALIZABLE|HETDEL|11",20,20,3.13201301170756,3.13201301170756,TRUE,TRUE,"","",0.434565434565435,0.434565434565435,1,1,1,1,1,1,FALSE,FALSE,"No significant exon recurrence",129,129,129,1,9.26723655280226,1.96840244140754,0.563349008323516,1,1,1,1,FALSE,FALSE
"PARTIAL_LOCALIZABLE","Only partial structurally localizable CNAs; subject, type, exon span and approximate coding-residue span are preserved in the null","HOMDEL",1,1,"ENSE00001136349",71,71,1,TRUE,"eligible",4,4,"HOMDEL|1","PARTIAL_LOCALIZABLE|HOMDEL|1",13,13,1.90325967681696,1.90325967681696,TRUE,TRUE,"","",0.726273726273726,0.726273726273726,1,1,1,1,1,1,FALSE,FALSE,"No significant exon recurrence",30,30,30,1,9.30923837907758,3.96803595905434,0.275480459086335,1,1,1,1,FALSE,FALSE
"PARTIAL_LOCALIZABLE","Only partial structurally localizable CNAs; subject, type, exon span and approximate coding-residue span are preserved in the null","HOMDEL",2,2,"ENSE00003638064",23,23,1,TRUE,"eligible",30,30,"HOMDEL|2","PARTIAL_LOCALIZABLE|HOMDEL|2",16,16,2.39793684260055,2.39793684260055,TRUE,TRUE,"","",0.000999000999000999,0.000999000999000999,0.000999000999000999,0.000999000999000999,0.000999000999000999,0.000999000999000999,0.032967032967033,0.032967032967033,TRUE,TRUE,"Subject and event recurrence",30,30,30,1,9.30923837907758,3.96803595905434,0.275480459086335,0.000999000999000999,0.000999000999000999,0.001998001998002,0.001998001998002,TRUE,TRUE
"PARTIAL_LOCALIZABLE","Only partial structurally localizable CNAs; subject, type, exon span and approximate coding-residue span are preserved in the null","HOMDEL",3,3,"ENSE00003515141",45,45,1,TRUE,"eligible",30,30,"HOMDEL|3","PARTIAL_LOCALIZABLE|HOMDEL|3",16,16,2.34755831238119,2.34755831238119,TRUE,TRUE,"","",0.000999000999000999,0.000999000999000999,0.000999000999000999,0.000999000999000999,0.000999000999000999,0.000999000999000999,0.032967032967033,0.032967032967033,TRUE,TRUE,"Subject and event recurrence",30,30,30,1,9.30923837907758,3.96803595905434,0.275480459086335,0.000999000999000999,0.000999000999000999,0.001998001998002,0.001998001998002,TRUE,TRUE
"PARTIAL_LOCALIZABLE","Only partial structurally localizable CNAs; subject, type, exon span and approximate coding-residue span are preserved in the null","HOMDEL",4,4,"ENSE00003558404",45,45,1,TRUE,"eligible",2,2,"HOMDEL|4","PARTIAL_LOCALIZABLE|HOMDEL|4",14,14,1.99827252723274,1.99827252723274,TRUE,TRUE,"","",0.999000999000999,0.999000999000999,1,1,1,1,1,1,FALSE,FALSE,"No significant exon recurrence",30,30,30,1,9.30923837907758,3.96803595905434,0.275480459086335,1,1,1,1,FALSE,FALSE
"PARTIAL_LOCALIZABLE","Only partial structurally localizable CNAs; subject, type, exon span and approximate coding-residue span are preserved in the null","HOMDEL",5,5,"ENSE00003663409",31,31,1,TRUE,"eligible",2,2,"HOMDEL|5","PARTIAL_LOCALIZABLE|HOMDEL|5",13,13,2.04363584022385,2.04363584022385,TRUE,TRUE,"","",0.998001998001998,0.998001998001998,1,1,1,1,1,1,FALSE,FALSE,"No significant exon recurrence",30,30,30,1,9.30923837907758,3.96803595905434,0.275480459086335,1,1,1,1,FALSE,FALSE
"PARTIAL_LOCALIZABLE","Only partial structurally localizable CNAs; subject, type, exon span and approximate coding-residue span are preserved in the null","HOMDEL",6,6,"ENSE00003468993",29,29,1,TRUE,"eligible",2,2,"HOMDEL|6","PARTIAL_LOCALIZABLE|HOMDEL|6",13,13,2.10896271273907,2.10896271273907,TRUE,TRUE,"","",1,1,1,1,1,1,1,1,FALSE,FALSE,"No significant exon recurrence",30,30,30,1,9.30923837907758,3.96803595905434,0.275480459086335,1,1,1,1,FALSE,FALSE
"PARTIAL_LOCALIZABLE","Only partial structurally localizable CNAs; subject, type, exon span and approximate coding-residue span are preserved in the null","HOMDEL",7,7,"ENSE00003478404",42,42,1,TRUE,"eligible",1,1,"HOMDEL|7","PARTIAL_LOCALIZABLE|HOMDEL|7",12,12,2.08326762659146,2.08326762659146,TRUE,TRUE,"","",1,1,1,1,1,1,1,1,FALSE,FALSE,"No significant exon recurrence",30,30,30,1,9.30923837907758,3.96803595905434,0.275480459086335,1,1,1,1,FALSE,FALSE
"PARTIAL_LOCALIZABLE","Only partial structurally localizable CNAs; subject, type, exon span and approximate coding-residue span are preserved in the null","HOMDEL",8,8,"ENSE00003604670",55,55,1,TRUE,"eligible",1,1,"HOMDEL|8","PARTIAL_LOCALIZABLE|HOMDEL|8",11,11,1.94088795298597,1.94088795298597,TRUE,TRUE,"","",1,1,1,1,1,1,1,1,FALSE,FALSE,"No significant exon recurrence",30,30,30,1,9.30923837907758,3.96803595905434,0.275480459086335,1,1,1,1,FALSE,FALSE
"PARTIAL_LOCALIZABLE","Only partial structurally localizable CNAs; subject, type, exon span and approximate coding-residue span are preserved in the null","HOMDEL",9,9,"ENSE00003651348",36,36,1,TRUE,"eligible",1,1,"HOMDEL|9","PARTIAL_LOCALIZABLE|HOMDEL|9",13,13,2.19757897545307,2.19757897545307,TRUE,TRUE,"","",1,1,1,1,1,1,1,1,FALSE,FALSE,"No significant exon recurrence",30,30,30,1,9.30923837907758,3.96803595905434,0.275480459086335,1,1,1,1,FALSE,FALSE
"PARTIAL_LOCALIZABLE","Only partial structurally localizable CNAs; subject, type, exon span and approximate coding-residue span are preserved in the null","HOMDEL",10,10,"ENSE00003530344",17,17,1,TRUE,"eligible",0,0,"HOMDEL|10","PARTIAL_LOCALIZABLE|HOMDEL|10",15,15,2.14527438855784,2.14527438855784,TRUE,TRUE,"","",1,1,1,1,1,1,1,1,FALSE,FALSE,"No significant exon recurrence",30,30,30,1,9.30923837907758,3.96803595905434,0.275480459086335,1,1,1,1,FALSE,FALSE
"PARTIAL_LOCALIZABLE","Only partial structurally localizable CNAs; subject, type, exon span and approximate coding-residue span are preserved in the null","HOMDEL",11,11,"ENSE00003510092",11,11,1,TRUE,"eligible",0,0,"HOMDEL|11","PARTIAL_LOCALIZABLE|HOMDEL|11",11,11,1.61723419653631,1.61723419653631,TRUE,TRUE,"","",1,1,1,1,1,1,1,1,FALSE,FALSE,"No significant exon recurrence",30,30,30,1,9.30923837907758,3.96803595905434,0.275480459086335,1,1,1,1,FALSE,FALSE
"PARTIAL_LOCALIZABLE","Only partial structurally localizable CNAs; subject, type, exon span and approximate coding-residue span are preserved in the null","ALL_CNA",1,1,"ENSE00001136349",71,71,1,TRUE,"eligible",29,29,"ALL_CNA|1","PARTIAL_LOCALIZABLE|ALL_CNA|1",27,27,4.15837505320084,4.15837505320084,TRUE,TRUE,"","",0.0959040959040959,0.0959040959040959,0.597402597402597,0.584415584415584,0.839160839160839,0.835164835164835,1,1,FALSE,FALSE,"No significant exon recurrence",159,159,159,1,9.30923837907758,1.96840244140754,0.563349008323516,0.839160839160839,0.835164835164835,1,1,FALSE,FALSE
"PARTIAL_LOCALIZABLE","Only partial structurally localizable CNAs; subject, type, exon span and approximate coding-residue span are preserved in the null","ALL_CNA",2,2,"ENSE00003638064",23,23,1,TRUE,"eligible",138,138,"ALL_CNA|2","PARTIAL_LOCALIZABLE|ALL_CNA|2",30,30,4.85377782342365,4.85377782342365,TRUE,TRUE,"","",0.000999000999000999,0.000999000999000999,0.000999000999000999,0.000999000999000999,0.000999000999000999,0.000999000999000999,0.032967032967033,0.032967032967033,TRUE,TRUE,"Subject and event recurrence",159,159,159,1,9.30923837907758,1.96840244140754,0.563349008323516,0.000999000999000999,0.000999000999000999,0.001998001998002,0.001998001998002,TRUE,TRUE
"PARTIAL_LOCALIZABLE","Only partial structurally localizable CNAs; subject, type, exon span and approximate coding-residue span are preserved in the null","ALL_CNA",3,3,"ENSE00003515141",45,45,1,TRUE,"eligible",140,140,"ALL_CNA|3","PARTIAL_LOCALIZABLE|ALL_CNA|3",32,32,5.08121419915923,5.08121419915923,TRUE,TRUE,"","",0.000999000999000999,0.000999000999000999,0.000999000999000999,0.000999000999000999,0.000999000999000999,0.000999000999000999,0.032967032967033,0.032967032967033,TRUE,TRUE,"Subject and event recurrence",159,159,159,1,9.30923837907758,1.96840244140754,0.563349008323516,0.000999000999000999,0.000999000999000999,0.001998001998002,0.001998001998002,TRUE,TRUE
"PARTIAL_LOCALIZABLE","Only partial structurally localizable CNAs; subject, type, exon span and approximate coding-residue span are preserved in the null","ALL_CNA",4,4,"ENSE00003558404",45,45,1,TRUE,"eligible",41,41,"ALL_CNA|4","PARTIAL_LOCALIZABLE|ALL_CNA|4",30,30,4.92621747577375,4.90910769268086,TRUE,TRUE,"","",0.999000999000999,0.999000999000999,1,1,1,1,1,1,FALSE,FALSE,"No significant exon recurrence",159,159,159,1,9.30923837907758,1.96840244140754,0.563349008323516,1,1,1,1,FALSE,FALSE
"PARTIAL_LOCALIZABLE","Only partial structurally localizable CNAs; subject, type, exon span and approximate coding-residue span are preserved in the null","ALL_CNA",5,5,"ENSE00003663409",31,31,1,TRUE,"eligible",36,36,"ALL_CNA|5","PARTIAL_LOCALIZABLE|ALL_CNA|5",29,29,4.81551868651968,4.78728619461059,TRUE,TRUE,"","",1,1,1,1,1,1,1,1,FALSE,FALSE,"No significant exon recurrence",159,159,159,1,9.30923837907758,1.96840244140754,0.563349008323516,1,1,1,1,FALSE,FALSE
"PARTIAL_LOCALIZABLE","Only partial structurally localizable CNAs; subject, type, exon span and approximate coding-residue span are preserved in the null","ALL_CNA",6,6,"ENSE00003468993",29,29,1,TRUE,"eligible",32,32,"ALL_CNA|6","PARTIAL_LOCALIZABLE|ALL_CNA|6",31,32,4.93086700788507,4.89932427773242,TRUE,TRUE,"","",1,1,1,1,1,1,1,1,FALSE,FALSE,"No significant exon recurrence",159,159,159,1,9.30923837907758,1.96840244140754,0.563349008323516,1,1,1,1,FALSE,FALSE
"PARTIAL_LOCALIZABLE","Only partial structurally localizable CNAs; subject, type, exon span and approximate coding-residue span are preserved in the null","ALL_CNA",7,7,"ENSE00003478404",42,42,1,TRUE,"eligible",24,24,"ALL_CNA|7","PARTIAL_LOCALIZABLE|ALL_CNA|7",31,30,5.06030262560084,5.04242571160519,TRUE,TRUE,"","",1,1,1,1,1,1,1,1,FALSE,FALSE,"No significant exon recurrence",159,159,159,1,9.30923837907758,1.96840244140754,0.563349008323516,1,1,1,1,FALSE,FALSE
"PARTIAL_LOCALIZABLE","Only partial structurally localizable CNAs; subject, type, exon span and approximate coding-residue span are preserved in the null","ALL_CNA",8,8,"ENSE00003604670",55,55,1,TRUE,"eligible",23,23,"ALL_CNA|8","PARTIAL_LOCALIZABLE|ALL_CNA|8",32,31,4.71437433020813,4.69231732109433,TRUE,TRUE,"","",1,1,1,1,1,1,1,1,FALSE,FALSE,"No significant exon recurrence",159,159,159,1,9.30923837907758,1.96840244140754,0.563349008323516,1,1,1,1,FALSE,FALSE
"PARTIAL_LOCALIZABLE","Only partial structurally localizable CNAs; subject, type, exon span and approximate coding-residue span are preserved in the null","ALL_CNA",9,9,"ENSE00003651348",36,36,1,TRUE,"eligible",18,18,"ALL_CNA|9","PARTIAL_LOCALIZABLE|ALL_CNA|9",28,28,4.76240017800432,4.76240017800432,TRUE,TRUE,"","",1,1,1,1,1,1,1,1,FALSE,FALSE,"No significant exon recurrence",159,159,159,1,9.30923837907758,1.96840244140754,0.563349008323516,1,1,1,1,FALSE,FALSE
"PARTIAL_LOCALIZABLE","Only partial structurally localizable CNAs; subject, type, exon span and approximate coding-residue span are preserved in the null","ALL_CNA",10,10,"ENSE00003530344",17,17,1,TRUE,"eligible",15,15,"ALL_CNA|10","PARTIAL_LOCALIZABLE|ALL_CNA|10",27,27,4.24403532452733,4.24403532452733,TRUE,TRUE,"","",1,1,1,1,1,1,1,1,FALSE,FALSE,"No significant exon recurrence",159,159,159,1,9.30923837907758,1.96840244140754,0.563349008323516,1,1,1,1,FALSE,FALSE
"PARTIAL_LOCALIZABLE","Only partial structurally localizable CNAs; subject, type, exon span and approximate coding-residue span are preserved in the null","ALL_CNA",11,11,"ENSE00003510092",11,11,1,TRUE,"eligible",15,15,"ALL_CNA|11","PARTIAL_LOCALIZABLE|ALL_CNA|11",23,23,3.37530319699901,3.37530319699901,TRUE,TRUE,"","",0.788211788211788,0.788211788211788,1,1,1,1,1,1,FALSE,FALSE,"No significant exon recurrence",159,159,159,1,9.30923837907758,1.96840244140754,0.563349008323516,1,1,1,1,FALSE,FALSE
