"protein","n_sim","plddt_threshold","has_plddt","lesion_file","coordinate_file","label","random_seed","min_subjects","min_events","calibration_fraction","alpha","profile","status","results_dir"
"TP53",100,0,TRUE,"/Users/sharmapk/Desktop/KIDS26-Team13/examples/TP53_mutations/input_files/tp53_start_end.csv","/Users/sharmapk/Desktop/KIDS26-Team13/examples/TP53_mutations/input_files/tp53_alphafold_v6_coordinates.csv","TP53_trials100_plddt0",20260916,2,2,0.5,0.05,"dense","available","/Users/sharmapk/Desktop/KIDS26-Team13/analysis/mutation_plddt_trials/results/runs/TP53_trials100_plddt0"
"TP53",200,0,TRUE,"/Users/sharmapk/Desktop/KIDS26-Team13/examples/TP53_mutations/input_files/tp53_start_end.csv","/Users/sharmapk/Desktop/KIDS26-Team13/examples/TP53_mutations/input_files/tp53_alphafold_v6_coordinates.csv","TP53_trials200_plddt0",20260916,2,2,0.5,0.05,"dense","available","/Users/sharmapk/Desktop/KIDS26-Team13/analysis/mutation_plddt_trials/results/runs/TP53_trials200_plddt0"
"TP53",300,0,TRUE,"/Users/sharmapk/Desktop/KIDS26-Team13/examples/TP53_mutations/input_files/tp53_start_end.csv","/Users/sharmapk/Desktop/KIDS26-Team13/examples/TP53_mutations/input_files/tp53_alphafold_v6_coordinates.csv","TP53_trials300_plddt0",20260916,2,2,0.5,0.05,"dense","available","/Users/sharmapk/Desktop/KIDS26-Team13/analysis/mutation_plddt_trials/results/runs/TP53_trials300_plddt0"
"TP53",400,0,TRUE,"/Users/sharmapk/Desktop/KIDS26-Team13/examples/TP53_mutations/input_files/tp53_start_end.csv","/Users/sharmapk/Desktop/KIDS26-Team13/examples/TP53_mutations/input_files/tp53_alphafold_v6_coordinates.csv","TP53_trials400_plddt0",20260916,2,2,0.5,0.05,"dense","available","/Users/sharmapk/Desktop/KIDS26-Team13/analysis/mutation_plddt_trials/results/runs/TP53_trials400_plddt0"
"TP53",500,0,TRUE,"/Users/sharmapk/Desktop/KIDS26-Team13/examples/TP53_mutations/input_files/tp53_start_end.csv","/Users/sharmapk/Desktop/KIDS26-Team13/examples/TP53_mutations/input_files/tp53_alphafold_v6_coordinates.csv","TP53_trials500_plddt0",20260916,2,2,0.5,0.05,"dense","available","/Users/sharmapk/Desktop/KIDS26-Team13/analysis/mutation_plddt_trials/results/runs/TP53_trials500_plddt0"
"TP53",600,0,TRUE,"/Users/sharmapk/Desktop/KIDS26-Team13/examples/TP53_mutations/input_files/tp53_start_end.csv","/Users/sharmapk/Desktop/KIDS26-Team13/examples/TP53_mutations/input_files/tp53_alphafold_v6_coordinates.csv","TP53_trials600_plddt0",20260916,2,2,0.5,0.05,"dense","available","/Users/sharmapk/Desktop/KIDS26-Team13/analysis/mutation_plddt_trials/results/runs/TP53_trials600_plddt0"
"TP53",700,0,TRUE,"/Users/sharmapk/Desktop/KIDS26-Team13/examples/TP53_mutations/input_files/tp53_start_end.csv","/Users/sharmapk/Desktop/KIDS26-Team13/examples/TP53_mutations/input_files/tp53_alphafold_v6_coordinates.csv","TP53_trials700_plddt0",20260916,2,2,0.5,0.05,"dense","available","/Users/sharmapk/Desktop/KIDS26-Team13/analysis/mutation_plddt_trials/results/runs/TP53_trials700_plddt0"
"TP53",800,0,TRUE,"/Users/sharmapk/Desktop/KIDS26-Team13/examples/TP53_mutations/input_files/tp53_start_end.csv","/Users/sharmapk/Desktop/KIDS26-Team13/examples/TP53_mutations/input_files/tp53_alphafold_v6_coordinates.csv","TP53_trials800_plddt0",20260916,2,2,0.5,0.05,"dense","available","/Users/sharmapk/Desktop/KIDS26-Team13/analysis/mutation_plddt_trials/results/runs/TP53_trials800_plddt0"
"TP53",900,0,TRUE,"/Users/sharmapk/Desktop/KIDS26-Team13/examples/TP53_mutations/input_files/tp53_start_end.csv","/Users/sharmapk/Desktop/KIDS26-Team13/examples/TP53_mutations/input_files/tp53_alphafold_v6_coordinates.csv","TP53_trials900_plddt0",20260916,2,2,0.5,0.05,"dense","available","/Users/sharmapk/Desktop/KIDS26-Team13/analysis/mutation_plddt_trials/results/runs/TP53_trials900_plddt0"
"TP53",1000,0,TRUE,"/Users/sharmapk/Desktop/KIDS26-Team13/examples/TP53_mutations/input_files/tp53_start_end.csv","/Users/sharmapk/Desktop/KIDS26-Team13/examples/TP53_mutations/input_files/tp53_alphafold_v6_coordinates.csv","TP53_trials1000_plddt0",20260916,2,2,0.5,0.05,"dense","available","/Users/sharmapk/Desktop/KIDS26-Team13/analysis/mutation_plddt_trials/results/runs/TP53_trials1000_plddt0"
"TP53",100,70,TRUE,"/Users/sharmapk/Desktop/KIDS26-Team13/examples/TP53_mutations/input_files/tp53_start_end.csv","/Users/sharmapk/Desktop/KIDS26-Team13/examples/TP53_mutations/input_files/tp53_alphafold_v6_coordinates.csv","TP53_trials100_plddt70",20260916,2,2,0.5,0.05,"dense","available","/Users/sharmapk/Desktop/KIDS26-Team13/analysis/mutation_plddt_trials/results/runs/TP53_trials100_plddt70"
"TP53",200,70,TRUE,"/Users/sharmapk/Desktop/KIDS26-Team13/examples/TP53_mutations/input_files/tp53_start_end.csv","/Users/sharmapk/Desktop/KIDS26-Team13/examples/TP53_mutations/input_files/tp53_alphafold_v6_coordinates.csv","TP53_trials200_plddt70",20260916,2,2,0.5,0.05,"dense","available","/Users/sharmapk/Desktop/KIDS26-Team13/analysis/mutation_plddt_trials/results/runs/TP53_trials200_plddt70"
"TP53",300,70,TRUE,"/Users/sharmapk/Desktop/KIDS26-Team13/examples/TP53_mutations/input_files/tp53_start_end.csv","/Users/sharmapk/Desktop/KIDS26-Team13/examples/TP53_mutations/input_files/tp53_alphafold_v6_coordinates.csv","TP53_trials300_plddt70",20260916,2,2,0.5,0.05,"dense","available","/Users/sharmapk/Desktop/KIDS26-Team13/analysis/mutation_plddt_trials/results/runs/TP53_trials300_plddt70"
"TP53",400,70,TRUE,"/Users/sharmapk/Desktop/KIDS26-Team13/examples/TP53_mutations/input_files/tp53_start_end.csv","/Users/sharmapk/Desktop/KIDS26-Team13/examples/TP53_mutations/input_files/tp53_alphafold_v6_coordinates.csv","TP53_trials400_plddt70",20260916,2,2,0.5,0.05,"dense","available","/Users/sharmapk/Desktop/KIDS26-Team13/analysis/mutation_plddt_trials/results/runs/TP53_trials400_plddt70"
"TP53",500,70,TRUE,"/Users/sharmapk/Desktop/KIDS26-Team13/examples/TP53_mutations/input_files/tp53_start_end.csv","/Users/sharmapk/Desktop/KIDS26-Team13/examples/TP53_mutations/input_files/tp53_alphafold_v6_coordinates.csv","TP53_trials500_plddt70",20260916,2,2,0.5,0.05,"dense","available","/Users/sharmapk/Desktop/KIDS26-Team13/analysis/mutation_plddt_trials/results/runs/TP53_trials500_plddt70"
"TP53",600,70,TRUE,"/Users/sharmapk/Desktop/KIDS26-Team13/examples/TP53_mutations/input_files/tp53_start_end.csv","/Users/sharmapk/Desktop/KIDS26-Team13/examples/TP53_mutations/input_files/tp53_alphafold_v6_coordinates.csv","TP53_trials600_plddt70",20260916,2,2,0.5,0.05,"dense","available","/Users/sharmapk/Desktop/KIDS26-Team13/analysis/mutation_plddt_trials/results/runs/TP53_trials600_plddt70"
"TP53",700,70,TRUE,"/Users/sharmapk/Desktop/KIDS26-Team13/examples/TP53_mutations/input_files/tp53_start_end.csv","/Users/sharmapk/Desktop/KIDS26-Team13/examples/TP53_mutations/input_files/tp53_alphafold_v6_coordinates.csv","TP53_trials700_plddt70",20260916,2,2,0.5,0.05,"dense","available","/Users/sharmapk/Desktop/KIDS26-Team13/analysis/mutation_plddt_trials/results/runs/TP53_trials700_plddt70"
"TP53",800,70,TRUE,"/Users/sharmapk/Desktop/KIDS26-Team13/examples/TP53_mutations/input_files/tp53_start_end.csv","/Users/sharmapk/Desktop/KIDS26-Team13/examples/TP53_mutations/input_files/tp53_alphafold_v6_coordinates.csv","TP53_trials800_plddt70",20260916,2,2,0.5,0.05,"dense","available","/Users/sharmapk/Desktop/KIDS26-Team13/analysis/mutation_plddt_trials/results/runs/TP53_trials800_plddt70"
"TP53",900,70,TRUE,"/Users/sharmapk/Desktop/KIDS26-Team13/examples/TP53_mutations/input_files/tp53_start_end.csv","/Users/sharmapk/Desktop/KIDS26-Team13/examples/TP53_mutations/input_files/tp53_alphafold_v6_coordinates.csv","TP53_trials900_plddt70",20260916,2,2,0.5,0.05,"dense","available","/Users/sharmapk/Desktop/KIDS26-Team13/analysis/mutation_plddt_trials/results/runs/TP53_trials900_plddt70"
"TP53",1000,70,TRUE,"/Users/sharmapk/Desktop/KIDS26-Team13/examples/TP53_mutations/input_files/tp53_start_end.csv","/Users/sharmapk/Desktop/KIDS26-Team13/examples/TP53_mutations/input_files/tp53_alphafold_v6_coordinates.csv","TP53_trials1000_plddt70",20260916,2,2,0.5,0.05,"dense","available","/Users/sharmapk/Desktop/KIDS26-Team13/analysis/mutation_plddt_trials/results/runs/TP53_trials1000_plddt70"
"TP53",100,90,TRUE,"/Users/sharmapk/Desktop/KIDS26-Team13/examples/TP53_mutations/input_files/tp53_start_end.csv","/Users/sharmapk/Desktop/KIDS26-Team13/examples/TP53_mutations/input_files/tp53_alphafold_v6_coordinates.csv","TP53_trials100_plddt90",20260916,2,2,0.5,0.05,"dense","available","/Users/sharmapk/Desktop/KIDS26-Team13/analysis/mutation_plddt_trials/results/runs/TP53_trials100_plddt90"
"TP53",200,90,TRUE,"/Users/sharmapk/Desktop/KIDS26-Team13/examples/TP53_mutations/input_files/tp53_start_end.csv","/Users/sharmapk/Desktop/KIDS26-Team13/examples/TP53_mutations/input_files/tp53_alphafold_v6_coordinates.csv","TP53_trials200_plddt90",20260916,2,2,0.5,0.05,"dense","available","/Users/sharmapk/Desktop/KIDS26-Team13/analysis/mutation_plddt_trials/results/runs/TP53_trials200_plddt90"
"TP53",300,90,TRUE,"/Users/sharmapk/Desktop/KIDS26-Team13/examples/TP53_mutations/input_files/tp53_start_end.csv","/Users/sharmapk/Desktop/KIDS26-Team13/examples/TP53_mutations/input_files/tp53_alphafold_v6_coordinates.csv","TP53_trials300_plddt90",20260916,2,2,0.5,0.05,"dense","available","/Users/sharmapk/Desktop/KIDS26-Team13/analysis/mutation_plddt_trials/results/runs/TP53_trials300_plddt90"
"TP53",400,90,TRUE,"/Users/sharmapk/Desktop/KIDS26-Team13/examples/TP53_mutations/input_files/tp53_start_end.csv","/Users/sharmapk/Desktop/KIDS26-Team13/examples/TP53_mutations/input_files/tp53_alphafold_v6_coordinates.csv","TP53_trials400_plddt90",20260916,2,2,0.5,0.05,"dense","available","/Users/sharmapk/Desktop/KIDS26-Team13/analysis/mutation_plddt_trials/results/runs/TP53_trials400_plddt90"
"TP53",500,90,TRUE,"/Users/sharmapk/Desktop/KIDS26-Team13/examples/TP53_mutations/input_files/tp53_start_end.csv","/Users/sharmapk/Desktop/KIDS26-Team13/examples/TP53_mutations/input_files/tp53_alphafold_v6_coordinates.csv","TP53_trials500_plddt90",20260916,2,2,0.5,0.05,"dense","available","/Users/sharmapk/Desktop/KIDS26-Team13/analysis/mutation_plddt_trials/results/runs/TP53_trials500_plddt90"
"TP53",600,90,TRUE,"/Users/sharmapk/Desktop/KIDS26-Team13/examples/TP53_mutations/input_files/tp53_start_end.csv","/Users/sharmapk/Desktop/KIDS26-Team13/examples/TP53_mutations/input_files/tp53_alphafold_v6_coordinates.csv","TP53_trials600_plddt90",20260916,2,2,0.5,0.05,"dense","available","/Users/sharmapk/Desktop/KIDS26-Team13/analysis/mutation_plddt_trials/results/runs/TP53_trials600_plddt90"
"TP53",700,90,TRUE,"/Users/sharmapk/Desktop/KIDS26-Team13/examples/TP53_mutations/input_files/tp53_start_end.csv","/Users/sharmapk/Desktop/KIDS26-Team13/examples/TP53_mutations/input_files/tp53_alphafold_v6_coordinates.csv","TP53_trials700_plddt90",20260916,2,2,0.5,0.05,"dense","available","/Users/sharmapk/Desktop/KIDS26-Team13/analysis/mutation_plddt_trials/results/runs/TP53_trials700_plddt90"
"TP53",800,90,TRUE,"/Users/sharmapk/Desktop/KIDS26-Team13/examples/TP53_mutations/input_files/tp53_start_end.csv","/Users/sharmapk/Desktop/KIDS26-Team13/examples/TP53_mutations/input_files/tp53_alphafold_v6_coordinates.csv","TP53_trials800_plddt90",20260916,2,2,0.5,0.05,"dense","available","/Users/sharmapk/Desktop/KIDS26-Team13/analysis/mutation_plddt_trials/results/runs/TP53_trials800_plddt90"
"TP53",900,90,TRUE,"/Users/sharmapk/Desktop/KIDS26-Team13/examples/TP53_mutations/input_files/tp53_start_end.csv","/Users/sharmapk/Desktop/KIDS26-Team13/examples/TP53_mutations/input_files/tp53_alphafold_v6_coordinates.csv","TP53_trials900_plddt90",20260916,2,2,0.5,0.05,"dense","available","/Users/sharmapk/Desktop/KIDS26-Team13/analysis/mutation_plddt_trials/results/runs/TP53_trials900_plddt90"
"TP53",1000,90,TRUE,"/Users/sharmapk/Desktop/KIDS26-Team13/examples/TP53_mutations/input_files/tp53_start_end.csv","/Users/sharmapk/Desktop/KIDS26-Team13/examples/TP53_mutations/input_files/tp53_alphafold_v6_coordinates.csv","TP53_trials1000_plddt90",20260916,2,2,0.5,0.05,"dense","available","/Users/sharmapk/Desktop/KIDS26-Team13/analysis/mutation_plddt_trials/results/runs/TP53_trials1000_plddt90"
"PTEN",100,0,TRUE,"/Users/sharmapk/Desktop/KIDS26-Team13/examples/PTEN_mutations/input_files/pten_start_end.csv","/Users/sharmapk/Desktop/KIDS26-Team13/examples/PTEN_mutations/input_files/pten_coordinates.csv","PTEN_trials100_plddt0",20260916,2,2,0.5,0.05,"dense","available","/Users/sharmapk/Desktop/KIDS26-Team13/analysis/mutation_plddt_trials/results/runs/PTEN_trials100_plddt0"
"PTEN",200,0,TRUE,"/Users/sharmapk/Desktop/KIDS26-Team13/examples/PTEN_mutations/input_files/pten_start_end.csv","/Users/sharmapk/Desktop/KIDS26-Team13/examples/PTEN_mutations/input_files/pten_coordinates.csv","PTEN_trials200_plddt0",20260916,2,2,0.5,0.05,"dense","available","/Users/sharmapk/Desktop/KIDS26-Team13/analysis/mutation_plddt_trials/results/runs/PTEN_trials200_plddt0"
"PTEN",300,0,TRUE,"/Users/sharmapk/Desktop/KIDS26-Team13/examples/PTEN_mutations/input_files/pten_start_end.csv","/Users/sharmapk/Desktop/KIDS26-Team13/examples/PTEN_mutations/input_files/pten_coordinates.csv","PTEN_trials300_plddt0",20260916,2,2,0.5,0.05,"dense","available","/Users/sharmapk/Desktop/KIDS26-Team13/analysis/mutation_plddt_trials/results/runs/PTEN_trials300_plddt0"
"PTEN",400,0,TRUE,"/Users/sharmapk/Desktop/KIDS26-Team13/examples/PTEN_mutations/input_files/pten_start_end.csv","/Users/sharmapk/Desktop/KIDS26-Team13/examples/PTEN_mutations/input_files/pten_coordinates.csv","PTEN_trials400_plddt0",20260916,2,2,0.5,0.05,"dense","available","/Users/sharmapk/Desktop/KIDS26-Team13/analysis/mutation_plddt_trials/results/runs/PTEN_trials400_plddt0"
"PTEN",500,0,TRUE,"/Users/sharmapk/Desktop/KIDS26-Team13/examples/PTEN_mutations/input_files/pten_start_end.csv","/Users/sharmapk/Desktop/KIDS26-Team13/examples/PTEN_mutations/input_files/pten_coordinates.csv","PTEN_trials500_plddt0",20260916,2,2,0.5,0.05,"dense","available","/Users/sharmapk/Desktop/KIDS26-Team13/analysis/mutation_plddt_trials/results/runs/PTEN_trials500_plddt0"
"PTEN",600,0,TRUE,"/Users/sharmapk/Desktop/KIDS26-Team13/examples/PTEN_mutations/input_files/pten_start_end.csv","/Users/sharmapk/Desktop/KIDS26-Team13/examples/PTEN_mutations/input_files/pten_coordinates.csv","PTEN_trials600_plddt0",20260916,2,2,0.5,0.05,"dense","available","/Users/sharmapk/Desktop/KIDS26-Team13/analysis/mutation_plddt_trials/results/runs/PTEN_trials600_plddt0"
"PTEN",700,0,TRUE,"/Users/sharmapk/Desktop/KIDS26-Team13/examples/PTEN_mutations/input_files/pten_start_end.csv","/Users/sharmapk/Desktop/KIDS26-Team13/examples/PTEN_mutations/input_files/pten_coordinates.csv","PTEN_trials700_plddt0",20260916,2,2,0.5,0.05,"dense","available","/Users/sharmapk/Desktop/KIDS26-Team13/analysis/mutation_plddt_trials/results/runs/PTEN_trials700_plddt0"
"PTEN",800,0,TRUE,"/Users/sharmapk/Desktop/KIDS26-Team13/examples/PTEN_mutations/input_files/pten_start_end.csv","/Users/sharmapk/Desktop/KIDS26-Team13/examples/PTEN_mutations/input_files/pten_coordinates.csv","PTEN_trials800_plddt0",20260916,2,2,0.5,0.05,"dense","available","/Users/sharmapk/Desktop/KIDS26-Team13/analysis/mutation_plddt_trials/results/runs/PTEN_trials800_plddt0"
"PTEN",900,0,TRUE,"/Users/sharmapk/Desktop/KIDS26-Team13/examples/PTEN_mutations/input_files/pten_start_end.csv","/Users/sharmapk/Desktop/KIDS26-Team13/examples/PTEN_mutations/input_files/pten_coordinates.csv","PTEN_trials900_plddt0",20260916,2,2,0.5,0.05,"dense","available","/Users/sharmapk/Desktop/KIDS26-Team13/analysis/mutation_plddt_trials/results/runs/PTEN_trials900_plddt0"
"PTEN",1000,0,TRUE,"/Users/sharmapk/Desktop/KIDS26-Team13/examples/PTEN_mutations/input_files/pten_start_end.csv","/Users/sharmapk/Desktop/KIDS26-Team13/examples/PTEN_mutations/input_files/pten_coordinates.csv","PTEN_trials1000_plddt0",20260916,2,2,0.5,0.05,"dense","available","/Users/sharmapk/Desktop/KIDS26-Team13/analysis/mutation_plddt_trials/results/runs/PTEN_trials1000_plddt0"
"PTEN",100,70,TRUE,"/Users/sharmapk/Desktop/KIDS26-Team13/examples/PTEN_mutations/input_files/pten_start_end.csv","/Users/sharmapk/Desktop/KIDS26-Team13/examples/PTEN_mutations/input_files/pten_coordinates.csv","PTEN_trials100_plddt70",20260916,2,2,0.5,0.05,"dense","available","/Users/sharmapk/Desktop/KIDS26-Team13/analysis/mutation_plddt_trials/results/runs/PTEN_trials100_plddt70"
"PTEN",200,70,TRUE,"/Users/sharmapk/Desktop/KIDS26-Team13/examples/PTEN_mutations/input_files/pten_start_end.csv","/Users/sharmapk/Desktop/KIDS26-Team13/examples/PTEN_mutations/input_files/pten_coordinates.csv","PTEN_trials200_plddt70",20260916,2,2,0.5,0.05,"dense","available","/Users/sharmapk/Desktop/KIDS26-Team13/analysis/mutation_plddt_trials/results/runs/PTEN_trials200_plddt70"
"PTEN",300,70,TRUE,"/Users/sharmapk/Desktop/KIDS26-Team13/examples/PTEN_mutations/input_files/pten_start_end.csv","/Users/sharmapk/Desktop/KIDS26-Team13/examples/PTEN_mutations/input_files/pten_coordinates.csv","PTEN_trials300_plddt70",20260916,2,2,0.5,0.05,"dense","available","/Users/sharmapk/Desktop/KIDS26-Team13/analysis/mutation_plddt_trials/results/runs/PTEN_trials300_plddt70"
"PTEN",400,70,TRUE,"/Users/sharmapk/Desktop/KIDS26-Team13/examples/PTEN_mutations/input_files/pten_start_end.csv","/Users/sharmapk/Desktop/KIDS26-Team13/examples/PTEN_mutations/input_files/pten_coordinates.csv","PTEN_trials400_plddt70",20260916,2,2,0.5,0.05,"dense","available","/Users/sharmapk/Desktop/KIDS26-Team13/analysis/mutation_plddt_trials/results/runs/PTEN_trials400_plddt70"
"PTEN",500,70,TRUE,"/Users/sharmapk/Desktop/KIDS26-Team13/examples/PTEN_mutations/input_files/pten_start_end.csv","/Users/sharmapk/Desktop/KIDS26-Team13/examples/PTEN_mutations/input_files/pten_coordinates.csv","PTEN_trials500_plddt70",20260916,2,2,0.5,0.05,"dense","available","/Users/sharmapk/Desktop/KIDS26-Team13/analysis/mutation_plddt_trials/results/runs/PTEN_trials500_plddt70"
"PTEN",600,70,TRUE,"/Users/sharmapk/Desktop/KIDS26-Team13/examples/PTEN_mutations/input_files/pten_start_end.csv","/Users/sharmapk/Desktop/KIDS26-Team13/examples/PTEN_mutations/input_files/pten_coordinates.csv","PTEN_trials600_plddt70",20260916,2,2,0.5,0.05,"dense","available","/Users/sharmapk/Desktop/KIDS26-Team13/analysis/mutation_plddt_trials/results/runs/PTEN_trials600_plddt70"
"PTEN",700,70,TRUE,"/Users/sharmapk/Desktop/KIDS26-Team13/examples/PTEN_mutations/input_files/pten_start_end.csv","/Users/sharmapk/Desktop/KIDS26-Team13/examples/PTEN_mutations/input_files/pten_coordinates.csv","PTEN_trials700_plddt70",20260916,2,2,0.5,0.05,"dense","available","/Users/sharmapk/Desktop/KIDS26-Team13/analysis/mutation_plddt_trials/results/runs/PTEN_trials700_plddt70"
"PTEN",800,70,TRUE,"/Users/sharmapk/Desktop/KIDS26-Team13/examples/PTEN_mutations/input_files/pten_start_end.csv","/Users/sharmapk/Desktop/KIDS26-Team13/examples/PTEN_mutations/input_files/pten_coordinates.csv","PTEN_trials800_plddt70",20260916,2,2,0.5,0.05,"dense","available","/Users/sharmapk/Desktop/KIDS26-Team13/analysis/mutation_plddt_trials/results/runs/PTEN_trials800_plddt70"
"PTEN",900,70,TRUE,"/Users/sharmapk/Desktop/KIDS26-Team13/examples/PTEN_mutations/input_files/pten_start_end.csv","/Users/sharmapk/Desktop/KIDS26-Team13/examples/PTEN_mutations/input_files/pten_coordinates.csv","PTEN_trials900_plddt70",20260916,2,2,0.5,0.05,"dense","available","/Users/sharmapk/Desktop/KIDS26-Team13/analysis/mutation_plddt_trials/results/runs/PTEN_trials900_plddt70"
"PTEN",1000,70,TRUE,"/Users/sharmapk/Desktop/KIDS26-Team13/examples/PTEN_mutations/input_files/pten_start_end.csv","/Users/sharmapk/Desktop/KIDS26-Team13/examples/PTEN_mutations/input_files/pten_coordinates.csv","PTEN_trials1000_plddt70",20260916,2,2,0.5,0.05,"dense","available","/Users/sharmapk/Desktop/KIDS26-Team13/analysis/mutation_plddt_trials/results/runs/PTEN_trials1000_plddt70"
"PTEN",100,90,TRUE,"/Users/sharmapk/Desktop/KIDS26-Team13/examples/PTEN_mutations/input_files/pten_start_end.csv","/Users/sharmapk/Desktop/KIDS26-Team13/examples/PTEN_mutations/input_files/pten_coordinates.csv","PTEN_trials100_plddt90",20260916,2,2,0.5,0.05,"dense","available","/Users/sharmapk/Desktop/KIDS26-Team13/analysis/mutation_plddt_trials/results/runs/PTEN_trials100_plddt90"
"PTEN",200,90,TRUE,"/Users/sharmapk/Desktop/KIDS26-Team13/examples/PTEN_mutations/input_files/pten_start_end.csv","/Users/sharmapk/Desktop/KIDS26-Team13/examples/PTEN_mutations/input_files/pten_coordinates.csv","PTEN_trials200_plddt90",20260916,2,2,0.5,0.05,"dense","available","/Users/sharmapk/Desktop/KIDS26-Team13/analysis/mutation_plddt_trials/results/runs/PTEN_trials200_plddt90"
"PTEN",300,90,TRUE,"/Users/sharmapk/Desktop/KIDS26-Team13/examples/PTEN_mutations/input_files/pten_start_end.csv","/Users/sharmapk/Desktop/KIDS26-Team13/examples/PTEN_mutations/input_files/pten_coordinates.csv","PTEN_trials300_plddt90",20260916,2,2,0.5,0.05,"dense","available","/Users/sharmapk/Desktop/KIDS26-Team13/analysis/mutation_plddt_trials/results/runs/PTEN_trials300_plddt90"
"PTEN",400,90,TRUE,"/Users/sharmapk/Desktop/KIDS26-Team13/examples/PTEN_mutations/input_files/pten_start_end.csv","/Users/sharmapk/Desktop/KIDS26-Team13/examples/PTEN_mutations/input_files/pten_coordinates.csv","PTEN_trials400_plddt90",20260916,2,2,0.5,0.05,"dense","available","/Users/sharmapk/Desktop/KIDS26-Team13/analysis/mutation_plddt_trials/results/runs/PTEN_trials400_plddt90"
"PTEN",500,90,TRUE,"/Users/sharmapk/Desktop/KIDS26-Team13/examples/PTEN_mutations/input_files/pten_start_end.csv","/Users/sharmapk/Desktop/KIDS26-Team13/examples/PTEN_mutations/input_files/pten_coordinates.csv","PTEN_trials500_plddt90",20260916,2,2,0.5,0.05,"dense","available","/Users/sharmapk/Desktop/KIDS26-Team13/analysis/mutation_plddt_trials/results/runs/PTEN_trials500_plddt90"
"PTEN",600,90,TRUE,"/Users/sharmapk/Desktop/KIDS26-Team13/examples/PTEN_mutations/input_files/pten_start_end.csv","/Users/sharmapk/Desktop/KIDS26-Team13/examples/PTEN_mutations/input_files/pten_coordinates.csv","PTEN_trials600_plddt90",20260916,2,2,0.5,0.05,"dense","available","/Users/sharmapk/Desktop/KIDS26-Team13/analysis/mutation_plddt_trials/results/runs/PTEN_trials600_plddt90"
"PTEN",700,90,TRUE,"/Users/sharmapk/Desktop/KIDS26-Team13/examples/PTEN_mutations/input_files/pten_start_end.csv","/Users/sharmapk/Desktop/KIDS26-Team13/examples/PTEN_mutations/input_files/pten_coordinates.csv","PTEN_trials700_plddt90",20260916,2,2,0.5,0.05,"dense","available","/Users/sharmapk/Desktop/KIDS26-Team13/analysis/mutation_plddt_trials/results/runs/PTEN_trials700_plddt90"
"PTEN",800,90,TRUE,"/Users/sharmapk/Desktop/KIDS26-Team13/examples/PTEN_mutations/input_files/pten_start_end.csv","/Users/sharmapk/Desktop/KIDS26-Team13/examples/PTEN_mutations/input_files/pten_coordinates.csv","PTEN_trials800_plddt90",20260916,2,2,0.5,0.05,"dense","available","/Users/sharmapk/Desktop/KIDS26-Team13/analysis/mutation_plddt_trials/results/runs/PTEN_trials800_plddt90"
"PTEN",900,90,TRUE,"/Users/sharmapk/Desktop/KIDS26-Team13/examples/PTEN_mutations/input_files/pten_start_end.csv","/Users/sharmapk/Desktop/KIDS26-Team13/examples/PTEN_mutations/input_files/pten_coordinates.csv","PTEN_trials900_plddt90",20260916,2,2,0.5,0.05,"dense","available","/Users/sharmapk/Desktop/KIDS26-Team13/analysis/mutation_plddt_trials/results/runs/PTEN_trials900_plddt90"
"PTEN",1000,90,TRUE,"/Users/sharmapk/Desktop/KIDS26-Team13/examples/PTEN_mutations/input_files/pten_start_end.csv","/Users/sharmapk/Desktop/KIDS26-Team13/examples/PTEN_mutations/input_files/pten_coordinates.csv","PTEN_trials1000_plddt90",20260916,2,2,0.5,0.05,"dense","available","/Users/sharmapk/Desktop/KIDS26-Team13/analysis/mutation_plddt_trials/results/runs/PTEN_trials1000_plddt90"
"SUZ12",100,0,TRUE,"/Users/sharmapk/Desktop/KIDS26-Team13/examples/SUZ12_mutations/input_files/suz12_start_end.csv","/Users/sharmapk/Desktop/KIDS26-Team13/examples/SUZ12_mutations/input_files/suz12_coordinates.csv","SUZ12_trials100_plddt0",20260916,2,2,0.5,0.05,"dense","available","/Users/sharmapk/Desktop/KIDS26-Team13/analysis/mutation_plddt_trials/results/runs/SUZ12_trials100_plddt0"
"SUZ12",200,0,TRUE,"/Users/sharmapk/Desktop/KIDS26-Team13/examples/SUZ12_mutations/input_files/suz12_start_end.csv","/Users/sharmapk/Desktop/KIDS26-Team13/examples/SUZ12_mutations/input_files/suz12_coordinates.csv","SUZ12_trials200_plddt0",20260916,2,2,0.5,0.05,"dense","available","/Users/sharmapk/Desktop/KIDS26-Team13/analysis/mutation_plddt_trials/results/runs/SUZ12_trials200_plddt0"
"SUZ12",300,0,TRUE,"/Users/sharmapk/Desktop/KIDS26-Team13/examples/SUZ12_mutations/input_files/suz12_start_end.csv","/Users/sharmapk/Desktop/KIDS26-Team13/examples/SUZ12_mutations/input_files/suz12_coordinates.csv","SUZ12_trials300_plddt0",20260916,2,2,0.5,0.05,"dense","available","/Users/sharmapk/Desktop/KIDS26-Team13/analysis/mutation_plddt_trials/results/runs/SUZ12_trials300_plddt0"
"SUZ12",400,0,TRUE,"/Users/sharmapk/Desktop/KIDS26-Team13/examples/SUZ12_mutations/input_files/suz12_start_end.csv","/Users/sharmapk/Desktop/KIDS26-Team13/examples/SUZ12_mutations/input_files/suz12_coordinates.csv","SUZ12_trials400_plddt0",20260916,2,2,0.5,0.05,"dense","available","/Users/sharmapk/Desktop/KIDS26-Team13/analysis/mutation_plddt_trials/results/runs/SUZ12_trials400_plddt0"
"SUZ12",500,0,TRUE,"/Users/sharmapk/Desktop/KIDS26-Team13/examples/SUZ12_mutations/input_files/suz12_start_end.csv","/Users/sharmapk/Desktop/KIDS26-Team13/examples/SUZ12_mutations/input_files/suz12_coordinates.csv","SUZ12_trials500_plddt0",20260916,2,2,0.5,0.05,"dense","available","/Users/sharmapk/Desktop/KIDS26-Team13/analysis/mutation_plddt_trials/results/runs/SUZ12_trials500_plddt0"
"SUZ12",600,0,TRUE,"/Users/sharmapk/Desktop/KIDS26-Team13/examples/SUZ12_mutations/input_files/suz12_start_end.csv","/Users/sharmapk/Desktop/KIDS26-Team13/examples/SUZ12_mutations/input_files/suz12_coordinates.csv","SUZ12_trials600_plddt0",20260916,2,2,0.5,0.05,"dense","available","/Users/sharmapk/Desktop/KIDS26-Team13/analysis/mutation_plddt_trials/results/runs/SUZ12_trials600_plddt0"
"SUZ12",700,0,TRUE,"/Users/sharmapk/Desktop/KIDS26-Team13/examples/SUZ12_mutations/input_files/suz12_start_end.csv","/Users/sharmapk/Desktop/KIDS26-Team13/examples/SUZ12_mutations/input_files/suz12_coordinates.csv","SUZ12_trials700_plddt0",20260916,2,2,0.5,0.05,"dense","available","/Users/sharmapk/Desktop/KIDS26-Team13/analysis/mutation_plddt_trials/results/runs/SUZ12_trials700_plddt0"
"SUZ12",800,0,TRUE,"/Users/sharmapk/Desktop/KIDS26-Team13/examples/SUZ12_mutations/input_files/suz12_start_end.csv","/Users/sharmapk/Desktop/KIDS26-Team13/examples/SUZ12_mutations/input_files/suz12_coordinates.csv","SUZ12_trials800_plddt0",20260916,2,2,0.5,0.05,"dense","available","/Users/sharmapk/Desktop/KIDS26-Team13/analysis/mutation_plddt_trials/results/runs/SUZ12_trials800_plddt0"
"SUZ12",900,0,TRUE,"/Users/sharmapk/Desktop/KIDS26-Team13/examples/SUZ12_mutations/input_files/suz12_start_end.csv","/Users/sharmapk/Desktop/KIDS26-Team13/examples/SUZ12_mutations/input_files/suz12_coordinates.csv","SUZ12_trials900_plddt0",20260916,2,2,0.5,0.05,"dense","available","/Users/sharmapk/Desktop/KIDS26-Team13/analysis/mutation_plddt_trials/results/runs/SUZ12_trials900_plddt0"
"SUZ12",1000,0,TRUE,"/Users/sharmapk/Desktop/KIDS26-Team13/examples/SUZ12_mutations/input_files/suz12_start_end.csv","/Users/sharmapk/Desktop/KIDS26-Team13/examples/SUZ12_mutations/input_files/suz12_coordinates.csv","SUZ12_trials1000_plddt0",20260916,2,2,0.5,0.05,"dense","available","/Users/sharmapk/Desktop/KIDS26-Team13/analysis/mutation_plddt_trials/results/runs/SUZ12_trials1000_plddt0"
"SUZ12",100,70,TRUE,"/Users/sharmapk/Desktop/KIDS26-Team13/examples/SUZ12_mutations/input_files/suz12_start_end.csv","/Users/sharmapk/Desktop/KIDS26-Team13/examples/SUZ12_mutations/input_files/suz12_coordinates.csv","SUZ12_trials100_plddt70",20260916,2,2,0.5,0.05,"dense","available","/Users/sharmapk/Desktop/KIDS26-Team13/analysis/mutation_plddt_trials/results/runs/SUZ12_trials100_plddt70"
"SUZ12",200,70,TRUE,"/Users/sharmapk/Desktop/KIDS26-Team13/examples/SUZ12_mutations/input_files/suz12_start_end.csv","/Users/sharmapk/Desktop/KIDS26-Team13/examples/SUZ12_mutations/input_files/suz12_coordinates.csv","SUZ12_trials200_plddt70",20260916,2,2,0.5,0.05,"dense","available","/Users/sharmapk/Desktop/KIDS26-Team13/analysis/mutation_plddt_trials/results/runs/SUZ12_trials200_plddt70"
"SUZ12",300,70,TRUE,"/Users/sharmapk/Desktop/KIDS26-Team13/examples/SUZ12_mutations/input_files/suz12_start_end.csv","/Users/sharmapk/Desktop/KIDS26-Team13/examples/SUZ12_mutations/input_files/suz12_coordinates.csv","SUZ12_trials300_plddt70",20260916,2,2,0.5,0.05,"dense","available","/Users/sharmapk/Desktop/KIDS26-Team13/analysis/mutation_plddt_trials/results/runs/SUZ12_trials300_plddt70"
"SUZ12",400,70,TRUE,"/Users/sharmapk/Desktop/KIDS26-Team13/examples/SUZ12_mutations/input_files/suz12_start_end.csv","/Users/sharmapk/Desktop/KIDS26-Team13/examples/SUZ12_mutations/input_files/suz12_coordinates.csv","SUZ12_trials400_plddt70",20260916,2,2,0.5,0.05,"dense","available","/Users/sharmapk/Desktop/KIDS26-Team13/analysis/mutation_plddt_trials/results/runs/SUZ12_trials400_plddt70"
"SUZ12",500,70,TRUE,"/Users/sharmapk/Desktop/KIDS26-Team13/examples/SUZ12_mutations/input_files/suz12_start_end.csv","/Users/sharmapk/Desktop/KIDS26-Team13/examples/SUZ12_mutations/input_files/suz12_coordinates.csv","SUZ12_trials500_plddt70",20260916,2,2,0.5,0.05,"dense","available","/Users/sharmapk/Desktop/KIDS26-Team13/analysis/mutation_plddt_trials/results/runs/SUZ12_trials500_plddt70"
"SUZ12",600,70,TRUE,"/Users/sharmapk/Desktop/KIDS26-Team13/examples/SUZ12_mutations/input_files/suz12_start_end.csv","/Users/sharmapk/Desktop/KIDS26-Team13/examples/SUZ12_mutations/input_files/suz12_coordinates.csv","SUZ12_trials600_plddt70",20260916,2,2,0.5,0.05,"dense","available","/Users/sharmapk/Desktop/KIDS26-Team13/analysis/mutation_plddt_trials/results/runs/SUZ12_trials600_plddt70"
"SUZ12",700,70,TRUE,"/Users/sharmapk/Desktop/KIDS26-Team13/examples/SUZ12_mutations/input_files/suz12_start_end.csv","/Users/sharmapk/Desktop/KIDS26-Team13/examples/SUZ12_mutations/input_files/suz12_coordinates.csv","SUZ12_trials700_plddt70",20260916,2,2,0.5,0.05,"dense","available","/Users/sharmapk/Desktop/KIDS26-Team13/analysis/mutation_plddt_trials/results/runs/SUZ12_trials700_plddt70"
"SUZ12",800,70,TRUE,"/Users/sharmapk/Desktop/KIDS26-Team13/examples/SUZ12_mutations/input_files/suz12_start_end.csv","/Users/sharmapk/Desktop/KIDS26-Team13/examples/SUZ12_mutations/input_files/suz12_coordinates.csv","SUZ12_trials800_plddt70",20260916,2,2,0.5,0.05,"dense","available","/Users/sharmapk/Desktop/KIDS26-Team13/analysis/mutation_plddt_trials/results/runs/SUZ12_trials800_plddt70"
"SUZ12",900,70,TRUE,"/Users/sharmapk/Desktop/KIDS26-Team13/examples/SUZ12_mutations/input_files/suz12_start_end.csv","/Users/sharmapk/Desktop/KIDS26-Team13/examples/SUZ12_mutations/input_files/suz12_coordinates.csv","SUZ12_trials900_plddt70",20260916,2,2,0.5,0.05,"dense","available","/Users/sharmapk/Desktop/KIDS26-Team13/analysis/mutation_plddt_trials/results/runs/SUZ12_trials900_plddt70"
"SUZ12",1000,70,TRUE,"/Users/sharmapk/Desktop/KIDS26-Team13/examples/SUZ12_mutations/input_files/suz12_start_end.csv","/Users/sharmapk/Desktop/KIDS26-Team13/examples/SUZ12_mutations/input_files/suz12_coordinates.csv","SUZ12_trials1000_plddt70",20260916,2,2,0.5,0.05,"dense","available","/Users/sharmapk/Desktop/KIDS26-Team13/analysis/mutation_plddt_trials/results/runs/SUZ12_trials1000_plddt70"
"SUZ12",100,90,TRUE,"/Users/sharmapk/Desktop/KIDS26-Team13/examples/SUZ12_mutations/input_files/suz12_start_end.csv","/Users/sharmapk/Desktop/KIDS26-Team13/examples/SUZ12_mutations/input_files/suz12_coordinates.csv","SUZ12_trials100_plddt90",20260916,2,2,0.5,0.05,"dense","available","/Users/sharmapk/Desktop/KIDS26-Team13/analysis/mutation_plddt_trials/results/runs/SUZ12_trials100_plddt90"
"SUZ12",200,90,TRUE,"/Users/sharmapk/Desktop/KIDS26-Team13/examples/SUZ12_mutations/input_files/suz12_start_end.csv","/Users/sharmapk/Desktop/KIDS26-Team13/examples/SUZ12_mutations/input_files/suz12_coordinates.csv","SUZ12_trials200_plddt90",20260916,2,2,0.5,0.05,"dense","available","/Users/sharmapk/Desktop/KIDS26-Team13/analysis/mutation_plddt_trials/results/runs/SUZ12_trials200_plddt90"
"SUZ12",300,90,TRUE,"/Users/sharmapk/Desktop/KIDS26-Team13/examples/SUZ12_mutations/input_files/suz12_start_end.csv","/Users/sharmapk/Desktop/KIDS26-Team13/examples/SUZ12_mutations/input_files/suz12_coordinates.csv","SUZ12_trials300_plddt90",20260916,2,2,0.5,0.05,"dense","available","/Users/sharmapk/Desktop/KIDS26-Team13/analysis/mutation_plddt_trials/results/runs/SUZ12_trials300_plddt90"
"SUZ12",400,90,TRUE,"/Users/sharmapk/Desktop/KIDS26-Team13/examples/SUZ12_mutations/input_files/suz12_start_end.csv","/Users/sharmapk/Desktop/KIDS26-Team13/examples/SUZ12_mutations/input_files/suz12_coordinates.csv","SUZ12_trials400_plddt90",20260916,2,2,0.5,0.05,"dense","available","/Users/sharmapk/Desktop/KIDS26-Team13/analysis/mutation_plddt_trials/results/runs/SUZ12_trials400_plddt90"
"SUZ12",500,90,TRUE,"/Users/sharmapk/Desktop/KIDS26-Team13/examples/SUZ12_mutations/input_files/suz12_start_end.csv","/Users/sharmapk/Desktop/KIDS26-Team13/examples/SUZ12_mutations/input_files/suz12_coordinates.csv","SUZ12_trials500_plddt90",20260916,2,2,0.5,0.05,"dense","available","/Users/sharmapk/Desktop/KIDS26-Team13/analysis/mutation_plddt_trials/results/runs/SUZ12_trials500_plddt90"
"SUZ12",600,90,TRUE,"/Users/sharmapk/Desktop/KIDS26-Team13/examples/SUZ12_mutations/input_files/suz12_start_end.csv","/Users/sharmapk/Desktop/KIDS26-Team13/examples/SUZ12_mutations/input_files/suz12_coordinates.csv","SUZ12_trials600_plddt90",20260916,2,2,0.5,0.05,"dense","available","/Users/sharmapk/Desktop/KIDS26-Team13/analysis/mutation_plddt_trials/results/runs/SUZ12_trials600_plddt90"
"SUZ12",700,90,TRUE,"/Users/sharmapk/Desktop/KIDS26-Team13/examples/SUZ12_mutations/input_files/suz12_start_end.csv","/Users/sharmapk/Desktop/KIDS26-Team13/examples/SUZ12_mutations/input_files/suz12_coordinates.csv","SUZ12_trials700_plddt90",20260916,2,2,0.5,0.05,"dense","available","/Users/sharmapk/Desktop/KIDS26-Team13/analysis/mutation_plddt_trials/results/runs/SUZ12_trials700_plddt90"
"SUZ12",800,90,TRUE,"/Users/sharmapk/Desktop/KIDS26-Team13/examples/SUZ12_mutations/input_files/suz12_start_end.csv","/Users/sharmapk/Desktop/KIDS26-Team13/examples/SUZ12_mutations/input_files/suz12_coordinates.csv","SUZ12_trials800_plddt90",20260916,2,2,0.5,0.05,"dense","available","/Users/sharmapk/Desktop/KIDS26-Team13/analysis/mutation_plddt_trials/results/runs/SUZ12_trials800_plddt90"
"SUZ12",900,90,TRUE,"/Users/sharmapk/Desktop/KIDS26-Team13/examples/SUZ12_mutations/input_files/suz12_start_end.csv","/Users/sharmapk/Desktop/KIDS26-Team13/examples/SUZ12_mutations/input_files/suz12_coordinates.csv","SUZ12_trials900_plddt90",20260916,2,2,0.5,0.05,"dense","available","/Users/sharmapk/Desktop/KIDS26-Team13/analysis/mutation_plddt_trials/results/runs/SUZ12_trials900_plddt90"
"SUZ12",1000,90,TRUE,"/Users/sharmapk/Desktop/KIDS26-Team13/examples/SUZ12_mutations/input_files/suz12_start_end.csv","/Users/sharmapk/Desktop/KIDS26-Team13/examples/SUZ12_mutations/input_files/suz12_coordinates.csv","SUZ12_trials1000_plddt90",20260916,2,2,0.5,0.05,"dense","available","/Users/sharmapk/Desktop/KIDS26-Team13/analysis/mutation_plddt_trials/results/runs/SUZ12_trials1000_plddt90"
"EZH2",100,0,TRUE,"/Users/sharmapk/Desktop/KIDS26-Team13/examples/EZH2_mutations/input_files/ezh2_start_end.csv","/Users/sharmapk/Desktop/KIDS26-Team13/examples/EZH2_mutations/input_files/ezh2_coordinates.csv","EZH2_trials100_plddt0",20260916,2,2,0.5,0.05,"dense","available","/Users/sharmapk/Desktop/KIDS26-Team13/analysis/mutation_plddt_trials/results/runs/EZH2_trials100_plddt0"
"EZH2",200,0,TRUE,"/Users/sharmapk/Desktop/KIDS26-Team13/examples/EZH2_mutations/input_files/ezh2_start_end.csv","/Users/sharmapk/Desktop/KIDS26-Team13/examples/EZH2_mutations/input_files/ezh2_coordinates.csv","EZH2_trials200_plddt0",20260916,2,2,0.5,0.05,"dense","available","/Users/sharmapk/Desktop/KIDS26-Team13/analysis/mutation_plddt_trials/results/runs/EZH2_trials200_plddt0"
"EZH2",300,0,TRUE,"/Users/sharmapk/Desktop/KIDS26-Team13/examples/EZH2_mutations/input_files/ezh2_start_end.csv","/Users/sharmapk/Desktop/KIDS26-Team13/examples/EZH2_mutations/input_files/ezh2_coordinates.csv","EZH2_trials300_plddt0",20260916,2,2,0.5,0.05,"dense","available","/Users/sharmapk/Desktop/KIDS26-Team13/analysis/mutation_plddt_trials/results/runs/EZH2_trials300_plddt0"
"EZH2",400,0,TRUE,"/Users/sharmapk/Desktop/KIDS26-Team13/examples/EZH2_mutations/input_files/ezh2_start_end.csv","/Users/sharmapk/Desktop/KIDS26-Team13/examples/EZH2_mutations/input_files/ezh2_coordinates.csv","EZH2_trials400_plddt0",20260916,2,2,0.5,0.05,"dense","available","/Users/sharmapk/Desktop/KIDS26-Team13/analysis/mutation_plddt_trials/results/runs/EZH2_trials400_plddt0"
"EZH2",500,0,TRUE,"/Users/sharmapk/Desktop/KIDS26-Team13/examples/EZH2_mutations/input_files/ezh2_start_end.csv","/Users/sharmapk/Desktop/KIDS26-Team13/examples/EZH2_mutations/input_files/ezh2_coordinates.csv","EZH2_trials500_plddt0",20260916,2,2,0.5,0.05,"dense","available","/Users/sharmapk/Desktop/KIDS26-Team13/analysis/mutation_plddt_trials/results/runs/EZH2_trials500_plddt0"
"EZH2",600,0,TRUE,"/Users/sharmapk/Desktop/KIDS26-Team13/examples/EZH2_mutations/input_files/ezh2_start_end.csv","/Users/sharmapk/Desktop/KIDS26-Team13/examples/EZH2_mutations/input_files/ezh2_coordinates.csv","EZH2_trials600_plddt0",20260916,2,2,0.5,0.05,"dense","available","/Users/sharmapk/Desktop/KIDS26-Team13/analysis/mutation_plddt_trials/results/runs/EZH2_trials600_plddt0"
"EZH2",700,0,TRUE,"/Users/sharmapk/Desktop/KIDS26-Team13/examples/EZH2_mutations/input_files/ezh2_start_end.csv","/Users/sharmapk/Desktop/KIDS26-Team13/examples/EZH2_mutations/input_files/ezh2_coordinates.csv","EZH2_trials700_plddt0",20260916,2,2,0.5,0.05,"dense","available","/Users/sharmapk/Desktop/KIDS26-Team13/analysis/mutation_plddt_trials/results/runs/EZH2_trials700_plddt0"
"EZH2",800,0,TRUE,"/Users/sharmapk/Desktop/KIDS26-Team13/examples/EZH2_mutations/input_files/ezh2_start_end.csv","/Users/sharmapk/Desktop/KIDS26-Team13/examples/EZH2_mutations/input_files/ezh2_coordinates.csv","EZH2_trials800_plddt0",20260916,2,2,0.5,0.05,"dense","available","/Users/sharmapk/Desktop/KIDS26-Team13/analysis/mutation_plddt_trials/results/runs/EZH2_trials800_plddt0"
"EZH2",900,0,TRUE,"/Users/sharmapk/Desktop/KIDS26-Team13/examples/EZH2_mutations/input_files/ezh2_start_end.csv","/Users/sharmapk/Desktop/KIDS26-Team13/examples/EZH2_mutations/input_files/ezh2_coordinates.csv","EZH2_trials900_plddt0",20260916,2,2,0.5,0.05,"dense","available","/Users/sharmapk/Desktop/KIDS26-Team13/analysis/mutation_plddt_trials/results/runs/EZH2_trials900_plddt0"
"EZH2",1000,0,TRUE,"/Users/sharmapk/Desktop/KIDS26-Team13/examples/EZH2_mutations/input_files/ezh2_start_end.csv","/Users/sharmapk/Desktop/KIDS26-Team13/examples/EZH2_mutations/input_files/ezh2_coordinates.csv","EZH2_trials1000_plddt0",20260916,2,2,0.5,0.05,"dense","available","/Users/sharmapk/Desktop/KIDS26-Team13/analysis/mutation_plddt_trials/results/runs/EZH2_trials1000_plddt0"
"EZH2",100,70,TRUE,"/Users/sharmapk/Desktop/KIDS26-Team13/examples/EZH2_mutations/input_files/ezh2_start_end.csv","/Users/sharmapk/Desktop/KIDS26-Team13/examples/EZH2_mutations/input_files/ezh2_coordinates.csv","EZH2_trials100_plddt70",20260916,2,2,0.5,0.05,"dense","available","/Users/sharmapk/Desktop/KIDS26-Team13/analysis/mutation_plddt_trials/results/runs/EZH2_trials100_plddt70"
"EZH2",200,70,TRUE,"/Users/sharmapk/Desktop/KIDS26-Team13/examples/EZH2_mutations/input_files/ezh2_start_end.csv","/Users/sharmapk/Desktop/KIDS26-Team13/examples/EZH2_mutations/input_files/ezh2_coordinates.csv","EZH2_trials200_plddt70",20260916,2,2,0.5,0.05,"dense","available","/Users/sharmapk/Desktop/KIDS26-Team13/analysis/mutation_plddt_trials/results/runs/EZH2_trials200_plddt70"
"EZH2",300,70,TRUE,"/Users/sharmapk/Desktop/KIDS26-Team13/examples/EZH2_mutations/input_files/ezh2_start_end.csv","/Users/sharmapk/Desktop/KIDS26-Team13/examples/EZH2_mutations/input_files/ezh2_coordinates.csv","EZH2_trials300_plddt70",20260916,2,2,0.5,0.05,"dense","available","/Users/sharmapk/Desktop/KIDS26-Team13/analysis/mutation_plddt_trials/results/runs/EZH2_trials300_plddt70"
"EZH2",400,70,TRUE,"/Users/sharmapk/Desktop/KIDS26-Team13/examples/EZH2_mutations/input_files/ezh2_start_end.csv","/Users/sharmapk/Desktop/KIDS26-Team13/examples/EZH2_mutations/input_files/ezh2_coordinates.csv","EZH2_trials400_plddt70",20260916,2,2,0.5,0.05,"dense","available","/Users/sharmapk/Desktop/KIDS26-Team13/analysis/mutation_plddt_trials/results/runs/EZH2_trials400_plddt70"
"EZH2",500,70,TRUE,"/Users/sharmapk/Desktop/KIDS26-Team13/examples/EZH2_mutations/input_files/ezh2_start_end.csv","/Users/sharmapk/Desktop/KIDS26-Team13/examples/EZH2_mutations/input_files/ezh2_coordinates.csv","EZH2_trials500_plddt70",20260916,2,2,0.5,0.05,"dense","available","/Users/sharmapk/Desktop/KIDS26-Team13/analysis/mutation_plddt_trials/results/runs/EZH2_trials500_plddt70"
"EZH2",600,70,TRUE,"/Users/sharmapk/Desktop/KIDS26-Team13/examples/EZH2_mutations/input_files/ezh2_start_end.csv","/Users/sharmapk/Desktop/KIDS26-Team13/examples/EZH2_mutations/input_files/ezh2_coordinates.csv","EZH2_trials600_plddt70",20260916,2,2,0.5,0.05,"dense","available","/Users/sharmapk/Desktop/KIDS26-Team13/analysis/mutation_plddt_trials/results/runs/EZH2_trials600_plddt70"
"EZH2",700,70,TRUE,"/Users/sharmapk/Desktop/KIDS26-Team13/examples/EZH2_mutations/input_files/ezh2_start_end.csv","/Users/sharmapk/Desktop/KIDS26-Team13/examples/EZH2_mutations/input_files/ezh2_coordinates.csv","EZH2_trials700_plddt70",20260916,2,2,0.5,0.05,"dense","available","/Users/sharmapk/Desktop/KIDS26-Team13/analysis/mutation_plddt_trials/results/runs/EZH2_trials700_plddt70"
"EZH2",800,70,TRUE,"/Users/sharmapk/Desktop/KIDS26-Team13/examples/EZH2_mutations/input_files/ezh2_start_end.csv","/Users/sharmapk/Desktop/KIDS26-Team13/examples/EZH2_mutations/input_files/ezh2_coordinates.csv","EZH2_trials800_plddt70",20260916,2,2,0.5,0.05,"dense","available","/Users/sharmapk/Desktop/KIDS26-Team13/analysis/mutation_plddt_trials/results/runs/EZH2_trials800_plddt70"
"EZH2",900,70,TRUE,"/Users/sharmapk/Desktop/KIDS26-Team13/examples/EZH2_mutations/input_files/ezh2_start_end.csv","/Users/sharmapk/Desktop/KIDS26-Team13/examples/EZH2_mutations/input_files/ezh2_coordinates.csv","EZH2_trials900_plddt70",20260916,2,2,0.5,0.05,"dense","available","/Users/sharmapk/Desktop/KIDS26-Team13/analysis/mutation_plddt_trials/results/runs/EZH2_trials900_plddt70"
"EZH2",1000,70,TRUE,"/Users/sharmapk/Desktop/KIDS26-Team13/examples/EZH2_mutations/input_files/ezh2_start_end.csv","/Users/sharmapk/Desktop/KIDS26-Team13/examples/EZH2_mutations/input_files/ezh2_coordinates.csv","EZH2_trials1000_plddt70",20260916,2,2,0.5,0.05,"dense","available","/Users/sharmapk/Desktop/KIDS26-Team13/analysis/mutation_plddt_trials/results/runs/EZH2_trials1000_plddt70"
"EZH2",100,90,TRUE,"/Users/sharmapk/Desktop/KIDS26-Team13/examples/EZH2_mutations/input_files/ezh2_start_end.csv","/Users/sharmapk/Desktop/KIDS26-Team13/examples/EZH2_mutations/input_files/ezh2_coordinates.csv","EZH2_trials100_plddt90",20260916,2,2,0.5,0.05,"dense","available","/Users/sharmapk/Desktop/KIDS26-Team13/analysis/mutation_plddt_trials/results/runs/EZH2_trials100_plddt90"
"EZH2",200,90,TRUE,"/Users/sharmapk/Desktop/KIDS26-Team13/examples/EZH2_mutations/input_files/ezh2_start_end.csv","/Users/sharmapk/Desktop/KIDS26-Team13/examples/EZH2_mutations/input_files/ezh2_coordinates.csv","EZH2_trials200_plddt90",20260916,2,2,0.5,0.05,"dense","available","/Users/sharmapk/Desktop/KIDS26-Team13/analysis/mutation_plddt_trials/results/runs/EZH2_trials200_plddt90"
"EZH2",300,90,TRUE,"/Users/sharmapk/Desktop/KIDS26-Team13/examples/EZH2_mutations/input_files/ezh2_start_end.csv","/Users/sharmapk/Desktop/KIDS26-Team13/examples/EZH2_mutations/input_files/ezh2_coordinates.csv","EZH2_trials300_plddt90",20260916,2,2,0.5,0.05,"dense","available","/Users/sharmapk/Desktop/KIDS26-Team13/analysis/mutation_plddt_trials/results/runs/EZH2_trials300_plddt90"
"EZH2",400,90,TRUE,"/Users/sharmapk/Desktop/KIDS26-Team13/examples/EZH2_mutations/input_files/ezh2_start_end.csv","/Users/sharmapk/Desktop/KIDS26-Team13/examples/EZH2_mutations/input_files/ezh2_coordinates.csv","EZH2_trials400_plddt90",20260916,2,2,0.5,0.05,"dense","available","/Users/sharmapk/Desktop/KIDS26-Team13/analysis/mutation_plddt_trials/results/runs/EZH2_trials400_plddt90"
"EZH2",500,90,TRUE,"/Users/sharmapk/Desktop/KIDS26-Team13/examples/EZH2_mutations/input_files/ezh2_start_end.csv","/Users/sharmapk/Desktop/KIDS26-Team13/examples/EZH2_mutations/input_files/ezh2_coordinates.csv","EZH2_trials500_plddt90",20260916,2,2,0.5,0.05,"dense","available","/Users/sharmapk/Desktop/KIDS26-Team13/analysis/mutation_plddt_trials/results/runs/EZH2_trials500_plddt90"
"EZH2",600,90,TRUE,"/Users/sharmapk/Desktop/KIDS26-Team13/examples/EZH2_mutations/input_files/ezh2_start_end.csv","/Users/sharmapk/Desktop/KIDS26-Team13/examples/EZH2_mutations/input_files/ezh2_coordinates.csv","EZH2_trials600_plddt90",20260916,2,2,0.5,0.05,"dense","available","/Users/sharmapk/Desktop/KIDS26-Team13/analysis/mutation_plddt_trials/results/runs/EZH2_trials600_plddt90"
"EZH2",700,90,TRUE,"/Users/sharmapk/Desktop/KIDS26-Team13/examples/EZH2_mutations/input_files/ezh2_start_end.csv","/Users/sharmapk/Desktop/KIDS26-Team13/examples/EZH2_mutations/input_files/ezh2_coordinates.csv","EZH2_trials700_plddt90",20260916,2,2,0.5,0.05,"dense","available","/Users/sharmapk/Desktop/KIDS26-Team13/analysis/mutation_plddt_trials/results/runs/EZH2_trials700_plddt90"
"EZH2",800,90,TRUE,"/Users/sharmapk/Desktop/KIDS26-Team13/examples/EZH2_mutations/input_files/ezh2_start_end.csv","/Users/sharmapk/Desktop/KIDS26-Team13/examples/EZH2_mutations/input_files/ezh2_coordinates.csv","EZH2_trials800_plddt90",20260916,2,2,0.5,0.05,"dense","available","/Users/sharmapk/Desktop/KIDS26-Team13/analysis/mutation_plddt_trials/results/runs/EZH2_trials800_plddt90"
"EZH2",900,90,TRUE,"/Users/sharmapk/Desktop/KIDS26-Team13/examples/EZH2_mutations/input_files/ezh2_start_end.csv","/Users/sharmapk/Desktop/KIDS26-Team13/examples/EZH2_mutations/input_files/ezh2_coordinates.csv","EZH2_trials900_plddt90",20260916,2,2,0.5,0.05,"dense","available","/Users/sharmapk/Desktop/KIDS26-Team13/analysis/mutation_plddt_trials/results/runs/EZH2_trials900_plddt90"
"EZH2",1000,90,TRUE,"/Users/sharmapk/Desktop/KIDS26-Team13/examples/EZH2_mutations/input_files/ezh2_start_end.csv","/Users/sharmapk/Desktop/KIDS26-Team13/examples/EZH2_mutations/input_files/ezh2_coordinates.csv","EZH2_trials1000_plddt90",20260916,2,2,0.5,0.05,"dense","available","/Users/sharmapk/Desktop/KIDS26-Team13/analysis/mutation_plddt_trials/results/runs/EZH2_trials1000_plddt90"
"LEF1",100,0,TRUE,"/Users/sharmapk/Desktop/KIDS26-Team13/examples/LEF1_mutations/input_files/lef1_start_end.csv","/Users/sharmapk/Desktop/KIDS26-Team13/examples/LEF1_mutations/input_files/lef1_coordinates.csv","LEF1_trials100_plddt0",20260916,2,2,0.5,0.05,"dense","available","/Users/sharmapk/Desktop/KIDS26-Team13/analysis/mutation_plddt_trials/results/runs/LEF1_trials100_plddt0"
"LEF1",200,0,TRUE,"/Users/sharmapk/Desktop/KIDS26-Team13/examples/LEF1_mutations/input_files/lef1_start_end.csv","/Users/sharmapk/Desktop/KIDS26-Team13/examples/LEF1_mutations/input_files/lef1_coordinates.csv","LEF1_trials200_plddt0",20260916,2,2,0.5,0.05,"dense","available","/Users/sharmapk/Desktop/KIDS26-Team13/analysis/mutation_plddt_trials/results/runs/LEF1_trials200_plddt0"
"LEF1",300,0,TRUE,"/Users/sharmapk/Desktop/KIDS26-Team13/examples/LEF1_mutations/input_files/lef1_start_end.csv","/Users/sharmapk/Desktop/KIDS26-Team13/examples/LEF1_mutations/input_files/lef1_coordinates.csv","LEF1_trials300_plddt0",20260916,2,2,0.5,0.05,"dense","available","/Users/sharmapk/Desktop/KIDS26-Team13/analysis/mutation_plddt_trials/results/runs/LEF1_trials300_plddt0"
"LEF1",400,0,TRUE,"/Users/sharmapk/Desktop/KIDS26-Team13/examples/LEF1_mutations/input_files/lef1_start_end.csv","/Users/sharmapk/Desktop/KIDS26-Team13/examples/LEF1_mutations/input_files/lef1_coordinates.csv","LEF1_trials400_plddt0",20260916,2,2,0.5,0.05,"dense","available","/Users/sharmapk/Desktop/KIDS26-Team13/analysis/mutation_plddt_trials/results/runs/LEF1_trials400_plddt0"
"LEF1",500,0,TRUE,"/Users/sharmapk/Desktop/KIDS26-Team13/examples/LEF1_mutations/input_files/lef1_start_end.csv","/Users/sharmapk/Desktop/KIDS26-Team13/examples/LEF1_mutations/input_files/lef1_coordinates.csv","LEF1_trials500_plddt0",20260916,2,2,0.5,0.05,"dense","available","/Users/sharmapk/Desktop/KIDS26-Team13/analysis/mutation_plddt_trials/results/runs/LEF1_trials500_plddt0"
"LEF1",600,0,TRUE,"/Users/sharmapk/Desktop/KIDS26-Team13/examples/LEF1_mutations/input_files/lef1_start_end.csv","/Users/sharmapk/Desktop/KIDS26-Team13/examples/LEF1_mutations/input_files/lef1_coordinates.csv","LEF1_trials600_plddt0",20260916,2,2,0.5,0.05,"dense","available","/Users/sharmapk/Desktop/KIDS26-Team13/analysis/mutation_plddt_trials/results/runs/LEF1_trials600_plddt0"
"LEF1",700,0,TRUE,"/Users/sharmapk/Desktop/KIDS26-Team13/examples/LEF1_mutations/input_files/lef1_start_end.csv","/Users/sharmapk/Desktop/KIDS26-Team13/examples/LEF1_mutations/input_files/lef1_coordinates.csv","LEF1_trials700_plddt0",20260916,2,2,0.5,0.05,"dense","available","/Users/sharmapk/Desktop/KIDS26-Team13/analysis/mutation_plddt_trials/results/runs/LEF1_trials700_plddt0"
"LEF1",800,0,TRUE,"/Users/sharmapk/Desktop/KIDS26-Team13/examples/LEF1_mutations/input_files/lef1_start_end.csv","/Users/sharmapk/Desktop/KIDS26-Team13/examples/LEF1_mutations/input_files/lef1_coordinates.csv","LEF1_trials800_plddt0",20260916,2,2,0.5,0.05,"dense","available","/Users/sharmapk/Desktop/KIDS26-Team13/analysis/mutation_plddt_trials/results/runs/LEF1_trials800_plddt0"
"LEF1",900,0,TRUE,"/Users/sharmapk/Desktop/KIDS26-Team13/examples/LEF1_mutations/input_files/lef1_start_end.csv","/Users/sharmapk/Desktop/KIDS26-Team13/examples/LEF1_mutations/input_files/lef1_coordinates.csv","LEF1_trials900_plddt0",20260916,2,2,0.5,0.05,"dense","available","/Users/sharmapk/Desktop/KIDS26-Team13/analysis/mutation_plddt_trials/results/runs/LEF1_trials900_plddt0"
"LEF1",1000,0,TRUE,"/Users/sharmapk/Desktop/KIDS26-Team13/examples/LEF1_mutations/input_files/lef1_start_end.csv","/Users/sharmapk/Desktop/KIDS26-Team13/examples/LEF1_mutations/input_files/lef1_coordinates.csv","LEF1_trials1000_plddt0",20260916,2,2,0.5,0.05,"dense","available","/Users/sharmapk/Desktop/KIDS26-Team13/analysis/mutation_plddt_trials/results/runs/LEF1_trials1000_plddt0"
"LEF1",100,70,TRUE,"/Users/sharmapk/Desktop/KIDS26-Team13/examples/LEF1_mutations/input_files/lef1_start_end.csv","/Users/sharmapk/Desktop/KIDS26-Team13/examples/LEF1_mutations/input_files/lef1_coordinates.csv","LEF1_trials100_plddt70",20260916,2,2,0.5,0.05,"dense","available","/Users/sharmapk/Desktop/KIDS26-Team13/analysis/mutation_plddt_trials/results/runs/LEF1_trials100_plddt70"
"LEF1",200,70,TRUE,"/Users/sharmapk/Desktop/KIDS26-Team13/examples/LEF1_mutations/input_files/lef1_start_end.csv","/Users/sharmapk/Desktop/KIDS26-Team13/examples/LEF1_mutations/input_files/lef1_coordinates.csv","LEF1_trials200_plddt70",20260916,2,2,0.5,0.05,"dense","available","/Users/sharmapk/Desktop/KIDS26-Team13/analysis/mutation_plddt_trials/results/runs/LEF1_trials200_plddt70"
"LEF1",300,70,TRUE,"/Users/sharmapk/Desktop/KIDS26-Team13/examples/LEF1_mutations/input_files/lef1_start_end.csv","/Users/sharmapk/Desktop/KIDS26-Team13/examples/LEF1_mutations/input_files/lef1_coordinates.csv","LEF1_trials300_plddt70",20260916,2,2,0.5,0.05,"dense","available","/Users/sharmapk/Desktop/KIDS26-Team13/analysis/mutation_plddt_trials/results/runs/LEF1_trials300_plddt70"
"LEF1",400,70,TRUE,"/Users/sharmapk/Desktop/KIDS26-Team13/examples/LEF1_mutations/input_files/lef1_start_end.csv","/Users/sharmapk/Desktop/KIDS26-Team13/examples/LEF1_mutations/input_files/lef1_coordinates.csv","LEF1_trials400_plddt70",20260916,2,2,0.5,0.05,"dense","available","/Users/sharmapk/Desktop/KIDS26-Team13/analysis/mutation_plddt_trials/results/runs/LEF1_trials400_plddt70"
"LEF1",500,70,TRUE,"/Users/sharmapk/Desktop/KIDS26-Team13/examples/LEF1_mutations/input_files/lef1_start_end.csv","/Users/sharmapk/Desktop/KIDS26-Team13/examples/LEF1_mutations/input_files/lef1_coordinates.csv","LEF1_trials500_plddt70",20260916,2,2,0.5,0.05,"dense","available","/Users/sharmapk/Desktop/KIDS26-Team13/analysis/mutation_plddt_trials/results/runs/LEF1_trials500_plddt70"
"LEF1",600,70,TRUE,"/Users/sharmapk/Desktop/KIDS26-Team13/examples/LEF1_mutations/input_files/lef1_start_end.csv","/Users/sharmapk/Desktop/KIDS26-Team13/examples/LEF1_mutations/input_files/lef1_coordinates.csv","LEF1_trials600_plddt70",20260916,2,2,0.5,0.05,"dense","available","/Users/sharmapk/Desktop/KIDS26-Team13/analysis/mutation_plddt_trials/results/runs/LEF1_trials600_plddt70"
"LEF1",700,70,TRUE,"/Users/sharmapk/Desktop/KIDS26-Team13/examples/LEF1_mutations/input_files/lef1_start_end.csv","/Users/sharmapk/Desktop/KIDS26-Team13/examples/LEF1_mutations/input_files/lef1_coordinates.csv","LEF1_trials700_plddt70",20260916,2,2,0.5,0.05,"dense","available","/Users/sharmapk/Desktop/KIDS26-Team13/analysis/mutation_plddt_trials/results/runs/LEF1_trials700_plddt70"
"LEF1",800,70,TRUE,"/Users/sharmapk/Desktop/KIDS26-Team13/examples/LEF1_mutations/input_files/lef1_start_end.csv","/Users/sharmapk/Desktop/KIDS26-Team13/examples/LEF1_mutations/input_files/lef1_coordinates.csv","LEF1_trials800_plddt70",20260916,2,2,0.5,0.05,"dense","available","/Users/sharmapk/Desktop/KIDS26-Team13/analysis/mutation_plddt_trials/results/runs/LEF1_trials800_plddt70"
"LEF1",900,70,TRUE,"/Users/sharmapk/Desktop/KIDS26-Team13/examples/LEF1_mutations/input_files/lef1_start_end.csv","/Users/sharmapk/Desktop/KIDS26-Team13/examples/LEF1_mutations/input_files/lef1_coordinates.csv","LEF1_trials900_plddt70",20260916,2,2,0.5,0.05,"dense","available","/Users/sharmapk/Desktop/KIDS26-Team13/analysis/mutation_plddt_trials/results/runs/LEF1_trials900_plddt70"
"LEF1",1000,70,TRUE,"/Users/sharmapk/Desktop/KIDS26-Team13/examples/LEF1_mutations/input_files/lef1_start_end.csv","/Users/sharmapk/Desktop/KIDS26-Team13/examples/LEF1_mutations/input_files/lef1_coordinates.csv","LEF1_trials1000_plddt70",20260916,2,2,0.5,0.05,"dense","available","/Users/sharmapk/Desktop/KIDS26-Team13/analysis/mutation_plddt_trials/results/runs/LEF1_trials1000_plddt70"
"LEF1",100,90,TRUE,"/Users/sharmapk/Desktop/KIDS26-Team13/examples/LEF1_mutations/input_files/lef1_start_end.csv","/Users/sharmapk/Desktop/KIDS26-Team13/examples/LEF1_mutations/input_files/lef1_coordinates.csv","LEF1_trials100_plddt90",20260916,2,2,0.5,0.05,"dense","available","/Users/sharmapk/Desktop/KIDS26-Team13/analysis/mutation_plddt_trials/results/runs/LEF1_trials100_plddt90"
"LEF1",200,90,TRUE,"/Users/sharmapk/Desktop/KIDS26-Team13/examples/LEF1_mutations/input_files/lef1_start_end.csv","/Users/sharmapk/Desktop/KIDS26-Team13/examples/LEF1_mutations/input_files/lef1_coordinates.csv","LEF1_trials200_plddt90",20260916,2,2,0.5,0.05,"dense","available","/Users/sharmapk/Desktop/KIDS26-Team13/analysis/mutation_plddt_trials/results/runs/LEF1_trials200_plddt90"
"LEF1",300,90,TRUE,"/Users/sharmapk/Desktop/KIDS26-Team13/examples/LEF1_mutations/input_files/lef1_start_end.csv","/Users/sharmapk/Desktop/KIDS26-Team13/examples/LEF1_mutations/input_files/lef1_coordinates.csv","LEF1_trials300_plddt90",20260916,2,2,0.5,0.05,"dense","available","/Users/sharmapk/Desktop/KIDS26-Team13/analysis/mutation_plddt_trials/results/runs/LEF1_trials300_plddt90"
"LEF1",400,90,TRUE,"/Users/sharmapk/Desktop/KIDS26-Team13/examples/LEF1_mutations/input_files/lef1_start_end.csv","/Users/sharmapk/Desktop/KIDS26-Team13/examples/LEF1_mutations/input_files/lef1_coordinates.csv","LEF1_trials400_plddt90",20260916,2,2,0.5,0.05,"dense","available","/Users/sharmapk/Desktop/KIDS26-Team13/analysis/mutation_plddt_trials/results/runs/LEF1_trials400_plddt90"
"LEF1",500,90,TRUE,"/Users/sharmapk/Desktop/KIDS26-Team13/examples/LEF1_mutations/input_files/lef1_start_end.csv","/Users/sharmapk/Desktop/KIDS26-Team13/examples/LEF1_mutations/input_files/lef1_coordinates.csv","LEF1_trials500_plddt90",20260916,2,2,0.5,0.05,"dense","available","/Users/sharmapk/Desktop/KIDS26-Team13/analysis/mutation_plddt_trials/results/runs/LEF1_trials500_plddt90"
"LEF1",600,90,TRUE,"/Users/sharmapk/Desktop/KIDS26-Team13/examples/LEF1_mutations/input_files/lef1_start_end.csv","/Users/sharmapk/Desktop/KIDS26-Team13/examples/LEF1_mutations/input_files/lef1_coordinates.csv","LEF1_trials600_plddt90",20260916,2,2,0.5,0.05,"dense","available","/Users/sharmapk/Desktop/KIDS26-Team13/analysis/mutation_plddt_trials/results/runs/LEF1_trials600_plddt90"
"LEF1",700,90,TRUE,"/Users/sharmapk/Desktop/KIDS26-Team13/examples/LEF1_mutations/input_files/lef1_start_end.csv","/Users/sharmapk/Desktop/KIDS26-Team13/examples/LEF1_mutations/input_files/lef1_coordinates.csv","LEF1_trials700_plddt90",20260916,2,2,0.5,0.05,"dense","available","/Users/sharmapk/Desktop/KIDS26-Team13/analysis/mutation_plddt_trials/results/runs/LEF1_trials700_plddt90"
"LEF1",800,90,TRUE,"/Users/sharmapk/Desktop/KIDS26-Team13/examples/LEF1_mutations/input_files/lef1_start_end.csv","/Users/sharmapk/Desktop/KIDS26-Team13/examples/LEF1_mutations/input_files/lef1_coordinates.csv","LEF1_trials800_plddt90",20260916,2,2,0.5,0.05,"dense","available","/Users/sharmapk/Desktop/KIDS26-Team13/analysis/mutation_plddt_trials/results/runs/LEF1_trials800_plddt90"
"LEF1",900,90,TRUE,"/Users/sharmapk/Desktop/KIDS26-Team13/examples/LEF1_mutations/input_files/lef1_start_end.csv","/Users/sharmapk/Desktop/KIDS26-Team13/examples/LEF1_mutations/input_files/lef1_coordinates.csv","LEF1_trials900_plddt90",20260916,2,2,0.5,0.05,"dense","available","/Users/sharmapk/Desktop/KIDS26-Team13/analysis/mutation_plddt_trials/results/runs/LEF1_trials900_plddt90"
"LEF1",1000,90,TRUE,"/Users/sharmapk/Desktop/KIDS26-Team13/examples/LEF1_mutations/input_files/lef1_start_end.csv","/Users/sharmapk/Desktop/KIDS26-Team13/examples/LEF1_mutations/input_files/lef1_coordinates.csv","LEF1_trials1000_plddt90",20260916,2,2,0.5,0.05,"dense","available","/Users/sharmapk/Desktop/KIDS26-Team13/analysis/mutation_plddt_trials/results/runs/LEF1_trials1000_plddt90"
