"protein","cluster_id","tree_sources","hotspot_class","significant_1d","significant_3d","significant_any","n_subjects","n_events","n_residues","residues","p_1d_joint","p_3d_joint","p_any_joint"
"FBXW7","SNV_cluster_0001","1D;3D","Sequence-local hotspot also compact in structure",TRUE,TRUE,TRUE,12,12,1,"423",0.0145970805838832,0.0145970805838832,0.0145970805838832
"FBXW7","SNV_cluster_0002","1D;3D","Sequence-local hotspot also compact in structure",TRUE,TRUE,TRUE,129,135,1,"465",0.0145970805838832,0.0145970805838832,0.0145970805838832
"FBXW7","SNV_cluster_0003","1D;3D","Sequence-local hotspot also compact in structure",TRUE,TRUE,TRUE,62,62,1,"479",0.0145970805838832,0.0145970805838832,0.0145970805838832
"FBXW7","SNV_cluster_0004","1D;3D","Sequence-local hotspot also compact in structure",TRUE,TRUE,TRUE,44,45,1,"505",0.0145970805838832,0.0145970805838832,0.0145970805838832
"FBXW7","SNV_cluster_0005","1D;3D","Sequence-local hotspot also compact in structure",TRUE,TRUE,TRUE,24,25,1,"689",0.0145970805838832,0.0145970805838832,0.0145970805838832
"FBXW7","SNV_cluster_0006","1D;3D","Sequence-local hotspot also compact in structure",TRUE,TRUE,TRUE,13,14,2,"422;423",0.0145970805838832,0.0145970805838832,0.0145970805838832
"FBXW7","SNV_cluster_0007","1D;3D","Sequence-local hotspot also compact in structure",TRUE,TRUE,TRUE,63,63,2,"479;480",0.0145970805838832,0.0145970805838832,0.0145970805838832
"FBXW7","SNV_cluster_0008","1D","Sequence-local hotspot also compact in structure",TRUE,TRUE,TRUE,130,136,2,"463;465",0.0145970805838832,0.0145970805838832,0.0145970805838832
"FBXW7","SNV_cluster_0009","3D","Sequence-local hotspot also compact in structure",TRUE,TRUE,TRUE,64,64,3,"479;480;503",0.0145970805838832,0.0145970805838832,0.0145970805838832
"FBXW7","SNV_cluster_0010","3D","Sequence-local hotspot also compact in structure",TRUE,TRUE,TRUE,130,137,2,"465;477",0.0145970805838832,0.0145970805838832,0.0145970805838832
"FBXW7","SNV_cluster_0011","1D","Sequence-local hotspot also compact in structure",TRUE,TRUE,TRUE,45,46,2,"503;505",0.0145970805838832,0.0145970805838832,0.0145970805838832
"FBXW7","SNV_cluster_0012","3D","Sequence-local hotspot also compact in structure",TRUE,TRUE,TRUE,170,182,3,"465;477;505",0.0145970805838832,0.0145970805838832,0.0145970805838832
"FBXW7","SNV_cluster_0013","1D","Sequence-local hotspot also compact in structure",TRUE,TRUE,TRUE,65,65,3,"477;479;480",0.0145970805838832,0.0145970805838832,0.0145970805838832
"FBXW7","SNV_cluster_0014","1D","Sequence-local hotspot also compact in structure",TRUE,TRUE,TRUE,187,201,5,"463;465;477;479;480",0.0145970805838832,0.0145970805838832,0.0145970805838832
"FBXW7","SNV_cluster_0015","1D","Sequence-local hotspot also compact in structure",TRUE,TRUE,TRUE,224,247,7,"463;465;477;479;480;503;505",0.0145970805838832,0.0145970805838832,0.0145970805838832
"FBXW7","SNV_cluster_0016","3D","Sequence-local hotspot also compact in structure",TRUE,TRUE,TRUE,223,246,6,"465;477;479;480;503;505",0.0145970805838832,0.0145970805838832,0.0145970805838832
"FBXW7","SNV_cluster_0017","3D","Sequence-local hotspot also compact in structure",TRUE,TRUE,TRUE,243,273,15,"419;422;423;425;426;437;441;444;463;465;477;479;480;503;505",0.0145970805838832,0.0145970805838832,0.0145970805838832
"FBXW7","SNV_cluster_0018","1D","Sequence-local hotspot also compact in structure",TRUE,TRUE,TRUE,226,253,11,"463;465;477;479;480;503;505;526;544;556;564",0.0145970805838832,0.0145970805838832,0.0145970805838832
"FBXW7","SNV_cluster_0019","1D","Sequence-local hotspot also compact in structure",TRUE,TRUE,TRUE,247,282,21,"385;393;419;422;423;425;426;437;441;444;463;465;477;479;480;503;505;526;544;556;564",0.0145970805838832,0.0145970805838832,0.0145970805838832
"FBXW7","SNV_cluster_0020","1D;3D","Sequence-local hotspot also compact in structure",TRUE,TRUE,TRUE,266,313,26,"385;393;419;422;423;425;426;437;441;444;463;465;477;479;480;503;505;526;544;556;564;611;658;670;673;689",0.0145970805838832,0.0145970805838832,0.0145970805838832
"FBXW7","SNV_cluster_0021","1D;3D","Sequence-local hotspot also compact in structure",TRUE,TRUE,TRUE,270,320,31,"242;268;278;317;321;385;393;419;422;423;425;426;437;441;444;463;465;477;479;480;503;505;526;544;556;564;611;658;670;673;689",0.0145970805838832,0.0145970805838832,0.0145970805838832
"FBXW7","SNV_cluster_0022","3D","Nonlocal, 3D-specific hotspot",FALSE,TRUE,TRUE,26,27,2,"670;689",0.23255348930214,0.0145970805838832,0.0145970805838832
"FBXW7","SNV_cluster_0023","3D","Nonlocal, 3D-specific hotspot",FALSE,TRUE,TRUE,23,25,7,"422;423;425;426;437;441;463",1,0.0145970805838832,0.0145970805838832
"FBXW7","SNV_cluster_0024","3D","Nonlocal, 3D-specific hotspot",FALSE,TRUE,TRUE,29,30,4,"385;670;673;689",1,0.0145970805838832,0.0145970805838832
"FBXW7","SNV_cluster_0025","1D","Linear hotspot without independent 3D enrichment",TRUE,FALSE,TRUE,18,19,5,"419;422;423;425;426",0.022995400919816,0.991601679664067,0.022995400919816
"FBXW7","SNV_cluster_0026","3D","Nonlocal, 3D-specific hotspot",FALSE,TRUE,TRUE,17,19,4,"422;423;441;463",1,0.0481903619276145,0.0481903619276145
"FBXW7","SNV_cluster_0027","1D","Weak clustering evidence",FALSE,FALSE,FALSE,25,26,8,"419;422;423;425;426;437;441;444",0.99500099980004,0.0579884023195361,0.0579884023195361
"FBXW7","SNV_cluster_0028","1D","Weak clustering evidence",FALSE,FALSE,FALSE,14,15,3,"419;422;423",0.0753849230153969,0.831433713257348,0.0753849230153969
"FBXW7","SNV_cluster_0029","3D","Weak clustering evidence",FALSE,FALSE,FALSE,25,27,9,"419;422;423;425;426;437;441;444;463",1,0.134573085382923,0.134573085382923
"FBXW7","SNV_cluster_0030","1D","Weak clustering evidence",FALSE,FALSE,FALSE,28,29,4,"658;670;673;689",0.998400319936013,1,0.998400319936013
"FBXW7","SNV_cluster_0031","1D;3D","Weak clustering evidence",FALSE,FALSE,FALSE,3,3,1,"278",1,1,1
"FBXW7","SNV_cluster_0032","1D;3D","Weak clustering evidence",FALSE,FALSE,FALSE,2,2,1,"385",1,1,1
"FBXW7","SNV_cluster_0033","1D;3D","Weak clustering evidence",FALSE,FALSE,FALSE,2,2,1,"422",1,1,1
"FBXW7","SNV_cluster_0034","1D;3D","Weak clustering evidence",FALSE,FALSE,FALSE,3,3,1,"425",1,1,1
"FBXW7","SNV_cluster_0035","1D;3D","Weak clustering evidence",FALSE,FALSE,FALSE,2,2,1,"437",1,1,1
"FBXW7","SNV_cluster_0036","1D;3D","Weak clustering evidence",FALSE,FALSE,FALSE,4,4,1,"441",1,1,1
"FBXW7","SNV_cluster_0037","1D;3D","Weak clustering evidence",FALSE,FALSE,FALSE,2,2,1,"477",1,1,1
"FBXW7","SNV_cluster_0038","1D;3D","Weak clustering evidence",FALSE,FALSE,FALSE,3,3,1,"564",1,1,1
"FBXW7","SNV_cluster_0039","1D;3D","Weak clustering evidence",FALSE,FALSE,FALSE,2,2,1,"611",1,1,1
"FBXW7","SNV_cluster_0040","1D;3D","Weak clustering evidence",FALSE,FALSE,FALSE,2,2,1,"670",1,1,1
"FBXW7","SNV_cluster_0041","1D;3D","Weak clustering evidence",FALSE,FALSE,FALSE,4,4,2,"425;426",1,1,1
"FBXW7","SNV_cluster_0042","3D","Weak clustering evidence",FALSE,FALSE,FALSE,4,5,2,"441;463",1,1,1
"FBXW7","SNV_cluster_0043","1D;3D","Weak clustering evidence",FALSE,FALSE,FALSE,4,4,2,"556;564",1,1,1
"FBXW7","SNV_cluster_0044","3D","Weak clustering evidence",FALSE,FALSE,FALSE,6,6,3,"425;426;437",1,1,1
"FBXW7","SNV_cluster_0045","1D;3D","Weak clustering evidence",FALSE,FALSE,FALSE,2,2,2,"317;321",1,1,1
"FBXW7","SNV_cluster_0046","3D","Weak clustering evidence",FALSE,FALSE,FALSE,3,3,2,"385;673",1,1,1
"FBXW7","SNV_cluster_0047","3D","Weak clustering evidence",FALSE,FALSE,FALSE,2,2,2,"419;444",1,1,1
"FBXW7","SNV_cluster_0048","1D","Weak clustering evidence",FALSE,FALSE,FALSE,3,3,2,"670;673",1,1,1
"FBXW7","SNV_cluster_0049","1D","Weak clustering evidence",FALSE,FALSE,FALSE,7,7,3,"437;441;444",1,1,1
"FBXW7","SNV_cluster_0050","1D","Weak clustering evidence",FALSE,FALSE,FALSE,5,5,2,"441;444",1,1,1
"FBXW7","SNV_cluster_0051","3D","Weak clustering evidence",FALSE,FALSE,FALSE,5,5,3,"544;556;564",1,1,1
"FBXW7","SNV_cluster_0052","1D","Weak clustering evidence",FALSE,FALSE,FALSE,2,2,2,"526;544",1,1,1
"FBXW7","SNV_cluster_0053","1D;3D","Weak clustering evidence",FALSE,FALSE,FALSE,4,4,2,"268;278",1,1,1
"FBXW7","SNV_cluster_0054","1D","Weak clustering evidence",FALSE,FALSE,FALSE,3,3,2,"385;393",1,1,1
"FBXW7","SNV_cluster_0055","1D;3D","Weak clustering evidence",FALSE,FALSE,FALSE,6,6,4,"526;544;556;564",1,1,1
"FBXW7","SNV_cluster_0056","1D","Weak clustering evidence",FALSE,FALSE,FALSE,4,4,3,"658;670;673",1,1,1
"FBXW7","SNV_cluster_0057","1D;3D","Weak clustering evidence",FALSE,FALSE,FALSE,5,5,3,"242;268;278",1,1,1
"FBXW7","SNV_cluster_0058","3D","Weak clustering evidence",FALSE,FALSE,FALSE,8,8,5,"526;544;556;564;611",1,1,1
"FBXW7","SNV_cluster_0059","1D","Weak clustering evidence",FALSE,FALSE,FALSE,28,29,10,"385;393;419;422;423;425;426;437;441;444",1,1,1
"FBXW7","SNV_cluster_0060","3D","Weak clustering evidence",FALSE,FALSE,FALSE,30,31,5,"385;658;670;673;689",1,1,1
"FBXW7","SNV_cluster_0061","3D","Weak clustering evidence",FALSE,FALSE,FALSE,31,32,6,"385;393;658;670;673;689",1,1,1
"FBXW7","SNV_cluster_0062","1D","Weak clustering evidence",FALSE,FALSE,FALSE,30,31,5,"611;658;670;673;689",1,1,1
"FBXW7","SNV_cluster_0063","3D","Weak clustering evidence",FALSE,FALSE,FALSE,39,40,11,"385;393;526;544;556;564;611;658;670;673;689",1,1,1
"FBXW7","SNV_cluster_0064","1D;3D","Weak clustering evidence",FALSE,FALSE,FALSE,7,7,5,"242;268;278;317;321",1,1,1
"FBXW7","INDEL_cluster_0001","3D","Weak clustering evidence",FALSE,FALSE,FALSE,12,18,16,"360;363;365;366;396;400;403;463;465;494;654;656;657;660;668;690",0.380523895220956,0.285742851429714,0.285742851429714
"FBXW7","INDEL_cluster_0002","1D","Weak clustering evidence",FALSE,FALSE,FALSE,4,5,5,"654;656;657;660;668",0.62127574485103,1,0.62127574485103
"FBXW7","INDEL_cluster_0003","3D","Weak clustering evidence",FALSE,FALSE,FALSE,5,7,5,"396;400;403;463;465",1,0.628874225154969,0.628874225154969
"FBXW7","INDEL_cluster_0004","1D","Weak clustering evidence",FALSE,FALSE,FALSE,5,6,6,"654;656;657;660;668;690",0.734853029394121,1,0.734853029394121
"FBXW7","INDEL_cluster_0005","1D","Weak clustering evidence",FALSE,FALSE,FALSE,3,4,4,"654;656;657;660",0.896420715856829,1,0.896420715856829
"FBXW7","INDEL_cluster_0006","1D;3D","Weak clustering evidence",FALSE,FALSE,FALSE,12,19,17,"268;360;363;365;366;396;400;403;463;465;494;654;656;657;660;668;690",0.964807038592282,0.944211157768446,0.944211157768446
"FBXW7","INDEL_cluster_0007","1D;3D","Weak clustering evidence",FALSE,FALSE,FALSE,3,3,3,"396;400;403",0.962407518496301,0.997200559888022,0.962407518496301
"FBXW7","INDEL_cluster_0008","1D","Weak clustering evidence",FALSE,FALSE,FALSE,7,12,10,"360;363;365;366;396;400;403;463;465;494",0.962607478504299,1,0.962607478504299
"FBXW7","INDEL_cluster_0009","3D","Weak clustering evidence",FALSE,FALSE,FALSE,6,8,6,"396;400;403;463;465;494",0.988202359528094,0.970805838832234,0.970805838832234
"FBXW7","INDEL_cluster_0010","1D","Weak clustering evidence",FALSE,FALSE,FALSE,8,13,11,"268;360;363;365;366;396;400;403;463;465;494",0.981003799240152,0.999600079984003,0.981003799240152
"FBXW7","INDEL_cluster_0011","3D","Weak clustering evidence",FALSE,FALSE,FALSE,4,6,6,"365;366;654;656;657;660",1,0.985802839432114,0.985802839432114
"FBXW7","INDEL_cluster_0012","3D","Weak clustering evidence",FALSE,FALSE,FALSE,2,2,2,"396;403",1,1,1
"FBXW7","INDEL_cluster_0013","1D;3D","Weak clustering evidence",FALSE,FALSE,FALSE,2,4,2,"463;465",1,1,1
"FBXW7","INDEL_cluster_0014","1D","Weak clustering evidence",FALSE,FALSE,FALSE,2,2,2,"400;403",1,1,1
"FBXW7","INDEL_cluster_0015","3D","Weak clustering evidence",FALSE,FALSE,FALSE,2,2,2,"668;690",1,1,1
"FBXW7","INDEL_cluster_0016","1D;3D","Weak clustering evidence",FALSE,FALSE,FALSE,2,3,3,"654;656;657",1,1,1
"FBXW7","INDEL_cluster_0017","3D","Weak clustering evidence",FALSE,FALSE,FALSE,2,3,3,"365;366;660",1,1,1
"FBXW7","INDEL_cluster_0018","1D","Weak clustering evidence",FALSE,FALSE,FALSE,3,5,3,"463;465;494",1,1,1
"FBXW7","INDEL_cluster_0019","3D","Weak clustering evidence",FALSE,FALSE,FALSE,4,8,8,"360;363;365;366;654;656;657;660",1,1,1
"FBXW7","INDEL_cluster_0020","1D","Weak clustering evidence",FALSE,FALSE,FALSE,4,7,7,"360;363;365;366;396;400;403",1,1,1
"FBXW7","INDEL_cluster_0021","3D","Weak clustering evidence",FALSE,FALSE,FALSE,6,10,10,"360;363;365;366;654;656;657;660;668;690",1,1,1
