"ID","chrom","loc.start","loc.end","lsn.type","gene_overlap_start","gene_overlap_end","gene_overlap_bp","covers_complete_gene"
"PAVESF","10",87864501,87930200,"HOMDEL",87864501,87930200,65700,FALSE
"PAUYJE","10",87865101,87944400,"HOMDEL",87865101,87944400,79300,FALSE
"PAUHYI","10",87890401,87930000,"HOMDEL",87890401,87930000,39600,FALSE
"PASYWF","10",87864801,87869400,"HOMDEL",87864801,87869400,4600,FALSE
"PARMIH","10",87930101,88172400,"HOMDEL",87930101,87971930,41830,FALSE
"PARJPL","10",87869601,88020000,"HOMDEL",87869601,87971930,102330,FALSE
"PAWKZN","10",87865101,88172400,"HOMDEL",87865101,87971930,106830,FALSE
"PAWGDG","10",87892601,89540100,"HOMDEL",87892601,87971930,79330,FALSE
"PAWESJ","10",87861301,87864700,"HOMDEL",87862638,87864700,2063,FALSE
"PAWAIM","10",87865601,87929800,"HOMDEL",87865601,87929800,64200,FALSE
"PAVUCS","10",87865901,87930100,"HOMDEL",87865901,87930100,64200,FALSE
"PAVPEN","10",87930001,88106300,"HOMDEL",87930001,87971930,41930,FALSE
"PAVKPV","10",87865101,87871000,"HOMDEL",87865101,87871000,5900,FALSE
"PAVKPV","10",87871001,87944800,"HOMDEL",87871001,87944800,73800,FALSE
"PAVKPV","10",87944801,88172200,"HOMDEL",87944801,87971930,27130,FALSE
"PAVFIF","10",87865101,87929900,"HOMDEL",87865101,87929900,64800,FALSE
"PAVCHZ","10",87929901,87987400,"HOMDEL",87929901,87971930,42030,FALSE
"PAVAWW","10",87865001,88172400,"HOMDEL",87865001,87971930,106930,FALSE
"PAUYBP","10",87864901,87929900,"HOMDEL",87864901,87929900,65000,FALSE
"PAUUXR","10",87823101,89158700,"HOMDEL",87862638,87971930,109293,TRUE
"PAUMXB","10",87929901,88106300,"HOMDEL",87929901,87971930,42030,FALSE
"PAUADY","10",87864701,87929900,"HOMDEL",87864701,87929900,65200,FALSE
"PATTAC","10",87865101,88172300,"HOMDEL",87865101,87971930,106830,FALSE
"PATSIL","10",87864501,87944600,"HOMDEL",87864501,87944600,80100,FALSE
"PATKKV","10",87865101,87939600,"HOMDEL",87865101,87939600,74500,FALSE
"PATHSL","10",87865101,87930000,"HOMDEL",87865101,87930000,64900,FALSE
"PATHRE","10",87929901,88062500,"HOMDEL",87929901,87971930,42030,FALSE
"PASVKC","10",87864901,88065300,"HOMDEL",87864901,87971930,107030,FALSE
"PASMHF","10",87865201,87930200,"HOMDEL",87865201,87930200,65000,FALSE
"PASHZK","10",87865101,87941300,"HOMDEL",87865101,87941300,76200,FALSE
"PARVHY","10",87864701,87929900,"HOMDEL",87864701,87929900,65200,FALSE
"PARNXJ","10",87865101,88172400,"HOMDEL",87865101,87971930,106830,FALSE
"PARMJA","10",87865101,87894700,"HOMDEL",87865101,87894700,29600,FALSE
"PAUPVR","10",87865101,87944400,"HOMDEL",87865101,87944400,79300,FALSE
"PAUEGE","10",87864701,87929900,"HOMDEL",87864701,87929900,65200,FALSE
"PAUEFL","10",87713501,88569400,"HOMDEL",87862638,87971930,109293,TRUE
"PAURXZ","10",86826801,87971200,"HOMDEL",87862638,87971200,108563,FALSE
"PAUUZY","10",87317301,88946400,"HOMDEL",87862638,87971930,109293,TRUE
"PAULMU","10",87964001,88024500,"HOMDEL",87964001,87971930,7930,FALSE
"PAVPCB","10",87864701,87929900,"HOMDEL",87864701,87929900,65200,FALSE
"PAUSLR","10",87845501,88387700,"HOMDEL",87862638,87971930,109293,TRUE
"PARSJG","10",87929901,87971400,"HOMDEL",87929901,87971400,41500,FALSE
"PAVZXK","10",87867401,88172200,"HETDEL",87867401,87971930,104530,FALSE
"PAWFYE","10",87865101,87952800,"HETDEL",87865101,87952800,87700,FALSE
"PAVUYY","10",87857418,88967728,"HETDEL",87862638,87971930,109293,TRUE
"PATGLV","10",87869101,87988400,"HETDEL",87869101,87971930,102830,FALSE
"PARIET","10",87864501,87929900,"HETDEL",87864501,87929900,65400,FALSE
"PAVESV","10",87930301,87941300,"HETDEL",87930301,87941300,11000,FALSE
"PAUNBU","10",87866401,88172300,"HETDEL",87866401,87971930,105530,FALSE
"PAVAPE","10",87929901,88041300,"HETDEL",87929901,87971930,42030,FALSE
"PAWJUJ","10",87865101,88172500,"HETDEL",87865101,87971930,106830,FALSE
"PAVPGA","10",87930301,88373100,"HETDEL",87930301,87971930,41630,FALSE
"PAVKJU","10",87864901,87930100,"HETDEL",87864901,87930100,65200,FALSE
"PAVIDN","10",87865301,87941200,"HETDEL",87865301,87941200,75900,FALSE
"PAVGMF","10",87863701,87929900,"HETDEL",87863701,87929900,66200,FALSE
"PAVESF","10",87930201,88172400,"HETDEL",87930201,87971930,41730,FALSE
"PAVDJU","10",87864501,87940700,"HETDEL",87864501,87940700,76200,FALSE
"PAVCRK","10",87861267,87864719,"HETDEL",87862638,87864719,2082,FALSE
"PAVAWP","10",87865101,88172100,"HETDEL",87865101,87971930,106830,FALSE
"PAUYJE","10",87945601,88172300,"HETDEL",87945601,87971930,26330,FALSE
"PAUWXI","10",87787701,91919800,"HETDEL",87862638,87971930,109293,TRUE
"PAUWUY","10",87865101,88172400,"HETDEL",87865101,87971930,106830,FALSE
"PAUTBD","10",87927701,88106400,"HETDEL",87927701,87971930,44230,FALSE
"PAURLU","10",87930601,87959300,"HETDEL",87930601,87959300,28700,FALSE
"PAUIEM","10",87866401,87894400,"HETDEL",87866401,87894400,28000,FALSE
"PAUIEM","10",87929701,87971400,"HETDEL",87929701,87971400,41700,FALSE
"PAUHYI","10",87864801,87890400,"HETDEL",87864801,87890400,25600,FALSE
"PAUHYI","10",87930001,87937900,"HETDEL",87930001,87937900,7900,FALSE
"PAUGLY","10",87866401,88028400,"HETDEL",87866401,87971930,105530,FALSE
"PAUGDZ","10",87788201,87864700,"HETDEL",87862638,87864700,2063,FALSE
"PAUGAP","10",87865701,87930000,"HETDEL",87865701,87930000,64300,FALSE
"PAUCFC","10",87865101,87894400,"HETDEL",87865101,87894400,29300,FALSE
"PATZXK","10",87869801,87892300,"HETDEL",87869801,87892300,22500,FALSE
"PATZXK","10",87892301,88172400,"HETDEL",87892301,87971930,79630,FALSE
"PATKVD","10",87865001,87953500,"HETDEL",87865001,87953500,88500,FALSE
"PATCTR","10",87865701,87930000,"HETDEL",87865701,87930000,64300,FALSE
"PATBTX","10",87865701,87929100,"HETDEL",87865701,87929100,63400,FALSE
"PATBGH","10",87334901,89059000,"HETDEL",87862638,87971930,109293,TRUE
"PASYWF","10",87830601,87864800,"HETDEL",87862638,87864800,2163,FALSE
"PASYWF","10",87869401,88172400,"HETDEL",87869401,87971930,102530,FALSE
"PASYVU","10",87865101,88172400,"HETDEL",87865101,87971930,106830,FALSE
"PASPLG","10",87930101,87971400,"HETDEL",87930101,87971400,41300,FALSE
"PASPDS","10",87865901,87929900,"HETDEL",87865901,87929900,64000,FALSE
"PASKAD","10",87865101,87944400,"HETDEL",87865101,87944400,79300,FALSE
"PARMIH","10",87865301,87930100,"HETDEL",87865301,87930100,64800,FALSE
"PARJPL","10",87501301,87869600,"HETDEL",87862638,87869600,6963,FALSE
"PAWKIT","10",87865101,87939000,"HETDEL",87865101,87939000,73900,FALSE
"PAWGYW","10",87867701,88373100,"HETDEL",87867701,87971930,104230,FALSE
"PAWAYT","10",87668501,88619000,"HETDEL",87862638,87971930,109293,TRUE
"PAWAIN","10",87861258,87864720,"HETDEL",87862638,87864720,2083,FALSE
"PAWAIM","10",87929801,87939600,"HETDEL",87929801,87939600,9800,FALSE
"PAVRYP","10",87865654,87929931,"HETDEL",87865654,87929931,64278,FALSE
"PAVRUJ","10",87929901,87941200,"HETDEL",87929901,87941200,11300,FALSE
"PAVKUU","10",87864701,87866800,"HETDEL",87864701,87866800,2100,FALSE
"PAVKUU","10",87866801,88062500,"HETDEL",87866801,87971930,105130,FALSE
"PAVBCW","10",87861269,87864717,"HETDEL",87862638,87864717,2080,FALSE
"PAVBCW","10",87930101,88059500,"HETDEL",87930101,87971930,41830,FALSE
"PAVAJG","10",87864601,87929900,"HETDEL",87864601,87929900,65300,FALSE
"PAUYIK","10",87861201,87929700,"HETDEL",87862638,87929700,67063,FALSE
"PAUYBP","10",87929901,87944800,"HETDEL",87929901,87944800,14900,FALSE
"PAUXYI","10",87865101,87867900,"HETDEL",87865101,87867900,2800,FALSE
"PAUXYI","10",87867901,88172500,"HETDEL",87867901,87971930,104030,FALSE
"PAUVWZ","10",87870701,87944400,"HETDEL",87870701,87944400,73700,FALSE
"PAUVUJ","10",87865501,88172400,"HETDEL",87865501,87971930,106430,FALSE
"PAUMXB","10",87863401,87929900,"HETDEL",87863401,87929900,66500,FALSE
"PAUMKW","10",87863001,88172700,"HETDEL",87863001,87971930,108930,FALSE
"PAUJYN","10",87695401,87921500,"HETDEL",87862638,87921500,58863,FALSE
"PAUJYN","10",87921501,87930000,"HETDEL",87921501,87930000,8500,FALSE
"PAUJYN","10",87930001,88511700,"HETDEL",87930001,87971930,41930,FALSE
"PAUEIL","10",87814701,88780700,"HETDEL",87862638,87971930,109293,TRUE
"PATXNK","10",87865301,88172400,"HETDEL",87865301,87971930,106630,FALSE
"PATSIL","10",87501201,87864300,"HETDEL",87862638,87864300,1663,FALSE
"PATSIL","10",87944601,89720200,"HETDEL",87944601,87971930,27330,FALSE
"PATLUU","10",87877601,89943600,"HETDEL",87877601,87971930,94330,FALSE
"PATKPW","10",87867801,87971000,"HETDEL",87867801,87971000,103200,FALSE
"PATKKV","10",87942101,88268600,"HETDEL",87942101,87971930,29830,FALSE
"PATHSL","10",87930001,88150600,"HETDEL",87930001,87971930,41930,FALSE
"PATHRE","10",87865101,87929900,"HETDEL",87865101,87929900,64800,FALSE
"PATDEK","10",87864501,87944500,"HETDEL",87864501,87944500,80000,FALSE
"PATCWW","10",87865101,87944300,"HETDEL",87865101,87944300,79200,FALSE
"PASXAY","10",86521501,89644100,"HETDEL",87862638,87971930,109293,TRUE
"PASVZJ","10",87865101,87944300,"HETDEL",87865101,87944300,79200,FALSE
"PASMHF","10",87930201,88172400,"HETDEL",87930201,87971930,41730,FALSE
"PASIJX","10",86071301,87862700,"HETDEL",87862638,87862700,63,FALSE
"PASIJX","10",87862701,87929800,"HETDEL",87862701,87929800,67100,FALSE
"PASIJX","10",87929801,88499200,"HETDEL",87929801,87971930,42130,FALSE
"PASFSI","10",87805501,88172400,"HETDEL",87862638,87971930,109293,TRUE
"PARXHT","10",87864801,88172400,"HETDEL",87864801,87971930,107130,FALSE
"PARMJA","10",87894701,87939600,"HETDEL",87894701,87939600,44900,FALSE
"PARGHJ","10",87865101,88172400,"HETDEL",87865101,87971930,106830,FALSE
"PARBTF","10",87865201,87940100,"HETDEL",87865201,87940100,74900,FALSE
"PARBTF","10",87940101,88172600,"HETDEL",87940101,87971930,31830,FALSE
"PAVSZX","10",87861301,87969100,"HETDEL",87862638,87969100,106463,FALSE
"PAVEUT","10",87863401,87930500,"HETDEL",87863401,87930500,67100,FALSE
"PAVFAC","10",87865101,87941300,"HETDEL",87865101,87941300,76200,FALSE
"PAUPVR","10",87944401,88172300,"HETDEL",87944401,87971930,27530,FALSE
"PAUEGE","10",87929901,88172200,"HETDEL",87929901,87971930,42030,FALSE
"PAVRLT","10",87865101,88172200,"HETDEL",87865101,87971930,106830,FALSE
"PATUWK","10",87929501,87958000,"HETDEL",87929501,87958000,28500,FALSE
"PATKWU","10",87150001,87943900,"HETDEL",87862638,87943900,81263,FALSE
"PASLXY","10",87865701,87929900,"HETDEL",87865701,87929900,64200,FALSE
"PASGEC","10",87521401,89223000,"HETDEL",87862638,87971930,109293,TRUE
"PAWCUT","10",87865092,87944333,"HETDEL",87865092,87944333,79242,FALSE
"PAVMVL","10",87865104,88172379,"HETDEL",87865104,87971930,106827,FALSE
"PAURXZ","10",87971201,89336700,"HETDEL",87971201,87971930,730,FALSE
"PAUKMA","10",87857701,87894300,"HETDEL",87862638,87894300,31663,FALSE
"PATDRC","10",87353101,93863400,"HETDEL",87862638,87971930,109293,TRUE
"PAWGTV","10",76501201,88966900,"HETDEL",87862638,87971930,109293,TRUE
"PAWFBT","10",86595301,89978600,"HETDEL",87862638,87971930,109293,TRUE
"PAVKLI","10",87248401,90881500,"HETDEL",87862638,87971930,109293,TRUE
"PAULMU","10",86095901,87964000,"HETDEL",87862638,87964000,101363,FALSE
"PATHJF","10",87779001,88589900,"HETDEL",87862638,87971930,109293,TRUE
"PAWCXD","10",53699301,100594100,"GAIN",87862638,87971930,109293,TRUE
"PAWAFV","10",49472281,87873055,"GAIN",87862638,87873055,10418,FALSE
"PATRTG","10",25940943,121328588,"GAIN",87862638,87971930,109293,TRUE
"PAWDXE","10",74961901,91128800,"GAIN",87862638,87971930,109293,TRUE
"PAUTBB","10",87897701,91025000,"GAIN",87897701,87971930,74230,FALSE
"PAWGIT","10",87936401,88958500,"GAIN",87936401,87971930,35530,FALSE
"PAWFNJ","10",87957567,87958464,"GAIN",87957567,87958464,898,FALSE
"PAUPFF","10",76501201,93785800,"GAIN",87862638,87971930,109293,TRUE
"PASXUC","10",32120601,130180100,"GAIN",87862638,87971930,109293,TRUE
"PASIWE","10",76501201,91871100,"GAIN",87862638,87971930,109293,TRUE
"PARUCV","10",76501301,105292700,"GAIN",87862638,87971930,109293,TRUE
"PARHBT","10",77602901,94523800,"GAIN",87862638,87971930,109293,TRUE
"PAVARZ","10",79150601,97500600,"GAIN",87862638,87971930,109293,TRUE
"PATALJ","10",87928695,87933239,"GAIN",87928695,87933239,4545,FALSE
"PAWGPI","10",85537301,91411800,"GAIN",87862638,87971930,109293,TRUE
"PAVLGT","10",79496301,112352000,"GAIN",87862638,87971930,109293,TRUE
"PAUNZE","10",76501401,106114000,"GAIN",87862638,87971930,109293,TRUE
"PAUNDK","10",64800001,132783200,"GAIN",87862638,87971930,109293,TRUE
"PAUEYF","10",73621701,133787300,"GAIN",87862638,87971930,109293,TRUE
"PATRNH","10",41915601,88653600,"GAIN",87862638,87971930,109293,TRUE
"PATGZA","10",51454601,89180700,"GAIN",87862638,87971930,109293,TRUE
"PATCKV","10",87797401,87969000,"GAIN",87862638,87969000,106363,FALSE
"PATCKV","10",87969001,117264400,"GAIN",87969001,87971930,2930,FALSE
"PASYKJ","10",76501601,112352400,"GAIN",87862638,87971930,109293,TRUE
"PASKSY","10",49802701,105295500,"GAIN",87862638,87971930,109293,TRUE
"PASGRU","10",51454601,87883000,"GAIN",87862638,87883000,20363,FALSE
"PASGRU","10",87883001,87888600,"GAIN",87883001,87888600,5600,FALSE
"PASGRU","10",87888601,112352300,"GAIN",87888601,87971930,83330,FALSE
"PARRWT","10",76502501,133787300,"GAIN",87862638,87971930,109293,TRUE
"PARNPX","10",82370601,98926100,"GAIN",87862638,87971930,109293,TRUE
"PARHEL","10",76503301,106270600,"GAIN",87862638,87971930,109293,TRUE
"PARDFP","10",80755301,133787300,"GAIN",87862638,87971930,109293,TRUE
"PATTWG","10",73622601,109286900,"GAIN",87862638,87971930,109293,TRUE
